-- -- -- =============================================
-- -- -- 1. USERS (Without Passwords)
-- -- -- =============================================
-- -- INSERT INTO USERS (ID, USERNAME, DISPLAY_NAME, EMAIL, PROFILE_URL, ACCOUNT_STATUS, CREATED_TIMESTAMP, UPDATED_TIMESTAMP) VALUES ('a1a1a1a1-a1a1-a1a1-a1a1-a1a1a1a1a1a1', 'alice', 'Alice', 'alice@example.com', 'https://i.pravatar.cc/150?u=alice', 'ACTIVE', '2025-09-19T10:00:00Z', '2025-09-19T10:00:00Z');
-- -- INSERT INTO USERS (ID, USERNAME, DISPLAY_NAME, EMAIL, PROFILE_URL, ACCOUNT_STATUS, CREATED_TIMESTAMP, UPDATED_TIMESTAMP) VALUES ('b2b2b2b2-b2b2-b2b2-b2b2-b2b2b2b2b2b2', 'bob', 'Bob', 'bob@example.com', 'https://i.pravatar.cc/150?u=bob', 'ACTIVE', '2025-09-19T10:05:00Z', '2025-09-19T10:05:00Z');
-- -- INSERT INTO USERS (ID, USERNAME, DISPLAY_NAME, EMAIL, PROFILE_URL, ACCOUNT_STATUS, CREATED_TIMESTAMP, UPDATED_TIMESTAMP) VALUES ('c3c3c3c3-c3c3-c3c3-c3c3-c3c3c3c3c3c3', 'charlie', 'Charlie', 'charlie@example.com', 'https://i.pravatar.cc/150?u=charlie', 'ACTIVE', '2025-09-19T10:10:00Z', '2025-09-19T10:10:00Z');

-- -- -- =============================================
-- -- -- 2. CHANNELS
-- -- -- =============================================
-- -- INSERT INTO CHANNELS (ID, NAME, DESCRIPTION, IS_PUBLIC, CREATED_BY, CREATED_AT) VALUES ('1c1c1c1c-1c1c-1c1c-1c1c-1c1c1c1c1c1c', 'general', 'General discussion for everyone.', TRUE, 'a1a1a1a1-a1a1-a1a1-a1a1-a1a1a1a1a1a1', '2025-09-19T11:00:00Z');
-- -- INSERT INTO CHANNELS (ID, NAME, DESCRIPTION, IS_PUBLIC, CREATED_BY, CREATED_AT) VALUES ('2c2c2c2c-2c2c-2c2c-2c2c-2c2c2c2c2c2c', 'dev-team', 'Private channel for the dev team.', FALSE, 'b2b2b2b2-b2b2-b2b2-b2b2-b2b2b2b2b2b2', '2025-09-19T11:05:00Z');

-- -- -- =============================================
-- -- -- 3. CHANNEL_MEMBERS
-- -- -- =============================================
-- -- INSERT INTO CHANNEL_MEMBERS (ID, CHANNEL_ID, USER_ID, ROLE, JOINED_AT) VALUES ('33333333-3333-3333-3333-333333333333', '1c1c1c1c-1c1c-1c1c-1c1c-1c1c1c1c1c1c', 'a1a1a1a1-a1a1-a1a1-a1a1-a1a1a1a1a1a1', 'ADMIN', '2025-09-19T11:00:00Z');
-- -- INSERT INTO CHANNEL_MEMBERS (ID, CHANNEL_ID, USER_ID, ROLE, JOINED_AT) VALUES ('44444444-4444-4444-4444-444444444444', '1c1c1c1c-1c1c-1c1c-1c1c-1c1c1c1c1c1c', 'b2b2b2b2-b2b2-b2b2-b2b2-b2b2b2b2b2b2', 'MEMBER', '2025-09-19T11:01:00Z');
-- -- INSERT INTO CHANNEL_MEMBERS (ID, CHANNEL_ID, USER_ID, ROLE, JOINED_AT) VALUES ('55555555-5555-5555-5555-555555555555', '1c1c1c1c-1c1c-1c1c-1c1c-1c1c1c1c1c1c', 'c3c3c3c3-c3c3-c3c3-c3c3-c3c3c3c3c3c3', 'MEMBER', '2025-09-19T11:02:00Z');
-- -- INSERT INTO CHANNEL_MEMBERS (ID, CHANNEL_ID, USER_ID, ROLE, JOINED_AT) VALUES ('66666666-6666-6666-6666-666666666666', '2c2c2c2c-2c2c-2c2c-2c2c-2c2c2c2c2c2c', 'b2b2b2b2-b2b2-b2b2-b2b2-b2b2b2b2b2b2', 'ADMIN', '2025-09-19T11:05:00Z');
-- -- INSERT INTO CHANNEL_MEMBERS (ID, CHANNEL_ID, USER_ID, ROLE, JOINED_AT) VALUES ('77777777-7777-7777-7777-777777777777', '2c2c2c2c-2c2c-2c2c-2c2c-2c2c2c2c2c2c', 'a1a1a1a1-a1a1-a1a1-a1a1-a1a1a1a1a1a1', 'MEMBER', '2025-09-19T11:06:00Z');

-- -- -- =============================================
-- -- -- 4. DIRECT_CONVERSATION
-- -- -- =============================================
-- -- INSERT INTO DIRECT_CONVERSATION (ID, IS_GROUP, TITLE, CREATED_BY_USER_ID, CREATED_AT, UPDATED_AT) VALUES ('d1d1d1d1-d1d1-d1d1-d1d1-d1d1d1d1d1d1', FALSE, NULL, 'a1a1a1a1-a1a1-a1a1-a1a1-a1a1a1a1a1a1', '2025-09-19T12:00:00Z', '2025-09-19T12:00:00Z');
-- -- INSERT INTO DIRECT_CONVERSATION (ID, IS_GROUP, TITLE, CREATED_BY_USER_ID, CREATED_AT, UPDATED_AT) VALUES ('d2d2d2d2-d2d2-d2d2-d2d2-d2d2d2d2d2d2', TRUE, 'Project Phoenix Planning', 'c3c3c3c3-c3c3-c3c3-c3c3-c3c3c3c3c3c3', '2025-09-19T12:05:00Z', '2025-09-19T12:05:00Z');

-- -- -- =============================================
-- -- -- 5. DIRECT_PARTICIPANT
-- -- -- =============================================
-- -- INSERT INTO DIRECT_PARTICIPANT (ID, DIRECT_CONVERSATION_ID, USER_ID, IS_ADMIN, JOINED_AT, NOTIFY_LEVEL) VALUES ('d7d7d7d7-1111-1111-1111-111111111111', 'd1d1d1d1-d1d1-d1d1-d1d1-d1d1d1d1d1d1', 'a1a1a1a1-a1a1-a1a1-a1a1-a1a1a1a1a1a1', TRUE, '2025-09-19T12:00:00Z', 'ALL');
-- -- INSERT INTO DIRECT_PARTICIPANT (ID, DIRECT_CONVERSATION_ID, USER_ID, IS_ADMIN, JOINED_AT, NOTIFY_LEVEL) VALUES ('d7d7d7d7-2222-2222-2222-222222222222', 'd1d1d1d1-d1d1-d1d1-d1d1-d1d1d1d1d1d1', 'b2b2b2b2-b2b2-b2b2-b2b2-b2b2b2b2b2b2', FALSE, '2025-09-19T12:00:00Z', 'ALL');
-- -- INSERT INTO DIRECT_PARTICIPANT (ID, DIRECT_CONVERSATION_ID, USER_ID, IS_ADMIN, JOINED_AT, NOTIFY_LEVEL) VALUES ('d7d7d7d7-3333-3333-3333-333333333333', 'd2d2d2d2-d2d2-d2d2-d2d2-d2d2d2d2d2d2', 'c3c3c3c3-c3c3-c3c3-c3c3-c3c3c3c3c3c3', TRUE, '2025-09-19T12:05:00Z', 'ALL');
-- -- INSERT INTO DIRECT_PARTICIPANT (ID, DIRECT_CONVERSATION_ID, USER_ID, IS_ADMIN, JOINED_AT, NOTIFY_LEVEL) VALUES ('d7d7d7d7-4444-4444-4444-444444444444', 'd2d2d2d2-d2d2-d2d2-d2d2-d2d2d2d2d2d2', 'a1a1a1a1-a1a1-a1a1-a1a1-a1a1a1a1a1a1', FALSE, '2025-09-19T12:05:00Z', 'MENTIONS_ONLY');
-- -- INSERT INTO DIRECT_PARTICIPANT (ID, DIRECT_CONVERSATION_ID, USER_ID, IS_ADMIN, JOINED_AT, NOTIFY_LEVEL) VALUES ('d7d7d7d7-5555-5555-5555-555555555555', 'd2d2d2d2-d2d2-d2d2-d2d2-d2d2d2d2d2d2', 'b2b2b2b2-b2b2-b2b2-b2b2-b2b2b2b2b2b2', FALSE, '2025-09-19T12:05:00Z', 'NONE');

-- -- -- =============================================
-- -- -- 6. MESSAGE
-- -- -- =============================================
-- -- INSERT INTO MESSAGE (ID, CONTENT, CONTENT_TYPE, SENDER_USER_ID, CHANNEL_ID, DIRECT_CONVERSATION_ID, CREATED_AT, DELETED) VALUES ('e1e1e1e1-e1e1-e1e1-e1e1-e1e1e1e1e1e1', 'Hello everyone! Welcome to the general channel.', 'TEXT', 'a1a1a1a1-a1a1-a1a1-a1a1-a1a1a1a1a1a1', '1c1c1c1c-1c1c-1c1c-1c1c-1c1c1c1c1c1c', NULL, '2025-09-19T13:00:00Z', FALSE);
-- -- INSERT INTO MESSAGE (ID, CONTENT, CONTENT_TYPE, SENDER_USER_ID, CHANNEL_ID, DIRECT_CONVERSATION_ID, CREATED_AT, DELETED) VALUES ('e2e2e2e2-e2e2-e2e2-e2e2-e2e2e2e2e2e2', 'Hey Alice! Glad to be here.', 'TEXT', 'b2b2b2b2-b2b2-b2b2-b2b2-b2b2b2b2b2b2', '1c1c1c1c-1c1c-1c1c-1c1c-1c1c1c1c1c1c', NULL, '2025-09-19T13:02:00Z', FALSE);
-- -- INSERT INTO MESSAGE (ID, CONTENT, CONTENT_TYPE, SENDER_USER_ID, CHANNEL_ID, DIRECT_CONVERSATION_ID, CREATED_AT, DELETED) VALUES ('e3e3e3e3-e3e3-e3e3-e3e3-e3e3e3e3e3e3', 'Hey Bob, do you have those reports ready?', 'TEXT', 'a1a1a1a1-a1a1-a1a1-a1a1-a1a1a1a1a1a1', NULL, 'd1d1d1d1-d1d1-d1d1-d1d1-d1d1d1d1d1d1', '2025-09-19T13:05:00Z', FALSE);
-- -- INSERT INTO MESSAGE (ID, CONTENT, CONTENT_TYPE, SENDER_USER_ID, CHANNEL_ID, DIRECT_CONVERSATION_ID, CREATED_AT, DELETED) VALUES ('e4e4e4e4-e4e4-e4e4-e4e4-e4e4e4e4e4e4', 'Morning dev team! Let''s sync up at 10 AM.', 'TEXT', 'a1a1a1a1-a1a1-a1a1-a1a1-a1a1a1a1a1a1', '2c2c2c2c-2c2c-2c2c-2c2c-2c2c2c2c2c2c', NULL, '2025-09-19T13:10:00Z', FALSE);

-- -- -- =============================================
-- -- -- 7. NOTIFICATION
-- -- -- =============================================
-- -- INSERT INTO NOTIFICATION (ID, RECIPIENT_USER_ID, ACTOR_USER_ID, DIRECT_CONVERSATION_ID, CHANNEL_ID, MESSAGE_ID, TYPE, STATUS, TEXT, CREATED_AT, READ_AT) VALUES ('f1f1f1f1-f1f1-f1f1-f1f1-f1f1f1f1f1f1', 'b2b2b2b2-b2b2-b2b2-b2b2-b2b2b2b2b2b2', 'a1a1a1a1-a1a1-a1a1-a1a1-a1a1a1a1a1a1', NULL, '1c1c1c1c-1c1c-1c1c-1c1c-1c1c1c1c1c1c', 'e1e1e1e1-e1e1-e1e1-e1e1-e1e1e1e1e1e1', 'MESSAGE', 'UNREAD', 'Alice posted in #general', '2025-09-19T13:00:00Z', NULL);
-- -- INSERT INTO NOTIFICATION (ID, RECIPIENT_USER_ID, ACTOR_USER_ID, DIRECT_CONVERSATION_ID, CHANNEL_ID, MESSAGE_ID, TYPE, STATUS, TEXT, CREATED_AT, READ_AT) VALUES ('f2f2f2f2-f2f2-f2f2-f2f2-f2f2f2f2f2f2', 'b2b2b2b2-b2b2-b2b2-b2b2-b2b2b2b2b2b2', 'a1a1a1a1-a1a1-a1a1-a1a1-a1a1a1a1a1a1', 'd1d1d1d1-d1d1-d1d1-d1d1-d1d1d1d1d1d1', NULL, 'e3e3e3e3-e3e3-e3e3-e3e3-e3e3e3e3e3e3', 'MESSAGE', 'READ', 'You have a new direct message from Alice', '2025-09-19T13:05:00Z', '2025-09-19T14:00:00Z');

-- -- -- =============================================
-- -- -- 8. KANBAN_BOARD
-- -- -- =============================================
-- -- INSERT INTO KANBAN_BOARD (ID, NAME, DESCRIPTION, OWNER_ID, CREATED_AT, UPDATED_AT) VALUES ('b1b1b1b1-b1b1-b1b1-b1b1-b1b1b1b1b1b1', 'Frontend Sprint 3', 'Tasks for the upcoming frontend release.', 'a1a1a1a1-a1a1-a1a1-a1a1-a1a1a1a1a1a1', '2025-09-19T14:00:00Z', '2025-09-19T14:00:00Z');

-- -- -- =============================================
-- -- -- 9. BOARD_COLUMN
-- -- -- =============================================
-- -- INSERT INTO BOARD_COLUMN (ID, BOARD_ID, POSITION_ORDER, NAME, CREATED_AT, UPDATED_AT) VALUES ('c01c01c0-c01c-c01c-c01c-c01c01c01c01', 'b1b1b1b1-b1b1-b1b1-b1b1-b1b1b1b1b1b1', 0, 'To Do', '2025-09-19T14:01:00Z', '2025-09-19T14:01:00Z');
-- -- INSERT INTO BOARD_COLUMN (ID, BOARD_ID, POSITION_ORDER, NAME, CREATED_AT, UPDATED_AT) VALUES ('c02c02c0-c02c-c02c-c02c-c02c02c02c02', 'b1b1b1b1-b1b1-b1b1-b1b1-b1b1b1b1b1b1', 1, 'In Progress', '2025-09-19T14:02:00Z', '2025-09-19T14:02:00Z');
-- -- INSERT INTO BOARD_COLUMN (ID, BOARD_ID, POSITION_ORDER, NAME, CREATED_AT, UPDATED_AT) VALUES ('c03c03c0-c03c-c03c-c03c-c03c03c03c03', 'b1b1b1b1-b1b1-b1b1-b1b1-b1b1b1b1b1b1', 2, 'Done', '2025-09-19T14:03:00Z', '2025-09-19T14:03:00Z');

-- -- -- =============================================
-- -- -- 10. CARD_PRIORITY
-- -- -- =============================================
-- -- INSERT INTO CARD_PRIORITY (ID, PRIORITY_KEY, LABEL, SORT_ORDER, COLOR_HEX) VALUES ('b1f3b3d8-3f5b-4b1d-8b01-2b00b0e35798', 'HIGH', 'High', 0, '#ef4444');
-- -- INSERT INTO CARD_PRIORITY (ID, PRIORITY_KEY, LABEL, SORT_ORDER, COLOR_HEX) VALUES ('1f0f4b3e-5b1a-4b9e-9b62-1b1a7d6e6d1b', 'MEDIUM', 'Medium', 1, '#f59e0b');
-- -- INSERT INTO CARD_PRIORITY (ID, PRIORITY_KEY, LABEL, SORT_ORDER, COLOR_HEX) VALUES ('a2e0c1b0-9b3e-4b8d-8f2c-5b0c9e2d3b2a', 'LOW', 'Low', 2, '#10b981');

-- -- -- =============================================
-- -- -- 11. CARD
-- -- -- =============================================
-- -- INSERT INTO CARD (ID, COLUMN_ID, PRIORITY_ID, TITLE, DESCRIPTION, POSITION_ORDER, CREATED_BY, ARCHIVED, CREATED_AT, UPDATED_AT) VALUES ('ca1da1da-ca1d-ca1d-ca1d-ca1da1da1da1', 'c01c01c0-c01c-c01c-c01c-c01c01c01c01', 'b1f3b3d8-3f5b-4b1d-8b01-2b00b0e35798', 'Implement Login Page UI', 'Create the main login form.', 0, 'a1a1a1a1-a1a1-a1a1-a1a1-a1a1a1a1a1a1', FALSE, '2025-09-19T14:10:00Z', '2025-09-19T14:10:00Z');
-- -- INSERT INTO CARD (ID, COLUMN_ID, PRIORITY_ID, TITLE, DESCRIPTION, POSITION_ORDER, CREATED_BY, ARCHIVED, CREATED_AT, UPDATED_AT) VALUES ('ca2da2da-ca2d-ca2d-ca2d-ca2da2da2da2', 'c02c02c0-c02c-c02c-c02c-c02c02c02c02', '1f0f4b3e-5b1a-4b9e-9b62-1b1a7d6e6d1b', 'Set up WebSocket connection', 'Configure the STOMP client.', 0, 'b2b2b2b2-b2b2-b2b2-b2b2-b2b2b2b2b2b2', FALSE, '2025-09-19T14:11:00Z', '2025-09-19T14:11:00Z');
-- -- INSERT INTO CARD (ID, COLUMN_ID, PRIORITY_ID, TITLE, DESCRIPTION, POSITION_ORDER, CREATED_BY, ARCHIVED, CREATED_AT, UPDATED_AT) VALUES ('ca3da3da-ca3d-ca3d-ca3d-ca3da3da3da3', 'c03c03c0-c03c-c03c-c03c-c03c03c03c03', 'a2e0c1b0-9b3e-4b8d-8f2c-5b0c9e2d3b2a', 'Design Database Schema', 'Initial design is complete.', 0, 'a1a1a1a1-a1a1-a1a1-a1a1-a1a1a1a1a1a1', FALSE, '2025-09-19T14:12:00Z', '2025-09-19T14:12:00Z');

-- -- -- =============================================
-- -- -- 12. CARD_ASSIGNMENT
-- -- -- =============================================
-- -- INSERT INTO CARD_ASSIGNMENT (ID, CARD_ID, ASSIGNEE_ID, ASSIGNED_AT) VALUES ('a5a5a5a5-a5a5-a5a5-a5a5-a5a5a5a5a5a5', 'ca1da1da-ca1d-ca1d-ca1d-ca1da1da1da1', 'c3c3c3c3-c3c3-c3c3-c3c3-c3c3c3c3c3c3', '2025-09-19T14:15:00Z');
-- -- INSERT INTO CARD_ASSIGNMENT (ID, CARD_ID, ASSIGNEE_ID, ASSIGNED_AT) VALUES ('b5b5b5b5-b5b5-b5b5-b5b5-b5b5b5b5b5b5', 'ca2da2da-ca2d-ca2d-ca2d-ca2da2da2da2', 'b2b2b2b2-b2b2-b2b2-b2b2-b2b2b2b2b2b2', '2025-09-19T14:16:00Z');

-- -- -- =============================================
-- -- -- 13. CANVASES
-- -- -- =============================================
-- -- INSERT INTO CANVASES (ID, TITLE, CHANNEL_ID, BOARD_ID, ZOOM, PANX, PANY, CREATED_BY_USER_ID, CREATED_TIMESTAMP, UPDATED_TIMESTAMP) VALUES ('ca4bfa5b-ca4b-ca4b-ca4b-ca4bfa5bca4b', 'API Architecture Diagram', '2c2c2c2c-2c2c-2c2c-2c2c-2c2c2c2c2c2c', 'b1b1b1b1-b1b1-b1b1-b1b1-b1b1b1b1b1b1', 1.0, 0.0, 0.0, 'a1a1a1a1-a1a1-a1a1-a1a1-a1a1a1a1a1a1', '2025-09-19T15:00:00Z', '2025-09-19T15:00:00Z');

-- -- -- =============================================
-- -- -- 14. NODES (Fixed with proper UUIDs)
-- -- -- =============================================
-- -- INSERT INTO NODES (ID, CANVAS_ID, KIND, X, Y, WIDTH, HEIGHT, TEXT, CREATED_TIMESTAMP, UPDATED_TIMESTAMP) VALUES ('11111111-1111-1111-1111-111111111111', 'ca4bfa5b-ca4b-ca4b-ca4b-ca4bfa5bca4b', 'TEXT', 100.0, 100.0, 200.0, 50.0, 'User Service', '2025-09-19T15:01:00Z', '2025-09-19T15:01:00Z');
-- -- INSERT INTO NODES (ID, CANVAS_ID, KIND, X, Y, WIDTH, HEIGHT, TEXT, CREATED_TIMESTAMP, UPDATED_TIMESTAMP) VALUES ('22222222-2222-2222-2222-222222222222', 'ca4bfa5b-ca4b-ca4b-ca4b-ca4bfa5bca4b', 'SHAPE', 400.0, 100.0, 200.0, 50.0, 'Database', '2025-09-19T15:02:00Z', '2025-09-19T15:02:00Z');

-- -- -- =============================================
-- -- -- 15. EDGES (Updated to match new node UUIDs)
-- -- -- =============================================
-- -- INSERT INTO EDGES (ID, CANVAS_ID, SOURCE_NODE_ID, TARGET_NODE_ID, KIND, LABEL, CREATED_TIMESTAMP, UPDATED_TIMESTAMP) VALUES ('ed9e1111-ed9e-1111-1111-ed9e11111111', 'ca4bfa5b-ca4b-ca4b-ca4b-ca4bfa5bca4b', '11111111-1111-1111-1111-111111111111', '22222222-2222-2222-2222-222222222222', 'DIRECTIONAL', 'reads/writes to', '2025-09-19T15:03:00Z', '2025-09-19T15:03:00Z');


-- -- Fixed seed data with unique channel names
-- -- Generated 2025-09-19T16:51:56.492860Z

-- INSERT INTO USERS (ID, USERNAME, DISPLAY_NAME, EMAIL, PROFILE_URL, ACCOUNT_STATUS, CREATED_TIMESTAMP, UPDATED_TIMESTAMP) VALUES ('c6e06622-5b74-40d3-9333-1d54cefa6846', 'alice1', 'Alice', 'alice1@example.com', 'https://i.pravatar.cc/150?u=alice1', 'ACTIVE', '2025-09-19T10:00:00Z', '2025-09-19T10:00:00Z');
-- INSERT INTO USERS (ID, USERNAME, DISPLAY_NAME, EMAIL, PROFILE_URL, ACCOUNT_STATUS, CREATED_TIMESTAMP, UPDATED_TIMESTAMP) VALUES ('cca6c986-1c75-4bfc-a91b-b2835b28190f', 'bob2', 'Bob', 'bob2@example.com', 'https://i.pravatar.cc/150?u=bob2', 'ACTIVE', '2025-09-19T10:01:00Z', '2025-09-19T10:01:00Z');
-- INSERT INTO USERS (ID, USERNAME, DISPLAY_NAME, EMAIL, PROFILE_URL, ACCOUNT_STATUS, CREATED_TIMESTAMP, UPDATED_TIMESTAMP) VALUES ('f655089e-796b-4c37-852e-ac8e05de7649', 'charlie3', 'Charlie', 'charlie3@example.com', 'https://i.pravatar.cc/150?u=charlie3', 'ACTIVE', '2025-09-19T10:02:00Z', '2025-09-19T10:02:00Z');
-- INSERT INTO USERS (ID, USERNAME, DISPLAY_NAME, EMAIL, PROFILE_URL, ACCOUNT_STATUS, CREATED_TIMESTAMP, UPDATED_TIMESTAMP) VALUES ('c4b984ad-f282-445d-9f0a-cb83b121795c', 'dave4', 'Dave', 'dave4@example.com', 'https://i.pravatar.cc/150?u=dave4', 'ACTIVE', '2025-09-19T10:03:00Z', '2025-09-19T10:03:00Z');
-- INSERT INTO USERS (ID, USERNAME, DISPLAY_NAME, EMAIL, PROFILE_URL, ACCOUNT_STATUS, CREATED_TIMESTAMP, UPDATED_TIMESTAMP) VALUES ('44f90b5a-04a6-43f0-a4a1-8e5147ed4095', 'emily5', 'Emily', 'emily5@example.com', 'https://i.pravatar.cc/150?u=emily5', 'ACTIVE', '2025-09-19T10:04:00Z', '2025-09-19T10:04:00Z');
-- INSERT INTO USERS (ID, USERNAME, DISPLAY_NAME, EMAIL, PROFILE_URL, ACCOUNT_STATUS, CREATED_TIMESTAMP, UPDATED_TIMESTAMP) VALUES ('c5c0b469-20b8-453b-9740-dc398257d567', 'frank6', 'Frank', 'frank6@example.com', 'https://i.pravatar.cc/150?u=frank6', 'ACTIVE', '2025-09-19T10:05:00Z', '2025-09-19T10:05:00Z');
-- INSERT INTO USERS (ID, USERNAME, DISPLAY_NAME, EMAIL, PROFILE_URL, ACCOUNT_STATUS, CREATED_TIMESTAMP, UPDATED_TIMESTAMP) VALUES ('76b42678-1324-4c0a-b3c2-4faf5543bf5a', 'grace7', 'Grace', 'grace7@example.com', 'https://i.pravatar.cc/150?u=grace7', 'ACTIVE', '2025-09-19T10:06:00Z', '2025-09-19T10:06:00Z');
-- INSERT INTO USERS (ID, USERNAME, DISPLAY_NAME, EMAIL, PROFILE_URL, ACCOUNT_STATUS, CREATED_TIMESTAMP, UPDATED_TIMESTAMP) VALUES ('823504e6-70c0-42d9-9bd3-aeb1182cbf26', 'henry8', 'Henry', 'henry8@example.com', 'https://i.pravatar.cc/150?u=henry8', 'ACTIVE', '2025-09-19T10:07:00Z', '2025-09-19T10:07:00Z');
-- INSERT INTO USERS (ID, USERNAME, DISPLAY_NAME, EMAIL, PROFILE_URL, ACCOUNT_STATUS, CREATED_TIMESTAMP, UPDATED_TIMESTAMP) VALUES ('b0f6e83a-f898-4f41-9f1a-f3a4a17095be', 'isabel9', 'Isabel', 'isabel9@example.com', 'https://i.pravatar.cc/150?u=isabel9', 'ACTIVE', '2025-09-19T10:08:00Z', '2025-09-19T10:08:00Z');
-- INSERT INTO USERS (ID, USERNAME, DISPLAY_NAME, EMAIL, PROFILE_URL, ACCOUNT_STATUS, CREATED_TIMESTAMP, UPDATED_TIMESTAMP) VALUES ('0dfbd74c-4e6f-4f54-bd6b-b95305d22a0a', 'jack10', 'Jack', 'jack10@example.com', 'https://i.pravatar.cc/150?u=jack10', 'ACTIVE', '2025-09-19T10:09:00Z', '2025-09-19T10:09:00Z');
-- INSERT INTO USERS (ID, USERNAME, DISPLAY_NAME, EMAIL, PROFILE_URL, ACCOUNT_STATUS, CREATED_TIMESTAMP, UPDATED_TIMESTAMP) VALUES ('47ee2352-787e-4c24-882c-94c962f4b1e1', 'karen11', 'Karen', 'karen11@example.com', 'https://i.pravatar.cc/150?u=karen11', 'ACTIVE', '2025-09-19T10:10:00Z', '2025-09-19T10:10:00Z');
-- INSERT INTO USERS (ID, USERNAME, DISPLAY_NAME, EMAIL, PROFILE_URL, ACCOUNT_STATUS, CREATED_TIMESTAMP, UPDATED_TIMESTAMP) VALUES ('de40e6fa-13ad-42a4-a2c5-2e4e1469aa60', 'liam12', 'Liam', 'liam12@example.com', 'https://i.pravatar.cc/150?u=liam12', 'ACTIVE', '2025-09-19T10:11:00Z', '2025-09-19T10:11:00Z');
-- INSERT INTO USERS (ID, USERNAME, DISPLAY_NAME, EMAIL, PROFILE_URL, ACCOUNT_STATUS, CREATED_TIMESTAMP, UPDATED_TIMESTAMP) VALUES ('454b4808-719e-46c4-aa9d-e7cf013f1adf', 'maya13', 'Maya', 'maya13@example.com', 'https://i.pravatar.cc/150?u=maya13', 'ACTIVE', '2025-09-19T10:12:00Z', '2025-09-19T10:12:00Z');
-- INSERT INTO USERS (ID, USERNAME, DISPLAY_NAME, EMAIL, PROFILE_URL, ACCOUNT_STATUS, CREATED_TIMESTAMP, UPDATED_TIMESTAMP) VALUES ('cf869f21-163a-4c5f-8ec8-8a3841b41ff4', 'nathan14', 'Nathan', 'nathan14@example.com', 'https://i.pravatar.cc/150?u=nathan14', 'ACTIVE', '2025-09-19T10:13:00Z', '2025-09-19T10:13:00Z');
-- INSERT INTO USERS (ID, USERNAME, DISPLAY_NAME, EMAIL, PROFILE_URL, ACCOUNT_STATUS, CREATED_TIMESTAMP, UPDATED_TIMESTAMP) VALUES ('3fc5eb3f-bccc-42cd-b3fc-b09b72d068a9', 'olivia15', 'Olivia', 'olivia15@example.com', 'https://i.pravatar.cc/150?u=olivia15', 'ACTIVE', '2025-09-19T10:14:00Z', '2025-09-19T10:14:00Z');
-- INSERT INTO USERS (ID, USERNAME, DISPLAY_NAME, EMAIL, PROFILE_URL, ACCOUNT_STATUS, CREATED_TIMESTAMP, UPDATED_TIMESTAMP) VALUES ('8f1cfd3f-c558-4153-a980-408082fb1a45', 'paul16', 'Paul', 'paul16@example.com', 'https://i.pravatar.cc/150?u=paul16', 'ACTIVE', '2025-09-19T10:15:00Z', '2025-09-19T10:15:00Z');
-- INSERT INTO USERS (ID, USERNAME, DISPLAY_NAME, EMAIL, PROFILE_URL, ACCOUNT_STATUS, CREATED_TIMESTAMP, UPDATED_TIMESTAMP) VALUES ('46bdf558-8628-4174-9609-116858e46f8d', 'quinn17', 'Quinn', 'quinn17@example.com', 'https://i.pravatar.cc/150?u=quinn17', 'ACTIVE', '2025-09-19T10:16:00Z', '2025-09-19T10:16:00Z');
-- INSERT INTO USERS (ID, USERNAME, DISPLAY_NAME, EMAIL, PROFILE_URL, ACCOUNT_STATUS, CREATED_TIMESTAMP, UPDATED_TIMESTAMP) VALUES ('b8b89a9f-af2c-4060-bdc7-25cf110aae87', 'ravi18', 'Ravi', 'ravi18@example.com', 'https://i.pravatar.cc/150?u=ravi18', 'ACTIVE', '2025-09-19T10:17:00Z', '2025-09-19T10:17:00Z');
-- INSERT INTO USERS (ID, USERNAME, DISPLAY_NAME, EMAIL, PROFILE_URL, ACCOUNT_STATUS, CREATED_TIMESTAMP, UPDATED_TIMESTAMP) VALUES ('d236d842-4dee-4fb0-95ae-e4e1e139bbca', 'sara19', 'Sara', 'sara19@example.com', 'https://i.pravatar.cc/150?u=sara19', 'ACTIVE', '2025-09-19T10:18:00Z', '2025-09-19T10:18:00Z');
-- INSERT INTO USERS (ID, USERNAME, DISPLAY_NAME, EMAIL, PROFILE_URL, ACCOUNT_STATUS, CREATED_TIMESTAMP, UPDATED_TIMESTAMP) VALUES ('8c89450e-998a-44c0-9683-e04ba5f229b4', 'tom20', 'Tom', 'tom20@example.com', 'https://i.pravatar.cc/150?u=tom20', 'ACTIVE', '2025-09-19T10:19:00Z', '2025-09-19T10:19:00Z');
-- INSERT INTO USERS (ID, USERNAME, DISPLAY_NAME, EMAIL, PROFILE_URL, ACCOUNT_STATUS, CREATED_TIMESTAMP, UPDATED_TIMESTAMP) VALUES ('40106d51-51a2-4198-8da1-39d1b8a20da2', 'uma21', 'Uma', 'uma21@example.com', 'https://i.pravatar.cc/150?u=uma21', 'ACTIVE', '2025-09-19T10:20:00Z', '2025-09-19T10:20:00Z');
-- INSERT INTO USERS (ID, USERNAME, DISPLAY_NAME, EMAIL, PROFILE_URL, ACCOUNT_STATUS, CREATED_TIMESTAMP, UPDATED_TIMESTAMP) VALUES ('fe39ad73-8dd2-49fb-99b8-54c35e928bfd', 'victor22', 'Victor', 'victor22@example.com', 'https://i.pravatar.cc/150?u=victor22', 'ACTIVE', '2025-09-19T10:21:00Z', '2025-09-19T10:21:00Z');
-- INSERT INTO USERS (ID, USERNAME, DISPLAY_NAME, EMAIL, PROFILE_URL, ACCOUNT_STATUS, CREATED_TIMESTAMP, UPDATED_TIMESTAMP) VALUES ('68aa5609-d104-41c7-b7b7-a43c4e7863a2', 'wendy23', 'Wendy', 'wendy23@example.com', 'https://i.pravatar.cc/150?u=wendy23', 'ACTIVE', '2025-09-19T10:22:00Z', '2025-09-19T10:22:00Z');
-- INSERT INTO USERS (ID, USERNAME, DISPLAY_NAME, EMAIL, PROFILE_URL, ACCOUNT_STATUS, CREATED_TIMESTAMP, UPDATED_TIMESTAMP) VALUES ('46d7f304-4b15-48c8-93df-26db81861596', 'xavier24', 'Xavier', 'xavier24@example.com', 'https://i.pravatar.cc/150?u=xavier24', 'ACTIVE', '2025-09-19T10:23:00Z', '2025-09-19T10:23:00Z');
-- INSERT INTO USERS (ID, USERNAME, DISPLAY_NAME, EMAIL, PROFILE_URL, ACCOUNT_STATUS, CREATED_TIMESTAMP, UPDATED_TIMESTAMP) VALUES ('1eefb0c8-3f57-40e4-af5c-b7961356d8d7', 'yara25', 'Yara', 'yara25@example.com', 'https://i.pravatar.cc/150?u=yara25', 'ACTIVE', '2025-09-19T10:24:00Z', '2025-09-19T10:24:00Z');
-- INSERT INTO USERS (ID, USERNAME, DISPLAY_NAME, EMAIL, PROFILE_URL, ACCOUNT_STATUS, CREATED_TIMESTAMP, UPDATED_TIMESTAMP) VALUES ('b5ff1129-847c-436f-947f-9677ef6e9295', 'zach26', 'Zach', 'zach26@example.com', 'https://i.pravatar.cc/150?u=zach26', 'ACTIVE', '2025-09-19T10:25:00Z', '2025-09-19T10:25:00Z');
-- INSERT INTO USERS (ID, USERNAME, DISPLAY_NAME, EMAIL, PROFILE_URL, ACCOUNT_STATUS, CREATED_TIMESTAMP, UPDATED_TIMESTAMP) VALUES ('91aca6c5-4c31-4977-87e1-d46478665c89', 'noah27', 'Noah', 'noah27@example.com', 'https://i.pravatar.cc/150?u=noah27', 'ACTIVE', '2025-09-19T10:26:00Z', '2025-09-19T10:26:00Z');
-- INSERT INTO USERS (ID, USERNAME, DISPLAY_NAME, EMAIL, PROFILE_URL, ACCOUNT_STATUS, CREATED_TIMESTAMP, UPDATED_TIMESTAMP) VALUES ('7ba43faf-2de0-4a36-aedc-12d14df517c0', 'ava28', 'Ava', 'ava28@example.com', 'https://i.pravatar.cc/150?u=ava28', 'ACTIVE', '2025-09-19T10:27:00Z', '2025-09-19T10:27:00Z');
-- INSERT INTO USERS (ID, USERNAME, DISPLAY_NAME, EMAIL, PROFILE_URL, ACCOUNT_STATUS, CREATED_TIMESTAMP, UPDATED_TIMESTAMP) VALUES ('49b65d51-1657-4cc9-be4c-bd2cf7fc2825', 'leo29', 'Leo', 'leo29@example.com', 'https://i.pravatar.cc/150?u=leo29', 'ACTIVE', '2025-09-19T10:28:00Z', '2025-09-19T10:28:00Z');
-- INSERT INTO USERS (ID, USERNAME, DISPLAY_NAME, EMAIL, PROFILE_URL, ACCOUNT_STATUS, CREATED_TIMESTAMP, UPDATED_TIMESTAMP) VALUES ('b3213146-27a9-4446-bac4-7cec7dbca749', 'mia30', 'Mia', 'mia30@example.com', 'https://i.pravatar.cc/150?u=mia30', 'ACTIVE', '2025-09-19T10:29:00Z', '2025-09-19T10:29:00Z');
-- INSERT INTO CHANNELS (ID, NAME, DESCRIPTION, IS_PUBLIC, CREATED_BY, CREATED_AT) VALUES ('34dfa35e-6752-4cc5-b29e-1f036bbae0df', 'dev-team-1', 'Private channel for dev-team.', FALSE, 'c4b984ad-f282-445d-9f0a-cb83b121795c', '2025-09-19T11:00:00Z');
-- INSERT INTO CHANNELS (ID, NAME, DESCRIPTION, IS_PUBLIC, CREATED_BY, CREATED_AT) VALUES ('378804ea-32a2-497f-b05d-8a80b8fb41fa', 'random-2', 'Public channel for random.', TRUE, '46d7f304-4b15-48c8-93df-26db81861596', '2025-09-19T11:05:00Z');
-- INSERT INTO CHANNELS (ID, NAME, DESCRIPTION, IS_PUBLIC, CREATED_BY, CREATED_AT) VALUES ('c28d0d21-3b7f-4d37-96ca-1ecb368b5220', 'product-3', 'Public channel for product.', TRUE, '823504e6-70c0-42d9-9bd3-aeb1182cbf26', '2025-09-19T11:10:00Z');
-- INSERT INTO CHANNELS (ID, NAME, DESCRIPTION, IS_PUBLIC, CREATED_BY, CREATED_AT) VALUES ('25488aaf-e1be-414b-84fe-e08f9ebb4c3d', 'frontend-4', 'Public channel for frontend.', TRUE, '44f90b5a-04a6-43f0-a4a1-8e5147ed4095', '2025-09-19T11:15:00Z');
-- INSERT INTO CHANNELS (ID, NAME, DESCRIPTION, IS_PUBLIC, CREATED_BY, CREATED_AT) VALUES ('c8408078-6f6f-4dd6-937b-ff4c87b1fda6', 'reliability-5', 'Private channel for reliability.', FALSE, 'c4b984ad-f282-445d-9f0a-cb83b121795c', '2025-09-19T11:20:00Z');
-- INSERT INTO CHANNELS (ID, NAME, DESCRIPTION, IS_PUBLIC, CREATED_BY, CREATED_AT) VALUES ('7780480d-82bf-4dc2-a69d-0042e73b5ef1', 'finance-6', 'Private channel for finance.', FALSE, '46d7f304-4b15-48c8-93df-26db81861596', '2025-09-19T11:25:00Z');
-- INSERT INTO CHANNELS (ID, NAME, DESCRIPTION, IS_PUBLIC, CREATED_BY, CREATED_AT) VALUES ('a22e398c-4b02-4971-a686-a8cb316fd18b', 'offer-review-7', 'Private channel for offer-review.', FALSE, 'f655089e-796b-4c37-852e-ac8e05de7649', '2025-09-19T11:30:00Z');
-- INSERT INTO CHANNELS (ID, NAME, DESCRIPTION, IS_PUBLIC, CREATED_BY, CREATED_AT) VALUES ('9d29b9e3-1967-4cd6-95f7-d6f78ced92de', 'security-audit-8', 'Private channel for security-audit.', FALSE, 'cf869f21-163a-4c5f-8ec8-8a3841b41ff4', '2025-09-19T11:35:00Z');
-- INSERT INTO CHANNELS (ID, NAME, DESCRIPTION, IS_PUBLIC, CREATED_BY, CREATED_AT) VALUES ('1d5498d3-2502-4c9f-b608-c9e964ac4863', 'data-science-9', 'Public channel for data-science.', TRUE, 'c6e06622-5b74-40d3-9333-1d54cefa6846', '2025-09-19T11:40:00Z');
-- INSERT INTO CHANNELS (ID, NAME, DESCRIPTION, IS_PUBLIC, CREATED_BY, CREATED_AT) VALUES ('52f8db65-372d-442a-ac45-86ceabc81cad', 'ml-research-10', 'Public channel for ml-research.', TRUE, '76b42678-1324-4c0a-b3c2-4faf5543bf5a', '2025-09-19T11:45:00Z');
-- INSERT INTO CHANNELS (ID, NAME, DESCRIPTION, IS_PUBLIC, CREATED_BY, CREATED_AT) VALUES ('febc7454-eb22-42db-88b2-87eef9ed139a', 'qa-11', 'Public channel for qa.', TRUE, '46bdf558-8628-4174-9609-116858e46f8d', '2025-09-19T11:50:00Z');
-- INSERT INTO CHANNELS (ID, NAME, DESCRIPTION, IS_PUBLIC, CREATED_BY, CREATED_AT) VALUES ('1301cf95-9bba-4cd2-9c6e-732714ef6f94', 'incident-response-12', 'Private channel for incident-response.', FALSE, 'c6e06622-5b74-40d3-9333-1d54cefa6846', '2025-09-19T11:55:00Z');
-- INSERT INTO CHANNELS (ID, NAME, DESCRIPTION, IS_PUBLIC, CREATED_BY, CREATED_AT) VALUES ('1fd3c0dd-7ccd-4480-80b9-167df954bc15', 'reliability-13', 'Private channel for reliability.', FALSE, '76b42678-1324-4c0a-b3c2-4faf5543bf5a', '2025-09-19T12:00:00Z');
-- INSERT INTO CHANNELS (ID, NAME, DESCRIPTION, IS_PUBLIC, CREATED_BY, CREATED_AT) VALUES ('ec6f7feb-306c-484c-83bb-24fcb6e18068', 'finance-14', 'Private channel for finance.', FALSE, '40106d51-51a2-4198-8da1-39d1b8a20da2', '2025-09-19T12:05:00Z');
-- INSERT INTO CHANNELS (ID, NAME, DESCRIPTION, IS_PUBLIC, CREATED_BY, CREATED_AT) VALUES ('aaf2dd12-87f6-49f2-913f-50703e8d0d2f', 'offer-review-15', 'Private channel for offer-review.', FALSE, 'b8b89a9f-af2c-4060-bdc7-25cf110aae87', '2025-09-19T12:10:00Z');
-- INSERT INTO CHANNELS (ID, NAME, DESCRIPTION, IS_PUBLIC, CREATED_BY, CREATED_AT) VALUES ('2d5981e0-a714-4e67-8402-9f66480d6b4a', 'support-16', 'Public channel for support.', TRUE, '823504e6-70c0-42d9-9bd3-aeb1182cbf26', '2025-09-19T12:15:00Z');
-- INSERT INTO CHANNELS (ID, NAME, DESCRIPTION, IS_PUBLIC, CREATED_BY, CREATED_AT) VALUES ('6996ef3c-3eba-421e-b46a-aea292eec45d', 'general-17', 'Public channel for general.', TRUE, 'd236d842-4dee-4fb0-95ae-e4e1e139bbca', '2025-09-19T12:20:00Z');
-- INSERT INTO CHANNELS (ID, NAME, DESCRIPTION, IS_PUBLIC, CREATED_BY, CREATED_AT) VALUES ('02b5b892-7cfa-48c9-97f5-b0d771bbb0c5', 'random-18', 'Public channel for random.', TRUE, 'b5ff1129-847c-436f-947f-9677ef6e9295', '2025-09-19T12:25:00Z');
-- INSERT INTO CHANNELS (ID, NAME, DESCRIPTION, IS_PUBLIC, CREATED_BY, CREATED_AT) VALUES ('ae38c4b1-33b9-4a55-bf4a-901b77702367', 'product-19', 'Public channel for product.', TRUE, '1eefb0c8-3f57-40e4-af5c-b7961356d8d7', '2025-09-19T12:30:00Z');
-- INSERT INTO CHANNELS (ID, NAME, DESCRIPTION, IS_PUBLIC, CREATED_BY, CREATED_AT) VALUES ('b267c49c-d1e2-4f18-81eb-88461cce8fc0', 'frontend-20', 'Public channel for frontend.', TRUE, '68aa5609-d104-41c7-b7b7-a43c4e7863a2', '2025-09-19T12:35:00Z');
-- INSERT INTO CHANNEL_MEMBERS (ID, CHANNEL_ID, USER_ID, ROLE, JOINED_AT) VALUES ('97311eec-4efe-4dea-877b-c95a13454a1b', '34dfa35e-6752-4cc5-b29e-1f036bbae0df', '47ee2352-787e-4c24-882c-94c962f4b1e1', 'MEMBER', '2025-09-19T12:17:00Z');
-- INSERT INTO CHANNEL_MEMBERS (ID, CHANNEL_ID, USER_ID, ROLE, JOINED_AT) VALUES ('f78d7ce2-12eb-42b6-914e-b9acf3afce90', '34dfa35e-6752-4cc5-b29e-1f036bbae0df', 'b0f6e83a-f898-4f41-9f1a-f3a4a17095be', 'MEMBER', '2025-09-19T11:33:00Z');
-- INSERT INTO CHANNEL_MEMBERS (ID, CHANNEL_ID, USER_ID, ROLE, JOINED_AT) VALUES ('1ed7ca9e-767e-4a0b-8733-1ebb3f2c53e0', '34dfa35e-6752-4cc5-b29e-1f036bbae0df', '44f90b5a-04a6-43f0-a4a1-8e5147ed4095', 'MEMBER', '2025-09-19T12:43:00Z');
-- INSERT INTO CHANNEL_MEMBERS (ID, CHANNEL_ID, USER_ID, ROLE, JOINED_AT) VALUES ('59282857-719a-4d74-9854-65f8fe0e3f7e', '34dfa35e-6752-4cc5-b29e-1f036bbae0df', '76b42678-1324-4c0a-b3c2-4faf5543bf5a', 'MEMBER', '2025-09-19T11:05:00Z');
-- INSERT INTO CHANNEL_MEMBERS (ID, CHANNEL_ID, USER_ID, ROLE, JOINED_AT) VALUES ('c70796f1-cfe1-459f-b53b-2389dc820484', '34dfa35e-6752-4cc5-b29e-1f036bbae0df', '1eefb0c8-3f57-40e4-af5c-b7961356d8d7', 'MEMBER', '2025-09-19T12:33:00Z');
-- INSERT INTO CHANNEL_MEMBERS (ID, CHANNEL_ID, USER_ID, ROLE, JOINED_AT) VALUES ('51b2ed15-99be-4dae-923d-bde3d3f1dabc', '34dfa35e-6752-4cc5-b29e-1f036bbae0df', 'b3213146-27a9-4446-bac4-7cec7dbca749', 'ADMIN', '2025-09-19T11:58:00Z');
-- INSERT INTO CHANNEL_MEMBERS (ID, CHANNEL_ID, USER_ID, ROLE, JOINED_AT) VALUES ('efe305b5-8ebd-485a-8de0-a50a1613df32', '34dfa35e-6752-4cc5-b29e-1f036bbae0df', 'c4b984ad-f282-445d-9f0a-cb83b121795c', 'MEMBER', '2025-09-19T12:08:00Z');
-- INSERT INTO CHANNEL_MEMBERS (ID, CHANNEL_ID, USER_ID, ROLE, JOINED_AT) VALUES ('a2b414a8-d45e-49d7-80af-c6aa9a247222', '34dfa35e-6752-4cc5-b29e-1f036bbae0df', 'f655089e-796b-4c37-852e-ac8e05de7649', 'MEMBER', '2025-09-19T11:15:00Z');
-- INSERT INTO CHANNEL_MEMBERS (ID, CHANNEL_ID, USER_ID, ROLE, JOINED_AT) VALUES ('5e5a43fe-95a0-4204-8e1d-3000409b5b31', '34dfa35e-6752-4cc5-b29e-1f036bbae0df', '454b4808-719e-46c4-aa9d-e7cf013f1adf', 'MEMBER', '2025-09-19T12:58:00Z');
-- INSERT INTO CHANNEL_MEMBERS (ID, CHANNEL_ID, USER_ID, ROLE, JOINED_AT) VALUES ('4ee6c8b4-0495-4630-801c-3776edcf2662', '34dfa35e-6752-4cc5-b29e-1f036bbae0df', '46d7f304-4b15-48c8-93df-26db81861596', 'MEMBER', '2025-09-19T11:48:00Z');
-- INSERT INTO CHANNEL_MEMBERS (ID, CHANNEL_ID, USER_ID, ROLE, JOINED_AT) VALUES ('f53ec78a-db49-428e-8a65-e076827e5b84', '34dfa35e-6752-4cc5-b29e-1f036bbae0df', 'de40e6fa-13ad-42a4-a2c5-2e4e1469aa60', 'MEMBER', '2025-09-19T11:10:00Z');
-- INSERT INTO CHANNEL_MEMBERS (ID, CHANNEL_ID, USER_ID, ROLE, JOINED_AT) VALUES ('03b9cbf9-b2d6-4863-b320-ee4dc10c1a43', '378804ea-32a2-497f-b05d-8a80b8fb41fa', '91aca6c5-4c31-4977-87e1-d46478665c89', 'MEMBER', '2025-09-19T12:38:00Z');
-- INSERT INTO CHANNEL_MEMBERS (ID, CHANNEL_ID, USER_ID, ROLE, JOINED_AT) VALUES ('2bfa89bd-94af-4b22-aff8-a04668b78296', '378804ea-32a2-497f-b05d-8a80b8fb41fa', '40106d51-51a2-4198-8da1-39d1b8a20da2', 'MEMBER', '2025-09-19T11:37:00Z');
-- INSERT INTO CHANNEL_MEMBERS (ID, CHANNEL_ID, USER_ID, ROLE, JOINED_AT) VALUES ('549e0601-32a1-4f8d-ae4e-3f4ed978640a', '378804ea-32a2-497f-b05d-8a80b8fb41fa', '8c89450e-998a-44c0-9683-e04ba5f229b4', 'MEMBER', '2025-09-19T11:10:00Z');
-- INSERT INTO CHANNEL_MEMBERS (ID, CHANNEL_ID, USER_ID, ROLE, JOINED_AT) VALUES ('7859c36f-d105-49cb-97d4-3ebdb6f24a47', '378804ea-32a2-497f-b05d-8a80b8fb41fa', 'de40e6fa-13ad-42a4-a2c5-2e4e1469aa60', 'ADMIN', '2025-09-19T12:49:00Z');
-- INSERT INTO CHANNEL_MEMBERS (ID, CHANNEL_ID, USER_ID, ROLE, JOINED_AT) VALUES ('3f6d854a-31d0-417f-9a42-fcbacde0007d', '378804ea-32a2-497f-b05d-8a80b8fb41fa', 'd236d842-4dee-4fb0-95ae-e4e1e139bbca', 'MEMBER', '2025-09-19T11:29:00Z');
-- INSERT INTO CHANNEL_MEMBERS (ID, CHANNEL_ID, USER_ID, ROLE, JOINED_AT) VALUES ('d2c01444-3d81-4809-9c2e-b4b78ea95e30', '378804ea-32a2-497f-b05d-8a80b8fb41fa', '76b42678-1324-4c0a-b3c2-4faf5543bf5a', 'MEMBER', '2025-09-19T12:50:00Z');
-- INSERT INTO CHANNEL_MEMBERS (ID, CHANNEL_ID, USER_ID, ROLE, JOINED_AT) VALUES ('46295586-3a50-4845-b0b3-2e0cd5874171', '378804ea-32a2-497f-b05d-8a80b8fb41fa', '68aa5609-d104-41c7-b7b7-a43c4e7863a2', 'MEMBER', '2025-09-19T11:12:00Z');
-- INSERT INTO CHANNEL_MEMBERS (ID, CHANNEL_ID, USER_ID, ROLE, JOINED_AT) VALUES ('43544bac-90d9-4fc1-baa3-caeb8976bbea', '378804ea-32a2-497f-b05d-8a80b8fb41fa', 'f655089e-796b-4c37-852e-ac8e05de7649', 'MEMBER', '2025-09-19T11:48:00Z');
-- INSERT INTO CHANNEL_MEMBERS (ID, CHANNEL_ID, USER_ID, ROLE, JOINED_AT) VALUES ('7ba0366f-7722-4f31-b7f6-c1696d8a37e7', '378804ea-32a2-497f-b05d-8a80b8fb41fa', 'cca6c986-1c75-4bfc-a91b-b2835b28190f', 'MEMBER', '2025-09-19T11:35:00Z');
-- INSERT INTO CHANNEL_MEMBERS (ID, CHANNEL_ID, USER_ID, ROLE, JOINED_AT) VALUES ('f2b6bbb1-6a15-4e2b-9677-6043a18c9367', 'c28d0d21-3b7f-4d37-96ca-1ecb368b5220', '40106d51-51a2-4198-8da1-39d1b8a20da2', 'MEMBER', '2025-09-19T12:33:00Z');
-- INSERT INTO CHANNEL_MEMBERS (ID, CHANNEL_ID, USER_ID, ROLE, JOINED_AT) VALUES ('ba319cdc-f7ae-46b6-9e70-e6a41905581b', 'c28d0d21-3b7f-4d37-96ca-1ecb368b5220', '91aca6c5-4c31-4977-87e1-d46478665c89', 'MEMBER', '2025-09-19T11:31:00Z');
-- INSERT INTO CHANNEL_MEMBERS (ID, CHANNEL_ID, USER_ID, ROLE, JOINED_AT) VALUES ('07cd5a81-b162-43f2-9c18-b47a4e4335b9', 'c28d0d21-3b7f-4d37-96ca-1ecb368b5220', 'de40e6fa-13ad-42a4-a2c5-2e4e1469aa60', 'MEMBER', '2025-09-19T11:20:00Z');
-- INSERT INTO CHANNEL_MEMBERS (ID, CHANNEL_ID, USER_ID, ROLE, JOINED_AT) VALUES ('c09fbd03-7f86-4308-a560-8163cef07356', 'c28d0d21-3b7f-4d37-96ca-1ecb368b5220', 'c5c0b469-20b8-453b-9740-dc398257d567', 'MEMBER', '2025-09-19T11:59:00Z');
-- INSERT INTO CHANNEL_MEMBERS (ID, CHANNEL_ID, USER_ID, ROLE, JOINED_AT) VALUES ('5eee8ba2-b418-4d70-ac82-1b98406c58be', 'c28d0d21-3b7f-4d37-96ca-1ecb368b5220', '7ba43faf-2de0-4a36-aedc-12d14df517c0', 'MEMBER', '2025-09-19T11:48:00Z');
-- INSERT INTO CHANNEL_MEMBERS (ID, CHANNEL_ID, USER_ID, ROLE, JOINED_AT) VALUES ('3e4b036f-f0f0-4bad-8895-541e2f9f1a84', 'c28d0d21-3b7f-4d37-96ca-1ecb368b5220', 'b5ff1129-847c-436f-947f-9677ef6e9295', 'MEMBER', '2025-09-19T11:34:00Z');
-- INSERT INTO CHANNEL_MEMBERS (ID, CHANNEL_ID, USER_ID, ROLE, JOINED_AT) VALUES ('6ba0a08e-85b3-495a-8673-ef039b362462', 'c28d0d21-3b7f-4d37-96ca-1ecb368b5220', '76b42678-1324-4c0a-b3c2-4faf5543bf5a', 'MEMBER', '2025-09-19T12:58:00Z');
-- INSERT INTO CHANNEL_MEMBERS (ID, CHANNEL_ID, USER_ID, ROLE, JOINED_AT) VALUES ('83797082-dfbe-43ff-8eb7-78f94d37ffde', 'c28d0d21-3b7f-4d37-96ca-1ecb368b5220', 'fe39ad73-8dd2-49fb-99b8-54c35e928bfd', 'MEMBER', '2025-09-19T12:21:00Z');
-- INSERT INTO CHANNEL_MEMBERS (ID, CHANNEL_ID, USER_ID, ROLE, JOINED_AT) VALUES ('1ec4bee4-14bb-44a9-9a5c-05193d2cb4e6', 'c28d0d21-3b7f-4d37-96ca-1ecb368b5220', 'b0f6e83a-f898-4f41-9f1a-f3a4a17095be', 'ADMIN', '2025-09-19T12:28:00Z');
-- INSERT INTO CHANNEL_MEMBERS (ID, CHANNEL_ID, USER_ID, ROLE, JOINED_AT) VALUES ('0c164aa1-b99f-49ef-80e6-2713a82fe16a', 'c28d0d21-3b7f-4d37-96ca-1ecb368b5220', 'b3213146-27a9-4446-bac4-7cec7dbca749', 'MEMBER', '2025-09-19T12:11:00Z');
-- INSERT INTO CHANNEL_MEMBERS (ID, CHANNEL_ID, USER_ID, ROLE, JOINED_AT) VALUES ('cafbe328-9f89-4d81-b0dd-4443fdc86a9a', 'c28d0d21-3b7f-4d37-96ca-1ecb368b5220', 'f655089e-796b-4c37-852e-ac8e05de7649', 'MEMBER', '2025-09-19T11:28:00Z');
-- INSERT INTO CHANNEL_MEMBERS (ID, CHANNEL_ID, USER_ID, ROLE, JOINED_AT) VALUES ('8348c294-4ca5-4766-9b27-85188971b107', 'c28d0d21-3b7f-4d37-96ca-1ecb368b5220', '49b65d51-1657-4cc9-be4c-bd2cf7fc2825', 'MEMBER', '2025-09-19T12:27:00Z');
-- INSERT INTO CHANNEL_MEMBERS (ID, CHANNEL_ID, USER_ID, ROLE, JOINED_AT) VALUES ('8e68c5ff-ab4a-485c-ab6b-4a6c24480b49', '25488aaf-e1be-414b-84fe-e08f9ebb4c3d', '91aca6c5-4c31-4977-87e1-d46478665c89', 'MEMBER', '2025-09-19T12:56:00Z');
-- INSERT INTO CHANNEL_MEMBERS (ID, CHANNEL_ID, USER_ID, ROLE, JOINED_AT) VALUES ('deb24443-743e-4b58-8894-8a559acfb6e5', '25488aaf-e1be-414b-84fe-e08f9ebb4c3d', '1eefb0c8-3f57-40e4-af5c-b7961356d8d7', 'MEMBER', '2025-09-19T13:00:00Z');
-- INSERT INTO CHANNEL_MEMBERS (ID, CHANNEL_ID, USER_ID, ROLE, JOINED_AT) VALUES ('90b30e1a-8409-4731-8025-8b8bb2d3af90', '25488aaf-e1be-414b-84fe-e08f9ebb4c3d', '49b65d51-1657-4cc9-be4c-bd2cf7fc2825', 'MEMBER', '2025-09-19T12:12:00Z');
-- INSERT INTO CHANNEL_MEMBERS (ID, CHANNEL_ID, USER_ID, ROLE, JOINED_AT) VALUES ('deb4df66-6d7f-4e63-a448-c91357ec23f4', '25488aaf-e1be-414b-84fe-e08f9ebb4c3d', 'cca6c986-1c75-4bfc-a91b-b2835b28190f', 'ADMIN', '2025-09-19T12:52:00Z');
-- INSERT INTO CHANNEL_MEMBERS (ID, CHANNEL_ID, USER_ID, ROLE, JOINED_AT) VALUES ('bbe6b641-b8ed-4d71-b72f-eb56e71fd5ee', '25488aaf-e1be-414b-84fe-e08f9ebb4c3d', '823504e6-70c0-42d9-9bd3-aeb1182cbf26', 'MEMBER', '2025-09-19T12:31:00Z');
-- INSERT INTO CHANNEL_MEMBERS (ID, CHANNEL_ID, USER_ID, ROLE, JOINED_AT) VALUES ('c803726d-4770-465e-8a08-b014dfaa128e', '25488aaf-e1be-414b-84fe-e08f9ebb4c3d', 'b3213146-27a9-4446-bac4-7cec7dbca749', 'MEMBER', '2025-09-19T11:40:00Z');
-- INSERT INTO CHANNEL_MEMBERS (ID, CHANNEL_ID, USER_ID, ROLE, JOINED_AT) VALUES ('5cdb36a3-caa0-4d87-973a-87bf88a3d9da', '25488aaf-e1be-414b-84fe-e08f9ebb4c3d', '47ee2352-787e-4c24-882c-94c962f4b1e1', 'MEMBER', '2025-09-19T11:27:00Z');
-- INSERT INTO CHANNEL_MEMBERS (ID, CHANNEL_ID, USER_ID, ROLE, JOINED_AT) VALUES ('5d529cc0-3b9a-439f-bbd4-6ffede3edd6b', '25488aaf-e1be-414b-84fe-e08f9ebb4c3d', '454b4808-719e-46c4-aa9d-e7cf013f1adf', 'MEMBER', '2025-09-19T12:23:00Z');
-- INSERT INTO CHANNEL_MEMBERS (ID, CHANNEL_ID, USER_ID, ROLE, JOINED_AT) VALUES ('3180a254-fec4-4d8f-b428-6bab108d45e5', '25488aaf-e1be-414b-84fe-e08f9ebb4c3d', 'b0f6e83a-f898-4f41-9f1a-f3a4a17095be', 'MEMBER', '2025-09-19T12:03:00Z');
-- INSERT INTO CHANNEL_MEMBERS (ID, CHANNEL_ID, USER_ID, ROLE, JOINED_AT) VALUES ('dfb4c443-3b24-4b79-8203-5e94ffa7ce91', '25488aaf-e1be-414b-84fe-e08f9ebb4c3d', 'f655089e-796b-4c37-852e-ac8e05de7649', 'MEMBER', '2025-09-19T11:50:00Z');
-- INSERT INTO CHANNEL_MEMBERS (ID, CHANNEL_ID, USER_ID, ROLE, JOINED_AT) VALUES ('063e0e2e-d049-4075-8a52-7cdb21f16b5c', 'c8408078-6f6f-4dd6-937b-ff4c87b1fda6', '44f90b5a-04a6-43f0-a4a1-8e5147ed4095', 'MEMBER', '2025-09-19T11:28:00Z');
-- INSERT INTO CHANNEL_MEMBERS (ID, CHANNEL_ID, USER_ID, ROLE, JOINED_AT) VALUES ('f4845cbe-188e-4d3c-a59e-b7b57b2f873c', 'c8408078-6f6f-4dd6-937b-ff4c87b1fda6', 'b0f6e83a-f898-4f41-9f1a-f3a4a17095be', 'MEMBER', '2025-09-19T11:17:00Z');
-- INSERT INTO CHANNEL_MEMBERS (ID, CHANNEL_ID, USER_ID, ROLE, JOINED_AT) VALUES ('292dd2c5-46da-4cd9-8b68-579577404302', 'c8408078-6f6f-4dd6-937b-ff4c87b1fda6', 'b3213146-27a9-4446-bac4-7cec7dbca749', 'MEMBER', '2025-09-19T12:05:00Z');
-- INSERT INTO CHANNEL_MEMBERS (ID, CHANNEL_ID, USER_ID, ROLE, JOINED_AT) VALUES ('6d0aeb84-52d6-49ae-8098-1b8cb8e77e1f', 'c8408078-6f6f-4dd6-937b-ff4c87b1fda6', '823504e6-70c0-42d9-9bd3-aeb1182cbf26', 'MEMBER', '2025-09-19T12:03:00Z');
-- INSERT INTO CHANNEL_MEMBERS (ID, CHANNEL_ID, USER_ID, ROLE, JOINED_AT) VALUES ('77d8ca6a-17e0-43b8-a737-54d9c66020b2', 'c8408078-6f6f-4dd6-937b-ff4c87b1fda6', '46d7f304-4b15-48c8-93df-26db81861596', 'MEMBER', '2025-09-19T11:11:00Z');
-- INSERT INTO CHANNEL_MEMBERS (ID, CHANNEL_ID, USER_ID, ROLE, JOINED_AT) VALUES ('ea49c821-1d0d-40a3-9fbb-3076c707c2e4', 'c8408078-6f6f-4dd6-937b-ff4c87b1fda6', 'b8b89a9f-af2c-4060-bdc7-25cf110aae87', 'ADMIN', '2025-09-19T12:36:00Z');
-- INSERT INTO CHANNEL_MEMBERS (ID, CHANNEL_ID, USER_ID, ROLE, JOINED_AT) VALUES ('f5cd7c43-aabb-4b89-9b1f-7dd91d76da31', 'c8408078-6f6f-4dd6-937b-ff4c87b1fda6', '1eefb0c8-3f57-40e4-af5c-b7961356d8d7', 'MEMBER', '2025-09-19T11:06:00Z');
-- INSERT INTO CHANNEL_MEMBERS (ID, CHANNEL_ID, USER_ID, ROLE, JOINED_AT) VALUES ('3d04d996-207c-4dc1-a199-ae4baac19196', 'c8408078-6f6f-4dd6-937b-ff4c87b1fda6', '49b65d51-1657-4cc9-be4c-bd2cf7fc2825', 'MEMBER', '2025-09-19T12:50:00Z');
-- INSERT INTO CHANNEL_MEMBERS (ID, CHANNEL_ID, USER_ID, ROLE, JOINED_AT) VALUES ('11879776-c939-4eaa-b41d-96345646b1ab', 'c8408078-6f6f-4dd6-937b-ff4c87b1fda6', 'd236d842-4dee-4fb0-95ae-e4e1e139bbca', 'MEMBER', '2025-09-19T11:14:00Z');
-- INSERT INTO CHANNEL_MEMBERS (ID, CHANNEL_ID, USER_ID, ROLE, JOINED_AT) VALUES ('7e40f35f-be7b-4884-8844-9b2bedd2aa48', 'c8408078-6f6f-4dd6-937b-ff4c87b1fda6', 'cf869f21-163a-4c5f-8ec8-8a3841b41ff4', 'MEMBER', '2025-09-19T11:19:00Z');
-- INSERT INTO CHANNEL_MEMBERS (ID, CHANNEL_ID, USER_ID, ROLE, JOINED_AT) VALUES ('eef5a260-9c1f-492e-a702-60c5a5142d39', 'c8408078-6f6f-4dd6-937b-ff4c87b1fda6', 'fe39ad73-8dd2-49fb-99b8-54c35e928bfd', 'MEMBER', '2025-09-19T12:20:00Z');
-- INSERT INTO CHANNEL_MEMBERS (ID, CHANNEL_ID, USER_ID, ROLE, JOINED_AT) VALUES ('29d0f886-94f3-48bf-b927-8a2cd7e6a3c1', 'c8408078-6f6f-4dd6-937b-ff4c87b1fda6', '454b4808-719e-46c4-aa9d-e7cf013f1adf', 'MEMBER', '2025-09-19T11:20:00Z');
-- INSERT INTO CHANNEL_MEMBERS (ID, CHANNEL_ID, USER_ID, ROLE, JOINED_AT) VALUES ('ec1e2aec-804f-4a0c-8e0f-320a240f5860', '7780480d-82bf-4dc2-a69d-0042e73b5ef1', '8c89450e-998a-44c0-9683-e04ba5f229b4', 'MEMBER', '2025-09-19T12:53:00Z');
-- INSERT INTO CHANNEL_MEMBERS (ID, CHANNEL_ID, USER_ID, ROLE, JOINED_AT) VALUES ('9c145b14-d9e4-4435-b910-e6239b9f9468', '7780480d-82bf-4dc2-a69d-0042e73b5ef1', 'f655089e-796b-4c37-852e-ac8e05de7649', 'MEMBER', '2025-09-19T12:08:00Z');
-- INSERT INTO CHANNEL_MEMBERS (ID, CHANNEL_ID, USER_ID, ROLE, JOINED_AT) VALUES ('728af626-ef56-45c3-bc3d-e424cbe6f400', '7780480d-82bf-4dc2-a69d-0042e73b5ef1', '454b4808-719e-46c4-aa9d-e7cf013f1adf', 'MEMBER', '2025-09-19T12:36:00Z');
-- INSERT INTO CHANNEL_MEMBERS (ID, CHANNEL_ID, USER_ID, ROLE, JOINED_AT) VALUES ('13284f5b-3e8d-4712-a767-6e5b78875bbe', '7780480d-82bf-4dc2-a69d-0042e73b5ef1', '7ba43faf-2de0-4a36-aedc-12d14df517c0', 'MEMBER', '2025-09-19T11:34:00Z');
-- INSERT INTO CHANNEL_MEMBERS (ID, CHANNEL_ID, USER_ID, ROLE, JOINED_AT) VALUES ('bec03653-2a3d-4ef6-bcbe-d81538bf59fc', '7780480d-82bf-4dc2-a69d-0042e73b5ef1', 'b3213146-27a9-4446-bac4-7cec7dbca749', 'MEMBER', '2025-09-19T12:38:00Z');
-- INSERT INTO CHANNEL_MEMBERS (ID, CHANNEL_ID, USER_ID, ROLE, JOINED_AT) VALUES ('ed0b1aef-a0ca-4be1-8123-cc484feb3a32', '7780480d-82bf-4dc2-a69d-0042e73b5ef1', '3fc5eb3f-bccc-42cd-b3fc-b09b72d068a9', 'MEMBER', '2025-09-19T12:22:00Z');
-- INSERT INTO CHANNEL_MEMBERS (ID, CHANNEL_ID, USER_ID, ROLE, JOINED_AT) VALUES ('a2294317-6066-472a-a111-e6a08809cffd', '7780480d-82bf-4dc2-a69d-0042e73b5ef1', '46bdf558-8628-4174-9609-116858e46f8d', 'MEMBER', '2025-09-19T11:43:00Z');
-- INSERT INTO CHANNEL_MEMBERS (ID, CHANNEL_ID, USER_ID, ROLE, JOINED_AT) VALUES ('4a84dda5-834b-4715-80a3-e3fd82d25e95', '7780480d-82bf-4dc2-a69d-0042e73b5ef1', 'b0f6e83a-f898-4f41-9f1a-f3a4a17095be', 'MEMBER', '2025-09-19T11:14:00Z');
-- INSERT INTO CHANNEL_MEMBERS (ID, CHANNEL_ID, USER_ID, ROLE, JOINED_AT) VALUES ('9e17da8f-ed00-49ac-b188-4cc3e134ae0c', '7780480d-82bf-4dc2-a69d-0042e73b5ef1', 'b8b89a9f-af2c-4060-bdc7-25cf110aae87', 'MEMBER', '2025-09-19T11:37:00Z');
-- INSERT INTO CHANNEL_MEMBERS (ID, CHANNEL_ID, USER_ID, ROLE, JOINED_AT) VALUES ('a61af0da-b068-4ab0-a134-aff846f043cd', '7780480d-82bf-4dc2-a69d-0042e73b5ef1', 'c6e06622-5b74-40d3-9333-1d54cefa6846', 'MEMBER', '2025-09-19T11:55:00Z');
-- INSERT INTO CHANNEL_MEMBERS (ID, CHANNEL_ID, USER_ID, ROLE, JOINED_AT) VALUES ('72ea6cdd-6e9b-4548-aba4-d5c84fd1f8cc', '7780480d-82bf-4dc2-a69d-0042e73b5ef1', 'c4b984ad-f282-445d-9f0a-cb83b121795c', 'ADMIN', '2025-09-19T11:20:00Z');
-- INSERT INTO CHANNEL_MEMBERS (ID, CHANNEL_ID, USER_ID, ROLE, JOINED_AT) VALUES ('a55cc5ae-9406-4a28-8453-18682d83aa9e', 'a22e398c-4b02-4971-a686-a8cb316fd18b', 'c6e06622-5b74-40d3-9333-1d54cefa6846', 'MEMBER', '2025-09-19T11:25:00Z');
-- INSERT INTO CHANNEL_MEMBERS (ID, CHANNEL_ID, USER_ID, ROLE, JOINED_AT) VALUES ('127ea969-88af-4345-b1e2-d21a819b22e5', 'a22e398c-4b02-4971-a686-a8cb316fd18b', '46d7f304-4b15-48c8-93df-26db81861596', 'MEMBER', '2025-09-19T11:19:00Z');
-- INSERT INTO CHANNEL_MEMBERS (ID, CHANNEL_ID, USER_ID, ROLE, JOINED_AT) VALUES ('380bcb67-24d5-4925-a4df-1d524bff9ca1', 'a22e398c-4b02-4971-a686-a8cb316fd18b', '49b65d51-1657-4cc9-be4c-bd2cf7fc2825', 'MEMBER', '2025-09-19T11:47:00Z');
-- INSERT INTO CHANNEL_MEMBERS (ID, CHANNEL_ID, USER_ID, ROLE, JOINED_AT) VALUES ('aee92b12-08fa-4465-b346-168583115b49', 'a22e398c-4b02-4971-a686-a8cb316fd18b', 'b0f6e83a-f898-4f41-9f1a-f3a4a17095be', 'MEMBER', '2025-09-19T12:37:00Z');
-- INSERT INTO CHANNEL_MEMBERS (ID, CHANNEL_ID, USER_ID, ROLE, JOINED_AT) VALUES ('4d5d01c6-801f-4964-8df4-f740565eebf2', 'a22e398c-4b02-4971-a686-a8cb316fd18b', '46bdf558-8628-4174-9609-116858e46f8d', 'MEMBER', '2025-09-19T11:20:00Z');
-- INSERT INTO CHANNEL_MEMBERS (ID, CHANNEL_ID, USER_ID, ROLE, JOINED_AT) VALUES ('4fa05dd4-7c2b-468f-a564-3cd7889dde88', 'a22e398c-4b02-4971-a686-a8cb316fd18b', '1eefb0c8-3f57-40e4-af5c-b7961356d8d7', 'MEMBER', '2025-09-19T12:09:00Z');
-- INSERT INTO CHANNEL_MEMBERS (ID, CHANNEL_ID, USER_ID, ROLE, JOINED_AT) VALUES ('8bf14c02-877e-4a66-8cce-492f47e06be2', 'a22e398c-4b02-4971-a686-a8cb316fd18b', 'c5c0b469-20b8-453b-9740-dc398257d567', 'MEMBER', '2025-09-19T12:39:00Z');
-- INSERT INTO CHANNEL_MEMBERS (ID, CHANNEL_ID, USER_ID, ROLE, JOINED_AT) VALUES ('2981e521-7f79-47e3-92a3-1d3ccd81b407', 'a22e398c-4b02-4971-a686-a8cb316fd18b', 'b5ff1129-847c-436f-947f-9677ef6e9295', 'MEMBER', '2025-09-19T12:58:00Z');
-- INSERT INTO CHANNEL_MEMBERS (ID, CHANNEL_ID, USER_ID, ROLE, JOINED_AT) VALUES ('fb01bdfd-1036-4358-8687-6002d99174b0', 'a22e398c-4b02-4971-a686-a8cb316fd18b', 'c4b984ad-f282-445d-9f0a-cb83b121795c', 'MEMBER', '2025-09-19T12:07:00Z');
-- INSERT INTO CHANNEL_MEMBERS (ID, CHANNEL_ID, USER_ID, ROLE, JOINED_AT) VALUES ('ff801be5-934a-4fdc-a73f-0fd6acbe6b2c', 'a22e398c-4b02-4971-a686-a8cb316fd18b', '40106d51-51a2-4198-8da1-39d1b8a20da2', 'ADMIN', '2025-09-19T12:57:00Z');
-- INSERT INTO CHANNEL_MEMBERS (ID, CHANNEL_ID, USER_ID, ROLE, JOINED_AT) VALUES ('f7c19ed9-1ced-491d-9b34-1138522acd2a', 'a22e398c-4b02-4971-a686-a8cb316fd18b', '0dfbd74c-4e6f-4f54-bd6b-b95305d22a0a', 'MEMBER', '2025-09-19T11:00:00Z');
-- INSERT INTO CHANNEL_MEMBERS (ID, CHANNEL_ID, USER_ID, ROLE, JOINED_AT) VALUES ('f372e7fc-7c37-4dd4-af64-09858701ff59', 'a22e398c-4b02-4971-a686-a8cb316fd18b', '68aa5609-d104-41c7-b7b7-a43c4e7863a2', 'MEMBER', '2025-09-19T12:16:00Z');
-- INSERT INTO CHANNEL_MEMBERS (ID, CHANNEL_ID, USER_ID, ROLE, JOINED_AT) VALUES ('608bc13e-3136-4823-ada1-9c49ac1257c8', '9d29b9e3-1967-4cd6-95f7-d6f78ced92de', '8f1cfd3f-c558-4153-a980-408082fb1a45', 'MEMBER', '2025-09-19T11:10:00Z');
-- INSERT INTO CHANNEL_MEMBERS (ID, CHANNEL_ID, USER_ID, ROLE, JOINED_AT) VALUES ('8758ced8-cc18-4bb3-a7cc-01c7b85e55cb', '9d29b9e3-1967-4cd6-95f7-d6f78ced92de', 'c6e06622-5b74-40d3-9333-1d54cefa6846', 'ADMIN', '2025-09-19T12:33:00Z');
-- INSERT INTO CHANNEL_MEMBERS (ID, CHANNEL_ID, USER_ID, ROLE, JOINED_AT) VALUES ('c16ecdc6-8c3d-4afa-b375-70bb3f1b82c2', '9d29b9e3-1967-4cd6-95f7-d6f78ced92de', 'c4b984ad-f282-445d-9f0a-cb83b121795c', 'MEMBER', '2025-09-19T12:02:00Z');
-- INSERT INTO CHANNEL_MEMBERS (ID, CHANNEL_ID, USER_ID, ROLE, JOINED_AT) VALUES ('6a5e6493-c00c-4b0b-b1b6-cce4daa89be5', '9d29b9e3-1967-4cd6-95f7-d6f78ced92de', 'de40e6fa-13ad-42a4-a2c5-2e4e1469aa60', 'MEMBER', '2025-09-19T12:44:00Z');
-- INSERT INTO CHANNEL_MEMBERS (ID, CHANNEL_ID, USER_ID, ROLE, JOINED_AT) VALUES ('ae0da072-bc46-4ea7-beaa-1d99178d6336', '9d29b9e3-1967-4cd6-95f7-d6f78ced92de', 'b5ff1129-847c-436f-947f-9677ef6e9295', 'MEMBER', '2025-09-19T11:08:00Z');
-- INSERT INTO CHANNEL_MEMBERS (ID, CHANNEL_ID, USER_ID, ROLE, JOINED_AT) VALUES ('e5c7362b-93b9-46b9-aae1-e3a3db5c5ed1', '9d29b9e3-1967-4cd6-95f7-d6f78ced92de', '0dfbd74c-4e6f-4f54-bd6b-b95305d22a0a', 'MEMBER', '2025-09-19T12:37:00Z');
-- INSERT INTO CHANNEL_MEMBERS (ID, CHANNEL_ID, USER_ID, ROLE, JOINED_AT) VALUES ('e219cb1c-7495-42b9-8f3a-c46bcbb79a56', '9d29b9e3-1967-4cd6-95f7-d6f78ced92de', '823504e6-70c0-42d9-9bd3-aeb1182cbf26', 'MEMBER', '2025-09-19T12:08:00Z');
-- INSERT INTO CHANNEL_MEMBERS (ID, CHANNEL_ID, USER_ID, ROLE, JOINED_AT) VALUES ('fda13d36-dfad-4863-ac59-72b96d4d5dc2', '9d29b9e3-1967-4cd6-95f7-d6f78ced92de', 'cca6c986-1c75-4bfc-a91b-b2835b28190f', 'MEMBER', '2025-09-19T12:38:00Z');
-- INSERT INTO CHANNEL_MEMBERS (ID, CHANNEL_ID, USER_ID, ROLE, JOINED_AT) VALUES ('6b1cbd19-dfeb-4234-93bc-a31f6d6dc8cc', '9d29b9e3-1967-4cd6-95f7-d6f78ced92de', '46d7f304-4b15-48c8-93df-26db81861596', 'MEMBER', '2025-09-19T11:16:00Z');
-- INSERT INTO CHANNEL_MEMBERS (ID, CHANNEL_ID, USER_ID, ROLE, JOINED_AT) VALUES ('14ab067d-e072-46cb-84ef-6f03a1655b9f', '9d29b9e3-1967-4cd6-95f7-d6f78ced92de', 'd236d842-4dee-4fb0-95ae-e4e1e139bbca', 'MEMBER', '2025-09-19T11:16:00Z');
-- INSERT INTO CHANNEL_MEMBERS (ID, CHANNEL_ID, USER_ID, ROLE, JOINED_AT) VALUES ('d151150c-ce09-49d7-9729-5a623d25dd03', '1d5498d3-2502-4c9f-b608-c9e964ac4863', 'b8b89a9f-af2c-4060-bdc7-25cf110aae87', 'MEMBER', '2025-09-19T12:55:00Z');
-- INSERT INTO CHANNEL_MEMBERS (ID, CHANNEL_ID, USER_ID, ROLE, JOINED_AT) VALUES ('58a59e3e-45f4-4927-82e2-ad193893e7a9', '1d5498d3-2502-4c9f-b608-c9e964ac4863', 'c5c0b469-20b8-453b-9740-dc398257d567', 'MEMBER', '2025-09-19T12:06:00Z');
-- INSERT INTO CHANNEL_MEMBERS (ID, CHANNEL_ID, USER_ID, ROLE, JOINED_AT) VALUES ('29a6c22e-878d-4c1b-9024-ba4bfc2e5da5', '1d5498d3-2502-4c9f-b608-c9e964ac4863', 'b0f6e83a-f898-4f41-9f1a-f3a4a17095be', 'MEMBER', '2025-09-19T11:57:00Z');
-- INSERT INTO CHANNEL_MEMBERS (ID, CHANNEL_ID, USER_ID, ROLE, JOINED_AT) VALUES ('5094ada8-1cdf-4e72-82b6-50a152869494', '1d5498d3-2502-4c9f-b608-c9e964ac4863', '46bdf558-8628-4174-9609-116858e46f8d', 'MEMBER', '2025-09-19T11:15:00Z');
-- INSERT INTO CHANNEL_MEMBERS (ID, CHANNEL_ID, USER_ID, ROLE, JOINED_AT) VALUES ('d50d528d-3a0e-4165-890c-040197482a32', '1d5498d3-2502-4c9f-b608-c9e964ac4863', '8c89450e-998a-44c0-9683-e04ba5f229b4', 'MEMBER', '2025-09-19T11:31:00Z');
-- INSERT INTO CHANNEL_MEMBERS (ID, CHANNEL_ID, USER_ID, ROLE, JOINED_AT) VALUES ('8dcd9262-e636-4d3e-b1a2-fedda59bec43', '1d5498d3-2502-4c9f-b608-c9e964ac4863', 'cf869f21-163a-4c5f-8ec8-8a3841b41ff4', 'MEMBER', '2025-09-19T11:28:00Z');
-- INSERT INTO CHANNEL_MEMBERS (ID, CHANNEL_ID, USER_ID, ROLE, JOINED_AT) VALUES ('f95c9618-ac95-4236-ba0d-71346db51bb4', '1d5498d3-2502-4c9f-b608-c9e964ac4863', '76b42678-1324-4c0a-b3c2-4faf5543bf5a', 'MEMBER', '2025-09-19T11:08:00Z');
-- INSERT INTO CHANNEL_MEMBERS (ID, CHANNEL_ID, USER_ID, ROLE, JOINED_AT) VALUES ('5ec27fda-df70-40a0-a954-04967be8a354', '1d5498d3-2502-4c9f-b608-c9e964ac4863', 'b3213146-27a9-4446-bac4-7cec7dbca749', 'ADMIN', '2025-09-19T11:43:00Z');
-- INSERT INTO CHANNEL_MEMBERS (ID, CHANNEL_ID, USER_ID, ROLE, JOINED_AT) VALUES ('a2648b62-5399-4c06-bcaf-2e86523d5ddb', '1d5498d3-2502-4c9f-b608-c9e964ac4863', '46d7f304-4b15-48c8-93df-26db81861596', 'MEMBER', '2025-09-19T11:02:00Z');
-- INSERT INTO CHANNEL_MEMBERS (ID, CHANNEL_ID, USER_ID, ROLE, JOINED_AT) VALUES ('b7962212-c52f-4ee6-aadc-5fff14f954da', '1d5498d3-2502-4c9f-b608-c9e964ac4863', '0dfbd74c-4e6f-4f54-bd6b-b95305d22a0a', 'MEMBER', '2025-09-19T12:15:00Z');
-- INSERT INTO CHANNEL_MEMBERS (ID, CHANNEL_ID, USER_ID, ROLE, JOINED_AT) VALUES ('a3d27967-1669-4ff1-bf2a-298b579838c5', '1d5498d3-2502-4c9f-b608-c9e964ac4863', '454b4808-719e-46c4-aa9d-e7cf013f1adf', 'MEMBER', '2025-09-19T12:10:00Z');
-- INSERT INTO CHANNEL_MEMBERS (ID, CHANNEL_ID, USER_ID, ROLE, JOINED_AT) VALUES ('7641255b-7222-4b94-b00d-cb4db75b1a1e', '1d5498d3-2502-4c9f-b608-c9e964ac4863', 'de40e6fa-13ad-42a4-a2c5-2e4e1469aa60', 'MEMBER', '2025-09-19T11:29:00Z');
-- INSERT INTO CHANNEL_MEMBERS (ID, CHANNEL_ID, USER_ID, ROLE, JOINED_AT) VALUES ('cf909f09-89c4-4aad-8d5c-97f698e55f75', '52f8db65-372d-442a-ac45-86ceabc81cad', 'c6e06622-5b74-40d3-9333-1d54cefa6846', 'MEMBER', '2025-09-19T11:09:00Z');
-- INSERT INTO CHANNEL_MEMBERS (ID, CHANNEL_ID, USER_ID, ROLE, JOINED_AT) VALUES ('567434cf-0515-4a30-81c9-7dd83e27199d', '52f8db65-372d-442a-ac45-86ceabc81cad', 'f655089e-796b-4c37-852e-ac8e05de7649', 'MEMBER', '2025-09-19T12:05:00Z');
-- INSERT INTO CHANNEL_MEMBERS (ID, CHANNEL_ID, USER_ID, ROLE, JOINED_AT) VALUES ('69f46163-7806-4221-8580-f7377b1dd29d', '52f8db65-372d-442a-ac45-86ceabc81cad', '68aa5609-d104-41c7-b7b7-a43c4e7863a2', 'MEMBER', '2025-09-19T11:30:00Z');
-- INSERT INTO CHANNEL_MEMBERS (ID, CHANNEL_ID, USER_ID, ROLE, JOINED_AT) VALUES ('f1675455-15e2-4201-bff8-0b4dc858834c', '52f8db65-372d-442a-ac45-86ceabc81cad', '40106d51-51a2-4198-8da1-39d1b8a20da2', 'MEMBER', '2025-09-19T11:35:00Z');
-- INSERT INTO CHANNEL_MEMBERS (ID, CHANNEL_ID, USER_ID, ROLE, JOINED_AT) VALUES ('69527544-4e58-41eb-9bee-c440ca9a81ca', '52f8db65-372d-442a-ac45-86ceabc81cad', 'cca6c986-1c75-4bfc-a91b-b2835b28190f', 'MEMBER', '2025-09-19T12:25:00Z');
-- INSERT INTO CHANNEL_MEMBERS (ID, CHANNEL_ID, USER_ID, ROLE, JOINED_AT) VALUES ('d5ed5fb6-d474-417f-a6ae-323e6249c3a9', '52f8db65-372d-442a-ac45-86ceabc81cad', '823504e6-70c0-42d9-9bd3-aeb1182cbf26', 'ADMIN', '2025-09-19T12:02:00Z');
-- INSERT INTO CHANNEL_MEMBERS (ID, CHANNEL_ID, USER_ID, ROLE, JOINED_AT) VALUES ('9a1b3f1b-37b4-4c5c-929f-b2488d643a33', '52f8db65-372d-442a-ac45-86ceabc81cad', '49b65d51-1657-4cc9-be4c-bd2cf7fc2825', 'MEMBER', '2025-09-19T11:27:00Z');
-- INSERT INTO CHANNEL_MEMBERS (ID, CHANNEL_ID, USER_ID, ROLE, JOINED_AT) VALUES ('966ee5fe-9818-4550-b8e1-5369ec4018ab', '52f8db65-372d-442a-ac45-86ceabc81cad', 'b5ff1129-847c-436f-947f-9677ef6e9295', 'MEMBER', '2025-09-19T12:09:00Z');
-- INSERT INTO CHANNEL_MEMBERS (ID, CHANNEL_ID, USER_ID, ROLE, JOINED_AT) VALUES ('94182cb4-3ec6-413a-91c0-0293aaf0154e', 'febc7454-eb22-42db-88b2-87eef9ed139a', '46d7f304-4b15-48c8-93df-26db81861596', 'MEMBER', '2025-09-19T11:52:00Z');
-- INSERT INTO CHANNEL_MEMBERS (ID, CHANNEL_ID, USER_ID, ROLE, JOINED_AT) VALUES ('9c422d73-23e7-4960-8929-14441c24499e', 'febc7454-eb22-42db-88b2-87eef9ed139a', '49b65d51-1657-4cc9-be4c-bd2cf7fc2825', 'MEMBER', '2025-09-19T11:24:00Z');
-- INSERT INTO CHANNEL_MEMBERS (ID, CHANNEL_ID, USER_ID, ROLE, JOINED_AT) VALUES ('dcd09f63-edf4-46ba-af1d-3040a341da80', 'febc7454-eb22-42db-88b2-87eef9ed139a', 'd236d842-4dee-4fb0-95ae-e4e1e139bbca', 'MEMBER', '2025-09-19T11:12:00Z');
-- INSERT INTO CHANNEL_MEMBERS (ID, CHANNEL_ID, USER_ID, ROLE, JOINED_AT) VALUES ('f55aaa67-58b5-4c48-b6bd-52e635246779', 'febc7454-eb22-42db-88b2-87eef9ed139a', '7ba43faf-2de0-4a36-aedc-12d14df517c0', 'MEMBER', '2025-09-19T11:12:00Z');
-- INSERT INTO CHANNEL_MEMBERS (ID, CHANNEL_ID, USER_ID, ROLE, JOINED_AT) VALUES ('cfffb4fa-3539-4a43-b760-f6e135ffbd5d', 'febc7454-eb22-42db-88b2-87eef9ed139a', '8f1cfd3f-c558-4153-a980-408082fb1a45', 'MEMBER', '2025-09-19T12:24:00Z');
-- INSERT INTO CHANNEL_MEMBERS (ID, CHANNEL_ID, USER_ID, ROLE, JOINED_AT) VALUES ('de4b81d8-a544-4467-a09c-f20365d7ecee', 'febc7454-eb22-42db-88b2-87eef9ed139a', '823504e6-70c0-42d9-9bd3-aeb1182cbf26', 'MEMBER', '2025-09-19T11:55:00Z');
-- INSERT INTO CHANNEL_MEMBERS (ID, CHANNEL_ID, USER_ID, ROLE, JOINED_AT) VALUES ('e54fd3cf-6d95-453a-afad-06105698a96f', 'febc7454-eb22-42db-88b2-87eef9ed139a', 'b5ff1129-847c-436f-947f-9677ef6e9295', 'ADMIN', '2025-09-19T11:45:00Z');
-- INSERT INTO CHANNEL_MEMBERS (ID, CHANNEL_ID, USER_ID, ROLE, JOINED_AT) VALUES ('bac8921a-0949-4ea1-a176-f750ccc2e032', '1301cf95-9bba-4cd2-9c6e-732714ef6f94', 'cf869f21-163a-4c5f-8ec8-8a3841b41ff4', 'MEMBER', '2025-09-19T12:42:00Z');
-- INSERT INTO CHANNEL_MEMBERS (ID, CHANNEL_ID, USER_ID, ROLE, JOINED_AT) VALUES ('f8d089a6-1942-4b8d-87a6-795c3aebdfcb', '1301cf95-9bba-4cd2-9c6e-732714ef6f94', '3fc5eb3f-bccc-42cd-b3fc-b09b72d068a9', 'MEMBER', '2025-09-19T12:50:00Z');
-- INSERT INTO CHANNEL_MEMBERS (ID, CHANNEL_ID, USER_ID, ROLE, JOINED_AT) VALUES ('b2147072-9ecf-45b6-a361-f40dcc765f8f', '1301cf95-9bba-4cd2-9c6e-732714ef6f94', '7ba43faf-2de0-4a36-aedc-12d14df517c0', 'MEMBER', '2025-09-19T11:13:00Z');
-- INSERT INTO CHANNEL_MEMBERS (ID, CHANNEL_ID, USER_ID, ROLE, JOINED_AT) VALUES ('19927032-c8be-451e-a3b1-48aabbca5ccf', '1301cf95-9bba-4cd2-9c6e-732714ef6f94', '46d7f304-4b15-48c8-93df-26db81861596', 'MEMBER', '2025-09-19T11:31:00Z');
-- INSERT INTO CHANNEL_MEMBERS (ID, CHANNEL_ID, USER_ID, ROLE, JOINED_AT) VALUES ('9c93f332-1eff-4110-825e-b37662284327', '1301cf95-9bba-4cd2-9c6e-732714ef6f94', 'cca6c986-1c75-4bfc-a91b-b2835b28190f', 'MEMBER', '2025-09-19T11:24:00Z');
-- INSERT INTO CHANNEL_MEMBERS (ID, CHANNEL_ID, USER_ID, ROLE, JOINED_AT) VALUES ('ecc9434e-2a4e-4f35-9ef6-e98cf8e3bb4b', '1301cf95-9bba-4cd2-9c6e-732714ef6f94', 'fe39ad73-8dd2-49fb-99b8-54c35e928bfd', 'ADMIN', '2025-09-19T11:24:00Z');
-- INSERT INTO CHANNEL_MEMBERS (ID, CHANNEL_ID, USER_ID, ROLE, JOINED_AT) VALUES ('f722726b-a97e-4efc-9abb-574fa0f15206', '1301cf95-9bba-4cd2-9c6e-732714ef6f94', '40106d51-51a2-4198-8da1-39d1b8a20da2', 'MEMBER', '2025-09-19T12:08:00Z');
-- INSERT INTO CHANNEL_MEMBERS (ID, CHANNEL_ID, USER_ID, ROLE, JOINED_AT) VALUES ('de187675-f6f5-4925-af41-d2f95b43239a', '1301cf95-9bba-4cd2-9c6e-732714ef6f94', '91aca6c5-4c31-4977-87e1-d46478665c89', 'MEMBER', '2025-09-19T11:57:00Z');
-- INSERT INTO CHANNEL_MEMBERS (ID, CHANNEL_ID, USER_ID, ROLE, JOINED_AT) VALUES ('5f14d916-9a5a-46d6-a357-c7d0ba14a54d', '1301cf95-9bba-4cd2-9c6e-732714ef6f94', 'c4b984ad-f282-445d-9f0a-cb83b121795c', 'MEMBER', '2025-09-19T11:17:00Z');
-- INSERT INTO CHANNEL_MEMBERS (ID, CHANNEL_ID, USER_ID, ROLE, JOINED_AT) VALUES ('b807bc30-afea-4934-b629-1abe951367b2', '1301cf95-9bba-4cd2-9c6e-732714ef6f94', 'b5ff1129-847c-436f-947f-9677ef6e9295', 'MEMBER', '2025-09-19T11:54:00Z');
-- INSERT INTO CHANNEL_MEMBERS (ID, CHANNEL_ID, USER_ID, ROLE, JOINED_AT) VALUES ('ce1f9929-fa6b-4dac-ad91-95728d063598', '1301cf95-9bba-4cd2-9c6e-732714ef6f94', '454b4808-719e-46c4-aa9d-e7cf013f1adf', 'MEMBER', '2025-09-19T11:23:00Z');
-- INSERT INTO CHANNEL_MEMBERS (ID, CHANNEL_ID, USER_ID, ROLE, JOINED_AT) VALUES ('cba278ca-9fc3-4cd8-a81a-76da4a095954', '1fd3c0dd-7ccd-4480-80b9-167df954bc15', '3fc5eb3f-bccc-42cd-b3fc-b09b72d068a9', 'MEMBER', '2025-09-19T12:47:00Z');
-- INSERT INTO CHANNEL_MEMBERS (ID, CHANNEL_ID, USER_ID, ROLE, JOINED_AT) VALUES ('7e22b1db-5e15-42b1-8623-a52b07a08f24', '1fd3c0dd-7ccd-4480-80b9-167df954bc15', '823504e6-70c0-42d9-9bd3-aeb1182cbf26', 'MEMBER', '2025-09-19T11:01:00Z');
-- INSERT INTO CHANNEL_MEMBERS (ID, CHANNEL_ID, USER_ID, ROLE, JOINED_AT) VALUES ('eea5ec00-b0e8-47ef-8506-fe46fdff1ba4', '1fd3c0dd-7ccd-4480-80b9-167df954bc15', '7ba43faf-2de0-4a36-aedc-12d14df517c0', 'MEMBER', '2025-09-19T11:11:00Z');
-- INSERT INTO CHANNEL_MEMBERS (ID, CHANNEL_ID, USER_ID, ROLE, JOINED_AT) VALUES ('38e00125-4f14-4981-9186-ed9247035de6', '1fd3c0dd-7ccd-4480-80b9-167df954bc15', 'f655089e-796b-4c37-852e-ac8e05de7649', 'MEMBER', '2025-09-19T12:58:00Z');
-- INSERT INTO CHANNEL_MEMBERS (ID, CHANNEL_ID, USER_ID, ROLE, JOINED_AT) VALUES ('6612c176-7b4e-4ff5-8675-f799b2112d01', '1fd3c0dd-7ccd-4480-80b9-167df954bc15', 'b3213146-27a9-4446-bac4-7cec7dbca749', 'MEMBER', '2025-09-19T12:36:00Z');
-- INSERT INTO CHANNEL_MEMBERS (ID, CHANNEL_ID, USER_ID, ROLE, JOINED_AT) VALUES ('5a6f597e-f438-45a7-b35e-ad6ed3d9a546', '1fd3c0dd-7ccd-4480-80b9-167df954bc15', 'b8b89a9f-af2c-4060-bdc7-25cf110aae87', 'MEMBER', '2025-09-19T12:48:00Z');
-- INSERT INTO CHANNEL_MEMBERS (ID, CHANNEL_ID, USER_ID, ROLE, JOINED_AT) VALUES ('abd240b1-174e-4c53-83e2-349855f12fe9', '1fd3c0dd-7ccd-4480-80b9-167df954bc15', 'c4b984ad-f282-445d-9f0a-cb83b121795c', 'MEMBER', '2025-09-19T11:30:00Z');
-- INSERT INTO CHANNEL_MEMBERS (ID, CHANNEL_ID, USER_ID, ROLE, JOINED_AT) VALUES ('8b29a9e3-56a1-4874-976c-c795a7bbd467', '1fd3c0dd-7ccd-4480-80b9-167df954bc15', 'cca6c986-1c75-4bfc-a91b-b2835b28190f', 'MEMBER', '2025-09-19T11:21:00Z');
-- INSERT INTO CHANNEL_MEMBERS (ID, CHANNEL_ID, USER_ID, ROLE, JOINED_AT) VALUES ('f3e90642-cffa-415e-a391-617a6eff7bbb', '1fd3c0dd-7ccd-4480-80b9-167df954bc15', '40106d51-51a2-4198-8da1-39d1b8a20da2', 'ADMIN', '2025-09-19T11:52:00Z');
-- INSERT INTO CHANNEL_MEMBERS (ID, CHANNEL_ID, USER_ID, ROLE, JOINED_AT) VALUES ('9d55afe3-9860-47e7-93ea-d44a48f9ae43', 'ec6f7feb-306c-484c-83bb-24fcb6e18068', '8f1cfd3f-c558-4153-a980-408082fb1a45', 'MEMBER', '2025-09-19T12:29:00Z');
-- INSERT INTO CHANNEL_MEMBERS (ID, CHANNEL_ID, USER_ID, ROLE, JOINED_AT) VALUES ('2e4764df-d8d9-498a-9dc3-c093f8c32141', 'ec6f7feb-306c-484c-83bb-24fcb6e18068', '76b42678-1324-4c0a-b3c2-4faf5543bf5a', 'MEMBER', '2025-09-19T12:33:00Z');
-- INSERT INTO CHANNEL_MEMBERS (ID, CHANNEL_ID, USER_ID, ROLE, JOINED_AT) VALUES ('3f54669d-9d46-4ba5-9431-bf54c95f21f0', 'ec6f7feb-306c-484c-83bb-24fcb6e18068', '7ba43faf-2de0-4a36-aedc-12d14df517c0', 'MEMBER', '2025-09-19T12:40:00Z');
-- INSERT INTO CHANNEL_MEMBERS (ID, CHANNEL_ID, USER_ID, ROLE, JOINED_AT) VALUES ('08636add-2caa-42fb-90cd-6790acbcce3d', 'ec6f7feb-306c-484c-83bb-24fcb6e18068', '454b4808-719e-46c4-aa9d-e7cf013f1adf', 'MEMBER', '2025-09-19T12:11:00Z');
-- INSERT INTO CHANNEL_MEMBERS (ID, CHANNEL_ID, USER_ID, ROLE, JOINED_AT) VALUES ('2fc5f706-a50a-4475-ad4f-169b1fb9c363', 'ec6f7feb-306c-484c-83bb-24fcb6e18068', 'cca6c986-1c75-4bfc-a91b-b2835b28190f', 'MEMBER', '2025-09-19T12:24:00Z');
-- INSERT INTO CHANNEL_MEMBERS (ID, CHANNEL_ID, USER_ID, ROLE, JOINED_AT) VALUES ('bcf96bf0-7b1e-443f-b480-10de7872f1fe', 'ec6f7feb-306c-484c-83bb-24fcb6e18068', 'c5c0b469-20b8-453b-9740-dc398257d567', 'MEMBER', '2025-09-19T12:31:00Z');
-- INSERT INTO CHANNEL_MEMBERS (ID, CHANNEL_ID, USER_ID, ROLE, JOINED_AT) VALUES ('df8af234-5151-4d63-a590-e12842adf1df', 'ec6f7feb-306c-484c-83bb-24fcb6e18068', '91aca6c5-4c31-4977-87e1-d46478665c89', 'ADMIN', '2025-09-19T12:02:00Z');
-- INSERT INTO CHANNEL_MEMBERS (ID, CHANNEL_ID, USER_ID, ROLE, JOINED_AT) VALUES ('1bc63e30-26d8-4c48-a835-de43d1383412', 'ec6f7feb-306c-484c-83bb-24fcb6e18068', 'c6e06622-5b74-40d3-9333-1d54cefa6846', 'MEMBER', '2025-09-19T11:19:00Z');
-- INSERT INTO CHANNEL_MEMBERS (ID, CHANNEL_ID, USER_ID, ROLE, JOINED_AT) VALUES ('6b29c0f8-b949-4737-8b57-80dfdd35db3e', 'ec6f7feb-306c-484c-83bb-24fcb6e18068', '46d7f304-4b15-48c8-93df-26db81861596', 'MEMBER', '2025-09-19T11:24:00Z');
-- INSERT INTO CHANNEL_MEMBERS (ID, CHANNEL_ID, USER_ID, ROLE, JOINED_AT) VALUES ('b4456f1b-6200-4833-a520-323e62bbdafc', 'ec6f7feb-306c-484c-83bb-24fcb6e18068', 'b0f6e83a-f898-4f41-9f1a-f3a4a17095be', 'MEMBER', '2025-09-19T11:37:00Z');
-- INSERT INTO CHANNEL_MEMBERS (ID, CHANNEL_ID, USER_ID, ROLE, JOINED_AT) VALUES ('9029df76-69f9-4104-9ce6-a18e6ca3b5a8', 'ec6f7feb-306c-484c-83bb-24fcb6e18068', '3fc5eb3f-bccc-42cd-b3fc-b09b72d068a9', 'MEMBER', '2025-09-19T11:27:00Z');
-- INSERT INTO CHANNEL_MEMBERS (ID, CHANNEL_ID, USER_ID, ROLE, JOINED_AT) VALUES ('eeb9ba89-ada7-44a4-a319-c130ee476867', 'ec6f7feb-306c-484c-83bb-24fcb6e18068', '0dfbd74c-4e6f-4f54-bd6b-b95305d22a0a', 'MEMBER', '2025-09-19T11:07:00Z');
-- INSERT INTO CHANNEL_MEMBERS (ID, CHANNEL_ID, USER_ID, ROLE, JOINED_AT) VALUES ('46bfcc75-a355-496f-9013-22fc4472db07', 'aaf2dd12-87f6-49f2-913f-50703e8d0d2f', '46d7f304-4b15-48c8-93df-26db81861596', 'MEMBER', '2025-09-19T12:57:00Z');
-- INSERT INTO CHANNEL_MEMBERS (ID, CHANNEL_ID, USER_ID, ROLE, JOINED_AT) VALUES ('c5710fa4-d715-4ad2-97f5-2b3c2f0cea9a', 'aaf2dd12-87f6-49f2-913f-50703e8d0d2f', '47ee2352-787e-4c24-882c-94c962f4b1e1', 'MEMBER', '2025-09-19T12:49:00Z');
-- INSERT INTO CHANNEL_MEMBERS (ID, CHANNEL_ID, USER_ID, ROLE, JOINED_AT) VALUES ('ca08de88-f7ef-4320-b96a-cb5d427a14af', 'aaf2dd12-87f6-49f2-913f-50703e8d0d2f', 'cca6c986-1c75-4bfc-a91b-b2835b28190f', 'MEMBER', '2025-09-19T12:07:00Z');
-- INSERT INTO CHANNEL_MEMBERS (ID, CHANNEL_ID, USER_ID, ROLE, JOINED_AT) VALUES ('bc5212cc-f4f7-40d8-9192-f4cc13f72730', 'aaf2dd12-87f6-49f2-913f-50703e8d0d2f', 'd236d842-4dee-4fb0-95ae-e4e1e139bbca', 'MEMBER', '2025-09-19T11:20:00Z');
-- INSERT INTO CHANNEL_MEMBERS (ID, CHANNEL_ID, USER_ID, ROLE, JOINED_AT) VALUES ('e6776436-ed13-483d-b449-020c3fe39c0a', 'aaf2dd12-87f6-49f2-913f-50703e8d0d2f', '8f1cfd3f-c558-4153-a980-408082fb1a45', 'ADMIN', '2025-09-19T11:07:00Z');
-- INSERT INTO CHANNEL_MEMBERS (ID, CHANNEL_ID, USER_ID, ROLE, JOINED_AT) VALUES ('0853960a-348f-42f0-895a-7e44ab85a48a', '2d5981e0-a714-4e67-8402-9f66480d6b4a', '7ba43faf-2de0-4a36-aedc-12d14df517c0', 'MEMBER', '2025-09-19T11:51:00Z');
-- INSERT INTO CHANNEL_MEMBERS (ID, CHANNEL_ID, USER_ID, ROLE, JOINED_AT) VALUES ('e63c9efa-99b5-46f8-85d6-e09e203191d6', '2d5981e0-a714-4e67-8402-9f66480d6b4a', 'c5c0b469-20b8-453b-9740-dc398257d567', 'ADMIN', '2025-09-19T11:15:00Z');
-- INSERT INTO CHANNEL_MEMBERS (ID, CHANNEL_ID, USER_ID, ROLE, JOINED_AT) VALUES ('582ad4b5-c9cd-4bf0-be1d-638467f184ba', '2d5981e0-a714-4e67-8402-9f66480d6b4a', 'f655089e-796b-4c37-852e-ac8e05de7649', 'MEMBER', '2025-09-19T13:00:00Z');
-- INSERT INTO CHANNEL_MEMBERS (ID, CHANNEL_ID, USER_ID, ROLE, JOINED_AT) VALUES ('11abab7c-e7ee-4e07-a081-8f68bb3a1510', '2d5981e0-a714-4e67-8402-9f66480d6b4a', '8c89450e-998a-44c0-9683-e04ba5f229b4', 'MEMBER', '2025-09-19T12:53:00Z');
-- INSERT INTO CHANNEL_MEMBERS (ID, CHANNEL_ID, USER_ID, ROLE, JOINED_AT) VALUES ('fffd7f4c-63d5-4bea-ba0b-05db7765b3ce', '2d5981e0-a714-4e67-8402-9f66480d6b4a', 'b3213146-27a9-4446-bac4-7cec7dbca749', 'MEMBER', '2025-09-19T12:12:00Z');
-- INSERT INTO CHANNEL_MEMBERS (ID, CHANNEL_ID, USER_ID, ROLE, JOINED_AT) VALUES ('0f7cb857-b050-456e-9af1-a28a97a1f961', '2d5981e0-a714-4e67-8402-9f66480d6b4a', 'fe39ad73-8dd2-49fb-99b8-54c35e928bfd', 'MEMBER', '2025-09-19T11:31:00Z');
-- INSERT INTO CHANNEL_MEMBERS (ID, CHANNEL_ID, USER_ID, ROLE, JOINED_AT) VALUES ('08366343-6229-4152-98f1-0a8f3c1468b5', '6996ef3c-3eba-421e-b46a-aea292eec45d', '8c89450e-998a-44c0-9683-e04ba5f229b4', 'MEMBER', '2025-09-19T12:06:00Z');
-- INSERT INTO CHANNEL_MEMBERS (ID, CHANNEL_ID, USER_ID, ROLE, JOINED_AT) VALUES ('c75239e1-9f3c-42ea-b3a2-709800a04f4d', '6996ef3c-3eba-421e-b46a-aea292eec45d', 'f655089e-796b-4c37-852e-ac8e05de7649', 'MEMBER', '2025-09-19T11:40:00Z');
-- INSERT INTO CHANNEL_MEMBERS (ID, CHANNEL_ID, USER_ID, ROLE, JOINED_AT) VALUES ('26756bba-f3ac-4434-9685-bd0cd469f982', '6996ef3c-3eba-421e-b46a-aea292eec45d', 'cf869f21-163a-4c5f-8ec8-8a3841b41ff4', 'MEMBER', '2025-09-19T12:59:00Z');
-- INSERT INTO CHANNEL_MEMBERS (ID, CHANNEL_ID, USER_ID, ROLE, JOINED_AT) VALUES ('7d789073-12aa-4279-baf6-9f62c88ca150', '6996ef3c-3eba-421e-b46a-aea292eec45d', 'fe39ad73-8dd2-49fb-99b8-54c35e928bfd', 'MEMBER', '2025-09-19T11:33:00Z');
-- INSERT INTO CHANNEL_MEMBERS (ID, CHANNEL_ID, USER_ID, ROLE, JOINED_AT) VALUES ('ed8b2d20-5cdd-4d5f-824a-5be23730d953', '6996ef3c-3eba-421e-b46a-aea292eec45d', 'd236d842-4dee-4fb0-95ae-e4e1e139bbca', 'ADMIN', '2025-09-19T11:26:00Z');
-- INSERT INTO CHANNEL_MEMBERS (ID, CHANNEL_ID, USER_ID, ROLE, JOINED_AT) VALUES ('16275153-174c-483e-81f2-499cbf4c40b2', '02b5b892-7cfa-48c9-97f5-b0d771bbb0c5', '823504e6-70c0-42d9-9bd3-aeb1182cbf26', 'ADMIN', '2025-09-19T11:58:00Z');
-- INSERT INTO CHANNEL_MEMBERS (ID, CHANNEL_ID, USER_ID, ROLE, JOINED_AT) VALUES ('a95a3ffd-e955-4924-b4cd-2b330379c2c2', '02b5b892-7cfa-48c9-97f5-b0d771bbb0c5', 'b0f6e83a-f898-4f41-9f1a-f3a4a17095be', 'MEMBER', '2025-09-19T12:19:00Z');
-- INSERT INTO CHANNEL_MEMBERS (ID, CHANNEL_ID, USER_ID, ROLE, JOINED_AT) VALUES ('00190efb-1834-4182-87d0-83f745b1b490', '02b5b892-7cfa-48c9-97f5-b0d771bbb0c5', '454b4808-719e-46c4-aa9d-e7cf013f1adf', 'MEMBER', '2025-09-19T12:12:00Z');
-- INSERT INTO CHANNEL_MEMBERS (ID, CHANNEL_ID, USER_ID, ROLE, JOINED_AT) VALUES ('5396647b-a1de-4db9-8584-3831c4c341e3', '02b5b892-7cfa-48c9-97f5-b0d771bbb0c5', '44f90b5a-04a6-43f0-a4a1-8e5147ed4095', 'MEMBER', '2025-09-19T11:12:00Z');
-- INSERT INTO CHANNEL_MEMBERS (ID, CHANNEL_ID, USER_ID, ROLE, JOINED_AT) VALUES ('b1050ef4-f8b4-4f94-99b8-b9fc72481f70', '02b5b892-7cfa-48c9-97f5-b0d771bbb0c5', 'fe39ad73-8dd2-49fb-99b8-54c35e928bfd', 'MEMBER', '2025-09-19T11:09:00Z');
-- INSERT INTO CHANNEL_MEMBERS (ID, CHANNEL_ID, USER_ID, ROLE, JOINED_AT) VALUES ('b47c076b-7939-4b74-b658-a2f604915fda', '02b5b892-7cfa-48c9-97f5-b0d771bbb0c5', '40106d51-51a2-4198-8da1-39d1b8a20da2', 'MEMBER', '2025-09-19T12:08:00Z');
-- INSERT INTO CHANNEL_MEMBERS (ID, CHANNEL_ID, USER_ID, ROLE, JOINED_AT) VALUES ('4fb67207-25c8-452c-a275-5ab25928aaa1', '02b5b892-7cfa-48c9-97f5-b0d771bbb0c5', '0dfbd74c-4e6f-4f54-bd6b-b95305d22a0a', 'MEMBER', '2025-09-19T11:27:00Z');
-- INSERT INTO CHANNEL_MEMBERS (ID, CHANNEL_ID, USER_ID, ROLE, JOINED_AT) VALUES ('d094d385-c90a-46c5-b355-ef669ac63c8c', '02b5b892-7cfa-48c9-97f5-b0d771bbb0c5', '3fc5eb3f-bccc-42cd-b3fc-b09b72d068a9', 'MEMBER', '2025-09-19T12:04:00Z');
-- INSERT INTO CHANNEL_MEMBERS (ID, CHANNEL_ID, USER_ID, ROLE, JOINED_AT) VALUES ('7c364300-7841-4d8b-97db-8e54f31af836', '02b5b892-7cfa-48c9-97f5-b0d771bbb0c5', '47ee2352-787e-4c24-882c-94c962f4b1e1', 'MEMBER', '2025-09-19T11:33:00Z');
-- INSERT INTO CHANNEL_MEMBERS (ID, CHANNEL_ID, USER_ID, ROLE, JOINED_AT) VALUES ('8f413faa-6486-4b20-ba53-8a89156374e0', '02b5b892-7cfa-48c9-97f5-b0d771bbb0c5', 'f655089e-796b-4c37-852e-ac8e05de7649', 'MEMBER', '2025-09-19T11:16:00Z');
-- INSERT INTO CHANNEL_MEMBERS (ID, CHANNEL_ID, USER_ID, ROLE, JOINED_AT) VALUES ('dfdf8e85-eb5c-49a5-9a52-9428c355ef16', 'ae38c4b1-33b9-4a55-bf4a-901b77702367', '49b65d51-1657-4cc9-be4c-bd2cf7fc2825', 'MEMBER', '2025-09-19T11:01:00Z');
-- INSERT INTO CHANNEL_MEMBERS (ID, CHANNEL_ID, USER_ID, ROLE, JOINED_AT) VALUES ('cf0a33ad-9b2b-4cea-9b8d-6a71fe8aee1d', 'ae38c4b1-33b9-4a55-bf4a-901b77702367', 'f655089e-796b-4c37-852e-ac8e05de7649', 'MEMBER', '2025-09-19T12:25:00Z');
-- INSERT INTO CHANNEL_MEMBERS (ID, CHANNEL_ID, USER_ID, ROLE, JOINED_AT) VALUES ('294fddf8-bf28-4cad-83f7-de0b8fc06106', 'ae38c4b1-33b9-4a55-bf4a-901b77702367', '823504e6-70c0-42d9-9bd3-aeb1182cbf26', 'MEMBER', '2025-09-19T12:44:00Z');
-- INSERT INTO CHANNEL_MEMBERS (ID, CHANNEL_ID, USER_ID, ROLE, JOINED_AT) VALUES ('813f5767-53c4-4d63-a818-764d5da3012e', 'ae38c4b1-33b9-4a55-bf4a-901b77702367', 'de40e6fa-13ad-42a4-a2c5-2e4e1469aa60', 'MEMBER', '2025-09-19T12:10:00Z');
-- INSERT INTO CHANNEL_MEMBERS (ID, CHANNEL_ID, USER_ID, ROLE, JOINED_AT) VALUES ('9cbfc312-0980-46b3-a67c-fc69a756eee9', 'ae38c4b1-33b9-4a55-bf4a-901b77702367', '0dfbd74c-4e6f-4f54-bd6b-b95305d22a0a', 'MEMBER', '2025-09-19T11:38:00Z');
-- INSERT INTO CHANNEL_MEMBERS (ID, CHANNEL_ID, USER_ID, ROLE, JOINED_AT) VALUES ('1978f022-3f2c-45c3-b9d8-f74a79062e68', 'ae38c4b1-33b9-4a55-bf4a-901b77702367', 'c5c0b469-20b8-453b-9740-dc398257d567', 'MEMBER', '2025-09-19T12:59:00Z');
-- INSERT INTO CHANNEL_MEMBERS (ID, CHANNEL_ID, USER_ID, ROLE, JOINED_AT) VALUES ('e2b752ae-50d4-4c40-aad7-dce5f975cef7', 'ae38c4b1-33b9-4a55-bf4a-901b77702367', '3fc5eb3f-bccc-42cd-b3fc-b09b72d068a9', 'MEMBER', '2025-09-19T12:24:00Z');
-- INSERT INTO CHANNEL_MEMBERS (ID, CHANNEL_ID, USER_ID, ROLE, JOINED_AT) VALUES ('54446f97-d49e-4a4b-b298-342642bcf75e', 'ae38c4b1-33b9-4a55-bf4a-901b77702367', 'b8b89a9f-af2c-4060-bdc7-25cf110aae87', 'MEMBER', '2025-09-19T11:13:00Z');
-- INSERT INTO CHANNEL_MEMBERS (ID, CHANNEL_ID, USER_ID, ROLE, JOINED_AT) VALUES ('efe06a75-9609-4435-8105-84d906f860dc', 'ae38c4b1-33b9-4a55-bf4a-901b77702367', 'b5ff1129-847c-436f-947f-9677ef6e9295', 'ADMIN', '2025-09-19T13:00:00Z');
-- INSERT INTO CHANNEL_MEMBERS (ID, CHANNEL_ID, USER_ID, ROLE, JOINED_AT) VALUES ('0b5754b2-a2b0-4d30-98d0-34571ce76a80', 'ae38c4b1-33b9-4a55-bf4a-901b77702367', '8c89450e-998a-44c0-9683-e04ba5f229b4', 'MEMBER', '2025-09-19T12:52:00Z');
-- INSERT INTO CHANNEL_MEMBERS (ID, CHANNEL_ID, USER_ID, ROLE, JOINED_AT) VALUES ('106992ea-6ccc-4c55-8a04-c5651ce8fe15', 'b267c49c-d1e2-4f18-81eb-88461cce8fc0', 'b0f6e83a-f898-4f41-9f1a-f3a4a17095be', 'MEMBER', '2025-09-19T12:17:00Z');
-- INSERT INTO CHANNEL_MEMBERS (ID, CHANNEL_ID, USER_ID, ROLE, JOINED_AT) VALUES ('7c1690c3-8764-4fb8-a931-8af94339b7e2', 'b267c49c-d1e2-4f18-81eb-88461cce8fc0', 'c4b984ad-f282-445d-9f0a-cb83b121795c', 'MEMBER', '2025-09-19T11:26:00Z');
-- INSERT INTO CHANNEL_MEMBERS (ID, CHANNEL_ID, USER_ID, ROLE, JOINED_AT) VALUES ('3744b5fe-3984-42d2-a872-5564a2fc5701', 'b267c49c-d1e2-4f18-81eb-88461cce8fc0', '49b65d51-1657-4cc9-be4c-bd2cf7fc2825', 'ADMIN', '2025-09-19T12:31:00Z');
-- INSERT INTO CHANNEL_MEMBERS (ID, CHANNEL_ID, USER_ID, ROLE, JOINED_AT) VALUES ('ee809f42-b876-4528-a9af-83f107dd22e3', 'b267c49c-d1e2-4f18-81eb-88461cce8fc0', '46d7f304-4b15-48c8-93df-26db81861596', 'MEMBER', '2025-09-19T11:43:00Z');
-- INSERT INTO CHANNEL_MEMBERS (ID, CHANNEL_ID, USER_ID, ROLE, JOINED_AT) VALUES ('73785d26-39fb-45f4-9406-090abef3992d', 'b267c49c-d1e2-4f18-81eb-88461cce8fc0', 'b8b89a9f-af2c-4060-bdc7-25cf110aae87', 'MEMBER', '2025-09-19T11:26:00Z');
-- INSERT INTO CHANNEL_MEMBERS (ID, CHANNEL_ID, USER_ID, ROLE, JOINED_AT) VALUES ('e6b4a691-65f9-4229-a5d3-4defc415c5a2', 'b267c49c-d1e2-4f18-81eb-88461cce8fc0', '44f90b5a-04a6-43f0-a4a1-8e5147ed4095', 'MEMBER', '2025-09-19T12:27:00Z');
-- INSERT INTO CHANNEL_MEMBERS (ID, CHANNEL_ID, USER_ID, ROLE, JOINED_AT) VALUES ('8953b939-2e56-4027-b68c-6335f7aad06a', 'b267c49c-d1e2-4f18-81eb-88461cce8fc0', 'b3213146-27a9-4446-bac4-7cec7dbca749', 'MEMBER', '2025-09-19T12:21:00Z');
-- INSERT INTO MESSAGE (ID, CONTENT, CONTENT_TYPE, SENDER_USER_ID, CHANNEL_ID, DIRECT_CONVERSATION_ID, CREATED_AT, DELETED) VALUES ('c9585c66-2d00-4570-8c03-c74619d8ab3b', 'Type errors resolved in utils.ts.', 'TEXT', '7ba43faf-2de0-4a36-aedc-12d14df517c0', '1d5498d3-2502-4c9f-b608-c9e964ac4863', NULL, '2025-09-19T13:00:00Z', FALSE);
-- INSERT INTO MESSAGE (ID, CONTENT, CONTENT_TYPE, SENDER_USER_ID, CHANNEL_ID, DIRECT_CONVERSATION_ID, CREATED_AT, DELETED) VALUES ('88cbfd04-4b13-4723-ada0-d908db6aff38', 'Pushed a fix to the feature branch.', 'TEXT', '8f1cfd3f-c558-4153-a980-408082fb1a45', '1d5498d3-2502-4c9f-b608-c9e964ac4863', NULL, '2025-09-19T13:02:00Z', FALSE);
-- INSERT INTO MESSAGE (ID, CONTENT, CONTENT_TYPE, SENDER_USER_ID, CHANNEL_ID, DIRECT_CONVERSATION_ID, CREATED_AT, DELETED) VALUES ('c20149e7-377a-4692-9f99-6d3caa1cef3a', 'Reminder to add unit tests for the parser.', 'TEXT', 'f655089e-796b-4c37-852e-ac8e05de7649', 'ec6f7feb-306c-484c-83bb-24fcb6e18068', NULL, '2025-09-19T13:04:00Z', FALSE);
-- INSERT INTO MESSAGE (ID, CONTENT, CONTENT_TYPE, SENDER_USER_ID, CHANNEL_ID, DIRECT_CONVERSATION_ID, CREATED_AT, DELETED) VALUES ('f239ceae-7a34-4ca0-94b9-ec83bc6937f9', 'Ill take the oncall handoff at 5.', 'TEXT', 'cca6c986-1c75-4bfc-a91b-b2835b28190f', '34dfa35e-6752-4cc5-b29e-1f036bbae0df', NULL, '2025-09-19T13:06:00Z', FALSE);
-- INSERT INTO MESSAGE (ID, CONTENT, CONTENT_TYPE, SENDER_USER_ID, CHANNEL_ID, DIRECT_CONVERSATION_ID, CREATED_AT, DELETED) VALUES ('e0c886b1-71fc-4066-b94e-52efe96b7c14', 'Reminder to add unit tests for the parser.', 'TEXT', '1eefb0c8-3f57-40e4-af5c-b7961356d8d7', 'c8408078-6f6f-4dd6-937b-ff4c87b1fda6', NULL, '2025-09-19T13:08:00Z', FALSE);
-- INSERT INTO MESSAGE (ID, CONTENT, CONTENT_TYPE, SENDER_USER_ID, CHANNEL_ID, DIRECT_CONVERSATION_ID, CREATED_AT, DELETED) VALUES ('737da324-4ff7-42dd-a63e-2e516596f83f', 'Can someone sanity check the SQL?', 'TEXT', 'c5c0b469-20b8-453b-9740-dc398257d567', 'aaf2dd12-87f6-49f2-913f-50703e8d0d2f', NULL, '2025-09-19T13:10:00Z', FALSE);
-- INSERT INTO MESSAGE (ID, CONTENT, CONTENT_TYPE, SENDER_USER_ID, CHANNEL_ID, DIRECT_CONVERSATION_ID, CREATED_AT, DELETED) VALUES ('569919e7-a3ce-4b2c-93a2-631cb55cdefe', 'Can someone sanity check the SQL?', 'TEXT', '68aa5609-d104-41c7-b7b7-a43c4e7863a2', 'ec6f7feb-306c-484c-83bb-24fcb6e18068', NULL, '2025-09-19T13:12:00Z', FALSE);
-- INSERT INTO MESSAGE (ID, CONTENT, CONTENT_TYPE, SENDER_USER_ID, CHANNEL_ID, DIRECT_CONVERSATION_ID, CREATED_AT, DELETED) VALUES ('27b30752-5ac2-4f64-8b36-dcf5fe321c11', 'API latency looks better after the cache tweak.', 'TEXT', 'c6e06622-5b74-40d3-9333-1d54cefa6846', '25488aaf-e1be-414b-84fe-e08f9ebb4c3d', NULL, '2025-09-19T13:14:00Z', FALSE);
-- INSERT INTO MESSAGE (ID, CONTENT, CONTENT_TYPE, SENDER_USER_ID, CHANNEL_ID, DIRECT_CONVERSATION_ID, CREATED_AT, DELETED) VALUES ('f79a7c7a-b27a-417e-9a70-4a2c1ea067c0', 'Can someone sanity check the SQL?', 'TEXT', '49b65d51-1657-4cc9-be4c-bd2cf7fc2825', 'c8408078-6f6f-4dd6-937b-ff4c87b1fda6', NULL, '2025-09-19T13:16:00Z', FALSE);
-- INSERT INTO MESSAGE (ID, CONTENT, CONTENT_TYPE, SENDER_USER_ID, CHANNEL_ID, DIRECT_CONVERSATION_ID, CREATED_AT, DELETED) VALUES ('abfeee6a-b87f-45ae-a437-0d879c752df2', 'Slackbot will post deploy notes.', 'TEXT', 'cca6c986-1c75-4bfc-a91b-b2835b28190f', '1301cf95-9bba-4cd2-9c6e-732714ef6f94', NULL, '2025-09-19T13:18:00Z', FALSE);
-- INSERT INTO MESSAGE (ID, CONTENT, CONTENT_TYPE, SENDER_USER_ID, CHANNEL_ID, DIRECT_CONVERSATION_ID, CREATED_AT, DELETED) VALUES ('889a60c1-09a6-4141-8d21-9314bf3d380f', 'Security flagged an outdated dependency.', 'TEXT', 'b8b89a9f-af2c-4060-bdc7-25cf110aae87', 'c8408078-6f6f-4dd6-937b-ff4c87b1fda6', NULL, '2025-09-19T13:20:00Z', FALSE);
-- INSERT INTO MESSAGE (ID, CONTENT, CONTENT_TYPE, SENDER_USER_ID, CHANNEL_ID, DIRECT_CONVERSATION_ID, CREATED_AT, DELETED) VALUES ('6bf742a2-b79f-4faf-b436-de02147cd7c9', 'K8s rollout paused; investigating health checks.', 'TEXT', '44f90b5a-04a6-43f0-a4a1-8e5147ed4095', '378804ea-32a2-497f-b05d-8a80b8fb41fa', NULL, '2025-09-19T13:22:00Z', FALSE);
-- INSERT INTO MESSAGE (ID, CONTENT, CONTENT_TYPE, SENDER_USER_ID, CHANNEL_ID, DIRECT_CONVERSATION_ID, CREATED_AT, DELETED) VALUES ('b3993cb1-eb3e-4137-8a11-982e2632f874', 'Specs updated in the docs folder.', 'TEXT', 'de40e6fa-13ad-42a4-a2c5-2e4e1469aa60', '378804ea-32a2-497f-b05d-8a80b8fb41fa', NULL, '2025-09-19T13:24:00Z', FALSE);
-- INSERT INTO MESSAGE (ID, CONTENT, CONTENT_TYPE, SENDER_USER_ID, CHANNEL_ID, DIRECT_CONVERSATION_ID, CREATED_AT, DELETED) VALUES ('5e30859c-6751-4a42-bd4c-7cbbc1e21d0d', 'Anyone reviewing PR #481?', 'TEXT', '76b42678-1324-4c0a-b3c2-4faf5543bf5a', '9d29b9e3-1967-4cd6-95f7-d6f78ced92de', NULL, '2025-09-19T13:26:00Z', FALSE);
-- INSERT INTO MESSAGE (ID, CONTENT, CONTENT_TYPE, SENDER_USER_ID, CHANNEL_ID, DIRECT_CONVERSATION_ID, CREATED_AT, DELETED) VALUES ('51617ec8-a305-4c01-a8b9-41a090ddc6d5', 'Security flagged an outdated dependency.', 'TEXT', 'de40e6fa-13ad-42a4-a2c5-2e4e1469aa60', '02b5b892-7cfa-48c9-97f5-b0d771bbb0c5', NULL, '2025-09-19T13:28:00Z', FALSE);
-- INSERT INTO MESSAGE (ID, CONTENT, CONTENT_TYPE, SENDER_USER_ID, CHANNEL_ID, DIRECT_CONVERSATION_ID, CREATED_AT, DELETED) VALUES ('9eeaee74-ac76-4a08-b493-2da393ba1b00', 'Design sync moved to 2PM ET.', 'TEXT', '8c89450e-998a-44c0-9683-e04ba5f229b4', 'c8408078-6f6f-4dd6-937b-ff4c87b1fda6', NULL, '2025-09-19T13:30:00Z', FALSE);
-- INSERT INTO MESSAGE (ID, CONTENT, CONTENT_TYPE, SENDER_USER_ID, CHANNEL_ID, DIRECT_CONVERSATION_ID, CREATED_AT, DELETED) VALUES ('31dd6a59-6763-41cf-80d1-e08405b958e4', 'Ship it! ', 'TEXT', '7ba43faf-2de0-4a36-aedc-12d14df517c0', '7780480d-82bf-4dc2-a69d-0042e73b5ef1', NULL, '2025-09-19T13:32:00Z', FALSE);
-- INSERT INTO MESSAGE (ID, CONTENT, CONTENT_TYPE, SENDER_USER_ID, CHANNEL_ID, DIRECT_CONVERSATION_ID, CREATED_AT, DELETED) VALUES ('6494c7b9-8c5e-4f0c-9282-6e1013dfad14', 'Morning team  standup in 10.', 'TEXT', '49b65d51-1657-4cc9-be4c-bd2cf7fc2825', 'ec6f7feb-306c-484c-83bb-24fcb6e18068', NULL, '2025-09-19T13:34:00Z', FALSE);
-- INSERT INTO MESSAGE (ID, CONTENT, CONTENT_TYPE, SENDER_USER_ID, CHANNEL_ID, DIRECT_CONVERSATION_ID, CREATED_AT, DELETED) VALUES ('3e626161-a6c2-4e0c-9288-6d16bc8f9ddf', 'Security flagged an outdated dependency.', 'TEXT', 'c5c0b469-20b8-453b-9740-dc398257d567', 'febc7454-eb22-42db-88b2-87eef9ed139a', NULL, '2025-09-19T13:36:00Z', FALSE);
-- INSERT INTO MESSAGE (ID, CONTENT, CONTENT_TYPE, SENDER_USER_ID, CHANNEL_ID, DIRECT_CONVERSATION_ID, CREATED_AT, DELETED) VALUES ('1a25b9ea-22d9-4eef-bb0f-63c7fd5a7c90', 'Reminder to add unit tests for the parser.', 'TEXT', 'b5ff1129-847c-436f-947f-9677ef6e9295', '9d29b9e3-1967-4cd6-95f7-d6f78ced92de', NULL, '2025-09-19T13:38:00Z', FALSE);
-- INSERT INTO MESSAGE (ID, CONTENT, CONTENT_TYPE, SENDER_USER_ID, CHANNEL_ID, DIRECT_CONVERSATION_ID, CREATED_AT, DELETED) VALUES ('7b96a27d-ebeb-4bf0-889c-a21f782a828e', 'Frontend build is 30% faster now.', 'TEXT', 'c5c0b469-20b8-453b-9740-dc398257d567', '25488aaf-e1be-414b-84fe-e08f9ebb4c3d', NULL, '2025-09-19T13:40:00Z', FALSE);
-- INSERT INTO MESSAGE (ID, CONTENT, CONTENT_TYPE, SENDER_USER_ID, CHANNEL_ID, DIRECT_CONVERSATION_ID, CREATED_AT, DELETED) VALUES ('adb431b8-03a0-4bd4-b8bc-d836edf8a6f5', 'Added metrics for request retries.', 'TEXT', '7ba43faf-2de0-4a36-aedc-12d14df517c0', '378804ea-32a2-497f-b05d-8a80b8fb41fa', NULL, '2025-09-19T13:42:00Z', FALSE);
-- INSERT INTO MESSAGE (ID, CONTENT, CONTENT_TYPE, SENDER_USER_ID, CHANNEL_ID, DIRECT_CONVERSATION_ID, CREATED_AT, DELETED) VALUES ('93766656-b9c2-4fbb-9ed2-41de82605331', 'DB migration planned for tonights window.', 'TEXT', '823504e6-70c0-42d9-9bd3-aeb1182cbf26', 'a22e398c-4b02-4971-a686-a8cb316fd18b', NULL, '2025-09-19T13:44:00Z', FALSE);
-- INSERT INTO MESSAGE (ID, CONTENT, CONTENT_TYPE, SENDER_USER_ID, CHANNEL_ID, DIRECT_CONVERSATION_ID, CREATED_AT, DELETED) VALUES ('c0c5ca90-4f70-4a22-bfcd-9012985c6576', 'Design sync moved to 2PM ET.', 'TEXT', 'de40e6fa-13ad-42a4-a2c5-2e4e1469aa60', '52f8db65-372d-442a-ac45-86ceabc81cad', NULL, '2025-09-19T13:46:00Z', FALSE);
-- INSERT INTO MESSAGE (ID, CONTENT, CONTENT_TYPE, SENDER_USER_ID, CHANNEL_ID, DIRECT_CONVERSATION_ID, CREATED_AT, DELETED) VALUES ('e34ddb64-2831-438d-a8bf-68d920ffb01b', 'Can we backport this to the LTS branch?', 'TEXT', '823504e6-70c0-42d9-9bd3-aeb1182cbf26', '34dfa35e-6752-4cc5-b29e-1f036bbae0df', NULL, '2025-09-19T13:48:00Z', FALSE);
-- INSERT INTO MESSAGE (ID, CONTENT, CONTENT_TYPE, SENDER_USER_ID, CHANNEL_ID, DIRECT_CONVERSATION_ID, CREATED_AT, DELETED) VALUES ('407c2d05-fc06-43bc-af5d-def69e380504', 'Reminder to add unit tests for the parser.', 'TEXT', '454b4808-719e-46c4-aa9d-e7cf013f1adf', 'febc7454-eb22-42db-88b2-87eef9ed139a', NULL, '2025-09-19T13:50:00Z', FALSE);
-- INSERT INTO MESSAGE (ID, CONTENT, CONTENT_TYPE, SENDER_USER_ID, CHANNEL_ID, DIRECT_CONVERSATION_ID, CREATED_AT, DELETED) VALUES ('979e66e5-0b4b-4db6-b00e-14a6f7a64073', 'Reminder to add unit tests for the parser.', 'TEXT', '7ba43faf-2de0-4a36-aedc-12d14df517c0', 'c28d0d21-3b7f-4d37-96ca-1ecb368b5220', NULL, '2025-09-19T13:52:00Z', FALSE);
-- INSERT INTO MESSAGE (ID, CONTENT, CONTENT_TYPE, SENDER_USER_ID, CHANNEL_ID, DIRECT_CONVERSATION_ID, CREATED_AT, DELETED) VALUES ('904eacdf-3e13-4eb3-9c08-d10825d18440', 'Frontend build is 30% faster now.', 'TEXT', 'de40e6fa-13ad-42a4-a2c5-2e4e1469aa60', '6996ef3c-3eba-421e-b46a-aea292eec45d', NULL, '2025-09-19T13:54:00Z', FALSE);
-- INSERT INTO MESSAGE (ID, CONTENT, CONTENT_TYPE, SENDER_USER_ID, CHANNEL_ID, DIRECT_CONVERSATION_ID, CREATED_AT, DELETED) VALUES ('db59e0a3-0911-44bf-9dca-8242d5545cfe', 'Ill take the oncall handoff at 5.', 'TEXT', 'fe39ad73-8dd2-49fb-99b8-54c35e928bfd', '02b5b892-7cfa-48c9-97f5-b0d771bbb0c5', NULL, '2025-09-19T13:56:00Z', FALSE);
-- INSERT INTO MESSAGE (ID, CONTENT, CONTENT_TYPE, SENDER_USER_ID, CHANNEL_ID, DIRECT_CONVERSATION_ID, CREATED_AT, DELETED) VALUES ('5ac4bcdd-91fc-4648-bd32-77ec46a34f34', 'Reminder to add unit tests for the parser.', 'TEXT', 'c6e06622-5b74-40d3-9333-1d54cefa6846', '25488aaf-e1be-414b-84fe-e08f9ebb4c3d', NULL, '2025-09-19T13:58:00Z', FALSE);
-- INSERT INTO MESSAGE (ID, CONTENT, CONTENT_TYPE, SENDER_USER_ID, CHANNEL_ID, DIRECT_CONVERSATION_ID, CREATED_AT, DELETED) VALUES ('8cf01495-83c5-4fbd-9d09-63369f819e41', 'Reminder to add unit tests for the parser.', 'TEXT', 'c5c0b469-20b8-453b-9740-dc398257d567', 'ae38c4b1-33b9-4a55-bf4a-901b77702367', NULL, '2025-09-19T14:00:00Z', FALSE);
-- INSERT INTO MESSAGE (ID, CONTENT, CONTENT_TYPE, SENDER_USER_ID, CHANNEL_ID, DIRECT_CONVERSATION_ID, CREATED_AT, DELETED) VALUES ('f55f26ea-8cf7-4c06-a3df-7536077e1abe', 'Great job on the demo today!', 'TEXT', 'cca6c986-1c75-4bfc-a91b-b2835b28190f', '25488aaf-e1be-414b-84fe-e08f9ebb4c3d', NULL, '2025-09-19T14:02:00Z', FALSE);
-- INSERT INTO MESSAGE (ID, CONTENT, CONTENT_TYPE, SENDER_USER_ID, CHANNEL_ID, DIRECT_CONVERSATION_ID, CREATED_AT, DELETED) VALUES ('408f09ea-f045-4808-a63e-7a2dbc74c794', 'Ill take the oncall handoff at 5.', 'TEXT', 'cf869f21-163a-4c5f-8ec8-8a3841b41ff4', '1301cf95-9bba-4cd2-9c6e-732714ef6f94', NULL, '2025-09-19T14:04:00Z', FALSE);
-- INSERT INTO MESSAGE (ID, CONTENT, CONTENT_TYPE, SENDER_USER_ID, CHANNEL_ID, DIRECT_CONVERSATION_ID, CREATED_AT, DELETED) VALUES ('d3b9e365-abdb-4ffa-b79a-8824136f56d5', 'Type errors resolved in utils.ts.', 'TEXT', 'cf869f21-163a-4c5f-8ec8-8a3841b41ff4', 'b267c49c-d1e2-4f18-81eb-88461cce8fc0', NULL, '2025-09-19T14:06:00Z', FALSE);
-- INSERT INTO MESSAGE (ID, CONTENT, CONTENT_TYPE, SENDER_USER_ID, CHANNEL_ID, DIRECT_CONVERSATION_ID, CREATED_AT, DELETED) VALUES ('66ea53c5-c99d-48c0-b523-78f68f19ef62', 'Slackbot will post deploy notes.', 'TEXT', 'c4b984ad-f282-445d-9f0a-cb83b121795c', '1fd3c0dd-7ccd-4480-80b9-167df954bc15', NULL, '2025-09-19T14:08:00Z', FALSE);
-- INSERT INTO MESSAGE (ID, CONTENT, CONTENT_TYPE, SENDER_USER_ID, CHANNEL_ID, DIRECT_CONVERSATION_ID, CREATED_AT, DELETED) VALUES ('9ed7495f-2036-4435-aa35-0fbc8888617e', 'Pushed a fix to the feature branch.', 'TEXT', '76b42678-1324-4c0a-b3c2-4faf5543bf5a', '1d5498d3-2502-4c9f-b608-c9e964ac4863', NULL, '2025-09-19T14:10:00Z', FALSE);
-- INSERT INTO MESSAGE (ID, CONTENT, CONTENT_TYPE, SENDER_USER_ID, CHANNEL_ID, DIRECT_CONVERSATION_ID, CREATED_AT, DELETED) VALUES ('3f8167f0-7f6b-4f69-976a-e982ce47ce0a', 'Morning team  standup in 10.', 'TEXT', '68aa5609-d104-41c7-b7b7-a43c4e7863a2', 'ec6f7feb-306c-484c-83bb-24fcb6e18068', NULL, '2025-09-19T14:12:00Z', FALSE);
-- INSERT INTO MESSAGE (ID, CONTENT, CONTENT_TYPE, SENDER_USER_ID, CHANNEL_ID, DIRECT_CONVERSATION_ID, CREATED_AT, DELETED) VALUES ('cf407ed1-6a42-4ab9-82bf-7ce9897da2f0', 'Can we backport this to the LTS branch?', 'TEXT', '46bdf558-8628-4174-9609-116858e46f8d', '02b5b892-7cfa-48c9-97f5-b0d771bbb0c5', NULL, '2025-09-19T14:14:00Z', FALSE);
-- INSERT INTO MESSAGE (ID, CONTENT, CONTENT_TYPE, SENDER_USER_ID, CHANNEL_ID, DIRECT_CONVERSATION_ID, CREATED_AT, DELETED) VALUES ('6e5b0553-6f0e-4f57-aa2d-d124ddee7dc8', 'API latency looks better after the cache tweak.', 'TEXT', 'de40e6fa-13ad-42a4-a2c5-2e4e1469aa60', 'ec6f7feb-306c-484c-83bb-24fcb6e18068', NULL, '2025-09-19T14:16:00Z', FALSE);
-- INSERT INTO MESSAGE (ID, CONTENT, CONTENT_TYPE, SENDER_USER_ID, CHANNEL_ID, DIRECT_CONVERSATION_ID, CREATED_AT, DELETED) VALUES ('819d61b1-7b6d-4489-8d28-35f7b7781f8c', 'Great job on the demo today!', 'TEXT', 'fe39ad73-8dd2-49fb-99b8-54c35e928bfd', 'febc7454-eb22-42db-88b2-87eef9ed139a', NULL, '2025-09-19T14:18:00Z', FALSE);
-- INSERT INTO MESSAGE (ID, CONTENT, CONTENT_TYPE, SENDER_USER_ID, CHANNEL_ID, DIRECT_CONVERSATION_ID, CREATED_AT, DELETED) VALUES ('d46fccbe-a122-4b53-8fd0-770409b1d775', 'K8s rollout paused; investigating health checks.', 'TEXT', '47ee2352-787e-4c24-882c-94c962f4b1e1', '25488aaf-e1be-414b-84fe-e08f9ebb4c3d', NULL, '2025-09-19T14:20:00Z', FALSE);
-- INSERT INTO MESSAGE (ID, CONTENT, CONTENT_TYPE, SENDER_USER_ID, CHANNEL_ID, DIRECT_CONVERSATION_ID, CREATED_AT, DELETED) VALUES ('ad79a626-baac-40c5-99ab-c6d3d27cbc6a', 'Security flagged an outdated dependency.', 'TEXT', '46bdf558-8628-4174-9609-116858e46f8d', '52f8db65-372d-442a-ac45-86ceabc81cad', NULL, '2025-09-19T14:22:00Z', FALSE);
-- INSERT INTO MESSAGE (ID, CONTENT, CONTENT_TYPE, SENDER_USER_ID, CHANNEL_ID, DIRECT_CONVERSATION_ID, CREATED_AT, DELETED) VALUES ('96af2c06-1ee0-4d0f-8dbd-e77c227f268a', 'K8s rollout paused; investigating health checks.', 'TEXT', '47ee2352-787e-4c24-882c-94c962f4b1e1', '1fd3c0dd-7ccd-4480-80b9-167df954bc15', NULL, '2025-09-19T14:24:00Z', FALSE);
-- INSERT INTO MESSAGE (ID, CONTENT, CONTENT_TYPE, SENDER_USER_ID, CHANNEL_ID, DIRECT_CONVERSATION_ID, CREATED_AT, DELETED) VALUES ('8d658b34-1509-4aab-b748-7f49bb817083', 'Can we backport this to the LTS branch?', 'TEXT', 'b8b89a9f-af2c-4060-bdc7-25cf110aae87', 'c8408078-6f6f-4dd6-937b-ff4c87b1fda6', NULL, '2025-09-19T14:26:00Z', FALSE);
-- INSERT INTO MESSAGE (ID, CONTENT, CONTENT_TYPE, SENDER_USER_ID, CHANNEL_ID, DIRECT_CONVERSATION_ID, CREATED_AT, DELETED) VALUES ('8704c58d-3ca5-4682-a591-4d90b8163b70', 'Ship it! ', 'TEXT', 'cf869f21-163a-4c5f-8ec8-8a3841b41ff4', '1fd3c0dd-7ccd-4480-80b9-167df954bc15', NULL, '2025-09-19T14:28:00Z', FALSE);
-- INSERT INTO MESSAGE (ID, CONTENT, CONTENT_TYPE, SENDER_USER_ID, CHANNEL_ID, DIRECT_CONVERSATION_ID, CREATED_AT, DELETED) VALUES ('fe099428-c94f-4e69-9071-6755d1d87b8b', 'K8s rollout paused; investigating health checks.', 'TEXT', '8c89450e-998a-44c0-9683-e04ba5f229b4', 'ae38c4b1-33b9-4a55-bf4a-901b77702367', NULL, '2025-09-19T14:30:00Z', FALSE);
-- INSERT INTO MESSAGE (ID, CONTENT, CONTENT_TYPE, SENDER_USER_ID, CHANNEL_ID, DIRECT_CONVERSATION_ID, CREATED_AT, DELETED) VALUES ('99f83505-d2fe-46e5-8987-c520ec239018', 'Morning team  standup in 10.', 'TEXT', '454b4808-719e-46c4-aa9d-e7cf013f1adf', '02b5b892-7cfa-48c9-97f5-b0d771bbb0c5', NULL, '2025-09-19T14:32:00Z', FALSE);
-- INSERT INTO MESSAGE (ID, CONTENT, CONTENT_TYPE, SENDER_USER_ID, CHANNEL_ID, DIRECT_CONVERSATION_ID, CREATED_AT, DELETED) VALUES ('cba319c0-7fe6-439c-af3d-88246b6a3440', 'Can we backport this to the LTS branch?', 'TEXT', '0dfbd74c-4e6f-4f54-bd6b-b95305d22a0a', '52f8db65-372d-442a-ac45-86ceabc81cad', NULL, '2025-09-19T14:34:00Z', FALSE);
-- INSERT INTO MESSAGE (ID, CONTENT, CONTENT_TYPE, SENDER_USER_ID, CHANNEL_ID, DIRECT_CONVERSATION_ID, CREATED_AT, DELETED) VALUES ('7274a2ec-708d-42d0-a6a6-fa2c4da90b22', 'Great job on the demo today!', 'TEXT', 'cf869f21-163a-4c5f-8ec8-8a3841b41ff4', 'ae38c4b1-33b9-4a55-bf4a-901b77702367', NULL, '2025-09-19T14:36:00Z', FALSE);
-- INSERT INTO MESSAGE (ID, CONTENT, CONTENT_TYPE, SENDER_USER_ID, CHANNEL_ID, DIRECT_CONVERSATION_ID, CREATED_AT, DELETED) VALUES ('8e33130c-9a8f-4889-ae7d-4e130001b3fc', 'DB migration planned for tonights window.', 'TEXT', '40106d51-51a2-4198-8da1-39d1b8a20da2', 'febc7454-eb22-42db-88b2-87eef9ed139a', NULL, '2025-09-19T14:38:00Z', FALSE);
-- INSERT INTO MESSAGE (ID, CONTENT, CONTENT_TYPE, SENDER_USER_ID, CHANNEL_ID, DIRECT_CONVERSATION_ID, CREATED_AT, DELETED) VALUES ('f9eb9eca-c588-4cec-892b-b7c380313ff3', 'Can we backport this to the LTS branch?', 'TEXT', '3fc5eb3f-bccc-42cd-b3fc-b09b72d068a9', 'aaf2dd12-87f6-49f2-913f-50703e8d0d2f', NULL, '2025-09-19T14:40:00Z', FALSE);
-- INSERT INTO MESSAGE (ID, CONTENT, CONTENT_TYPE, SENDER_USER_ID, CHANNEL_ID, DIRECT_CONVERSATION_ID, CREATED_AT, DELETED) VALUES ('24b65ec6-6fd6-4cfc-981b-2ed1b3541c27', 'Ship it! ', 'TEXT', '46bdf558-8628-4174-9609-116858e46f8d', '2d5981e0-a714-4e67-8402-9f66480d6b4a', NULL, '2025-09-19T14:42:00Z', FALSE);
-- INSERT INTO MESSAGE (ID, CONTENT, CONTENT_TYPE, SENDER_USER_ID, CHANNEL_ID, DIRECT_CONVERSATION_ID, CREATED_AT, DELETED) VALUES ('0d9f3807-9cf2-4b48-84ec-10f10c2cfe31', 'K8s rollout paused; investigating health checks.', 'TEXT', 'fe39ad73-8dd2-49fb-99b8-54c35e928bfd', 'c28d0d21-3b7f-4d37-96ca-1ecb368b5220', NULL, '2025-09-19T14:44:00Z', FALSE);
-- INSERT INTO MESSAGE (ID, CONTENT, CONTENT_TYPE, SENDER_USER_ID, CHANNEL_ID, DIRECT_CONVERSATION_ID, CREATED_AT, DELETED) VALUES ('1f4ff3d1-b5cd-420e-a651-7a46a692b1d9', 'Ill take the oncall handoff at 5.', 'TEXT', '46bdf558-8628-4174-9609-116858e46f8d', 'b267c49c-d1e2-4f18-81eb-88461cce8fc0', NULL, '2025-09-19T14:46:00Z', FALSE);
-- INSERT INTO MESSAGE (ID, CONTENT, CONTENT_TYPE, SENDER_USER_ID, CHANNEL_ID, DIRECT_CONVERSATION_ID, CREATED_AT, DELETED) VALUES ('ecf9b2fc-3210-4839-832d-99967f18d8e2', 'K8s rollout paused; investigating health checks.', 'TEXT', 'f655089e-796b-4c37-852e-ac8e05de7649', '9d29b9e3-1967-4cd6-95f7-d6f78ced92de', NULL, '2025-09-19T14:48:00Z', FALSE);
-- INSERT INTO MESSAGE (ID, CONTENT, CONTENT_TYPE, SENDER_USER_ID, CHANNEL_ID, DIRECT_CONVERSATION_ID, CREATED_AT, DELETED) VALUES ('a33f1d52-ffcb-4c87-8650-b0210338cac1', 'CI is red due to a flaky test, re-running.', 'TEXT', '823504e6-70c0-42d9-9bd3-aeb1182cbf26', 'a22e398c-4b02-4971-a686-a8cb316fd18b', NULL, '2025-09-19T14:50:00Z', FALSE);
-- INSERT INTO MESSAGE (ID, CONTENT, CONTENT_TYPE, SENDER_USER_ID, CHANNEL_ID, DIRECT_CONVERSATION_ID, CREATED_AT, DELETED) VALUES ('4ae57c33-9482-434b-bdd1-173ff25e6628', 'Design sync moved to 2PM ET.', 'TEXT', 'c6e06622-5b74-40d3-9333-1d54cefa6846', '378804ea-32a2-497f-b05d-8a80b8fb41fa', NULL, '2025-09-19T14:52:00Z', FALSE);
-- INSERT INTO MESSAGE (ID, CONTENT, CONTENT_TYPE, SENDER_USER_ID, CHANNEL_ID, DIRECT_CONVERSATION_ID, CREATED_AT, DELETED) VALUES ('a282a004-e8af-48d9-ac5a-b309fb33ff86', 'API latency looks better after the cache tweak.', 'TEXT', '8f1cfd3f-c558-4153-a980-408082fb1a45', 'b267c49c-d1e2-4f18-81eb-88461cce8fc0', NULL, '2025-09-19T14:54:00Z', FALSE);
-- INSERT INTO MESSAGE (ID, CONTENT, CONTENT_TYPE, SENDER_USER_ID, CHANNEL_ID, DIRECT_CONVERSATION_ID, CREATED_AT, DELETED) VALUES ('9dab43e8-8303-4c51-9b2b-00658771895a', 'Slackbot will post deploy notes.', 'TEXT', '3fc5eb3f-bccc-42cd-b3fc-b09b72d068a9', 'ec6f7feb-306c-484c-83bb-24fcb6e18068', NULL, '2025-09-19T14:56:00Z', FALSE);
-- INSERT INTO MESSAGE (ID, CONTENT, CONTENT_TYPE, SENDER_USER_ID, CHANNEL_ID, DIRECT_CONVERSATION_ID, CREATED_AT, DELETED) VALUES ('1c7e703e-1120-4cd9-bb3e-89912f22588f', 'Added metrics for request retries.', 'TEXT', '76b42678-1324-4c0a-b3c2-4faf5543bf5a', '1fd3c0dd-7ccd-4480-80b9-167df954bc15', NULL, '2025-09-19T14:58:00Z', FALSE);
-- INSERT INTO MESSAGE (ID, CONTENT, CONTENT_TYPE, SENDER_USER_ID, CHANNEL_ID, DIRECT_CONVERSATION_ID, CREATED_AT, DELETED) VALUES ('72aac3b2-6367-4fd9-8a2a-dc666d91fd27', 'CI is red due to a flaky test, re-running.', 'TEXT', '454b4808-719e-46c4-aa9d-e7cf013f1adf', '9d29b9e3-1967-4cd6-95f7-d6f78ced92de', NULL, '2025-09-19T15:00:00Z', FALSE);
-- INSERT INTO MESSAGE (ID, CONTENT, CONTENT_TYPE, SENDER_USER_ID, CHANNEL_ID, DIRECT_CONVERSATION_ID, CREATED_AT, DELETED) VALUES ('e824dac7-a0aa-4033-ae60-a5739880599e', 'Anyone reviewing PR #481?', 'TEXT', '40106d51-51a2-4198-8da1-39d1b8a20da2', '34dfa35e-6752-4cc5-b29e-1f036bbae0df', NULL, '2025-09-19T15:02:00Z', FALSE);
-- INSERT INTO MESSAGE (ID, CONTENT, CONTENT_TYPE, SENDER_USER_ID, CHANNEL_ID, DIRECT_CONVERSATION_ID, CREATED_AT, DELETED) VALUES ('7ba676d4-7a26-4746-a813-b19faa282743', 'Design sync moved to 2PM ET.', 'TEXT', '1eefb0c8-3f57-40e4-af5c-b7961356d8d7', 'ec6f7feb-306c-484c-83bb-24fcb6e18068', NULL, '2025-09-19T15:04:00Z', FALSE);
-- INSERT INTO MESSAGE (ID, CONTENT, CONTENT_TYPE, SENDER_USER_ID, CHANNEL_ID, DIRECT_CONVERSATION_ID, CREATED_AT, DELETED) VALUES ('e70894c8-7b08-4a1a-98dd-cc6a44db7a83', 'DB migration planned for tonights window.', 'TEXT', 'c5c0b469-20b8-453b-9740-dc398257d567', '6996ef3c-3eba-421e-b46a-aea292eec45d', NULL, '2025-09-19T15:06:00Z', FALSE);
-- INSERT INTO MESSAGE (ID, CONTENT, CONTENT_TYPE, SENDER_USER_ID, CHANNEL_ID, DIRECT_CONVERSATION_ID, CREATED_AT, DELETED) VALUES ('02bc7e03-6301-4c25-bcec-2112adf8f7ef', 'Design sync moved to 2PM ET.', 'TEXT', 'cca6c986-1c75-4bfc-a91b-b2835b28190f', '02b5b892-7cfa-48c9-97f5-b0d771bbb0c5', NULL, '2025-09-19T15:08:00Z', FALSE);
-- INSERT INTO MESSAGE (ID, CONTENT, CONTENT_TYPE, SENDER_USER_ID, CHANNEL_ID, DIRECT_CONVERSATION_ID, CREATED_AT, DELETED) VALUES ('69f2a4ee-35ef-4b5d-bc86-21d226ccb60f', 'DB migration planned for tonights window.', 'TEXT', 'b3213146-27a9-4446-bac4-7cec7dbca749', '25488aaf-e1be-414b-84fe-e08f9ebb4c3d', NULL, '2025-09-19T15:10:00Z', FALSE);
-- INSERT INTO MESSAGE (ID, CONTENT, CONTENT_TYPE, SENDER_USER_ID, CHANNEL_ID, DIRECT_CONVERSATION_ID, CREATED_AT, DELETED) VALUES ('13bad81c-98a7-416b-89b2-55de78cea5f2', 'Type errors resolved in utils.ts.', 'TEXT', '44f90b5a-04a6-43f0-a4a1-8e5147ed4095', 'aaf2dd12-87f6-49f2-913f-50703e8d0d2f', NULL, '2025-09-19T15:12:00Z', FALSE);
-- INSERT INTO MESSAGE (ID, CONTENT, CONTENT_TYPE, SENDER_USER_ID, CHANNEL_ID, DIRECT_CONVERSATION_ID, CREATED_AT, DELETED) VALUES ('a7e7343d-f0c7-43de-a5e8-d09b7f3d6e1f', 'Ill take the oncall handoff at 5.', 'TEXT', 'b8b89a9f-af2c-4060-bdc7-25cf110aae87', 'b267c49c-d1e2-4f18-81eb-88461cce8fc0', NULL, '2025-09-19T15:14:00Z', FALSE);
-- INSERT INTO MESSAGE (ID, CONTENT, CONTENT_TYPE, SENDER_USER_ID, CHANNEL_ID, DIRECT_CONVERSATION_ID, CREATED_AT, DELETED) VALUES ('91250560-6363-44f3-a5a1-a23f1e265c13', 'Great job on the demo today!', 'TEXT', '1eefb0c8-3f57-40e4-af5c-b7961356d8d7', 'aaf2dd12-87f6-49f2-913f-50703e8d0d2f', NULL, '2025-09-19T15:16:00Z', FALSE);
-- INSERT INTO MESSAGE (ID, CONTENT, CONTENT_TYPE, SENDER_USER_ID, CHANNEL_ID, DIRECT_CONVERSATION_ID, CREATED_AT, DELETED) VALUES ('4e920481-f781-427b-8685-f16c477b81a9', 'Security flagged an outdated dependency.', 'TEXT', '91aca6c5-4c31-4977-87e1-d46478665c89', '6996ef3c-3eba-421e-b46a-aea292eec45d', NULL, '2025-09-19T15:18:00Z', FALSE);
-- INSERT INTO MESSAGE (ID, CONTENT, CONTENT_TYPE, SENDER_USER_ID, CHANNEL_ID, DIRECT_CONVERSATION_ID, CREATED_AT, DELETED) VALUES ('22396452-b9a7-4e97-b6f3-ce99a5cab9dd', 'DB migration planned for tonights window.', 'TEXT', '91aca6c5-4c31-4977-87e1-d46478665c89', '02b5b892-7cfa-48c9-97f5-b0d771bbb0c5', NULL, '2025-09-19T15:20:00Z', FALSE);
-- INSERT INTO MESSAGE (ID, CONTENT, CONTENT_TYPE, SENDER_USER_ID, CHANNEL_ID, DIRECT_CONVERSATION_ID, CREATED_AT, DELETED) VALUES ('8db85fbf-b7be-4d09-987c-c3ce31bac5a7', 'Added metrics for request retries.', 'TEXT', '49b65d51-1657-4cc9-be4c-bd2cf7fc2825', '7780480d-82bf-4dc2-a69d-0042e73b5ef1', NULL, '2025-09-19T15:22:00Z', FALSE);
-- INSERT INTO MESSAGE (ID, CONTENT, CONTENT_TYPE, SENDER_USER_ID, CHANNEL_ID, DIRECT_CONVERSATION_ID, CREATED_AT, DELETED) VALUES ('7c28f5fc-a35f-478c-8e49-1366ca28540f', 'Design sync moved to 2PM ET.', 'TEXT', '3fc5eb3f-bccc-42cd-b3fc-b09b72d068a9', '1d5498d3-2502-4c9f-b608-c9e964ac4863', NULL, '2025-09-19T15:24:00Z', FALSE);
-- INSERT INTO MESSAGE (ID, CONTENT, CONTENT_TYPE, SENDER_USER_ID, CHANNEL_ID, DIRECT_CONVERSATION_ID, CREATED_AT, DELETED) VALUES ('9c6d7e5b-b88d-4d71-960b-147dbc3b987a', 'Type errors resolved in utils.ts.', 'TEXT', '91aca6c5-4c31-4977-87e1-d46478665c89', '1d5498d3-2502-4c9f-b608-c9e964ac4863', NULL, '2025-09-19T15:26:00Z', FALSE);
-- INSERT INTO MESSAGE (ID, CONTENT, CONTENT_TYPE, SENDER_USER_ID, CHANNEL_ID, DIRECT_CONVERSATION_ID, CREATED_AT, DELETED) VALUES ('7e102f58-efcb-4979-a4e9-f72be9d59314', 'Reminder to add unit tests for the parser.', 'TEXT', '8f1cfd3f-c558-4153-a980-408082fb1a45', '9d29b9e3-1967-4cd6-95f7-d6f78ced92de', NULL, '2025-09-19T15:28:00Z', FALSE);
-- INSERT INTO MESSAGE (ID, CONTENT, CONTENT_TYPE, SENDER_USER_ID, CHANNEL_ID, DIRECT_CONVERSATION_ID, CREATED_AT, DELETED) VALUES ('e48805a8-0dba-4fc9-93db-a8bbb11a4d62', 'K8s rollout paused; investigating health checks.', 'TEXT', '3fc5eb3f-bccc-42cd-b3fc-b09b72d068a9', 'c28d0d21-3b7f-4d37-96ca-1ecb368b5220', NULL, '2025-09-19T15:30:00Z', FALSE);
-- INSERT INTO MESSAGE (ID, CONTENT, CONTENT_TYPE, SENDER_USER_ID, CHANNEL_ID, DIRECT_CONVERSATION_ID, CREATED_AT, DELETED) VALUES ('1f5e16b9-2b13-47ee-b03d-788b3eb263ac', 'Ill take the oncall handoff at 5.', 'TEXT', '823504e6-70c0-42d9-9bd3-aeb1182cbf26', '1d5498d3-2502-4c9f-b608-c9e964ac4863', NULL, '2025-09-19T15:32:00Z', FALSE);
-- INSERT INTO MESSAGE (ID, CONTENT, CONTENT_TYPE, SENDER_USER_ID, CHANNEL_ID, DIRECT_CONVERSATION_ID, CREATED_AT, DELETED) VALUES ('78c75649-40e4-4736-8ad9-859f438cd61a', 'API latency looks better after the cache tweak.', 'TEXT', '47ee2352-787e-4c24-882c-94c962f4b1e1', '02b5b892-7cfa-48c9-97f5-b0d771bbb0c5', NULL, '2025-09-19T15:34:00Z', FALSE);
-- INSERT INTO MESSAGE (ID, CONTENT, CONTENT_TYPE, SENDER_USER_ID, CHANNEL_ID, DIRECT_CONVERSATION_ID, CREATED_AT, DELETED) VALUES ('9150d1cc-75e4-472a-ba00-d63e97b3e6a1', 'Design sync moved to 2PM ET.', 'TEXT', '44f90b5a-04a6-43f0-a4a1-8e5147ed4095', 'c8408078-6f6f-4dd6-937b-ff4c87b1fda6', NULL, '2025-09-19T15:36:00Z', FALSE);
-- INSERT INTO MESSAGE (ID, CONTENT, CONTENT_TYPE, SENDER_USER_ID, CHANNEL_ID, DIRECT_CONVERSATION_ID, CREATED_AT, DELETED) VALUES ('65f7ce59-82a0-4555-94c5-2d41d0324e37', 'Can we backport this to the LTS branch?', 'TEXT', '454b4808-719e-46c4-aa9d-e7cf013f1adf', 'c8408078-6f6f-4dd6-937b-ff4c87b1fda6', NULL, '2025-09-19T15:38:00Z', FALSE);
-- INSERT INTO MESSAGE (ID, CONTENT, CONTENT_TYPE, SENDER_USER_ID, CHANNEL_ID, DIRECT_CONVERSATION_ID, CREATED_AT, DELETED) VALUES ('2bf10433-bb1d-4312-bcbb-e2ed96ba1206', 'Security flagged an outdated dependency.', 'TEXT', 'f655089e-796b-4c37-852e-ac8e05de7649', 'ec6f7feb-306c-484c-83bb-24fcb6e18068', NULL, '2025-09-19T15:40:00Z', FALSE);
-- INSERT INTO MESSAGE (ID, CONTENT, CONTENT_TYPE, SENDER_USER_ID, CHANNEL_ID, DIRECT_CONVERSATION_ID, CREATED_AT, DELETED) VALUES ('b25cca8d-37ae-48c8-b333-2ce7e83ebb4b', 'DB migration planned for tonights window.', 'TEXT', '47ee2352-787e-4c24-882c-94c962f4b1e1', '02b5b892-7cfa-48c9-97f5-b0d771bbb0c5', NULL, '2025-09-19T15:42:00Z', FALSE);
-- INSERT INTO MESSAGE (ID, CONTENT, CONTENT_TYPE, SENDER_USER_ID, CHANNEL_ID, DIRECT_CONVERSATION_ID, CREATED_AT, DELETED) VALUES ('8fe4b628-9cb0-4e16-9d7b-1b4755d527a8', 'Can we backport this to the LTS branch?', 'TEXT', 'cf869f21-163a-4c5f-8ec8-8a3841b41ff4', '378804ea-32a2-497f-b05d-8a80b8fb41fa', NULL, '2025-09-19T15:44:00Z', FALSE);
-- INSERT INTO MESSAGE (ID, CONTENT, CONTENT_TYPE, SENDER_USER_ID, CHANNEL_ID, DIRECT_CONVERSATION_ID, CREATED_AT, DELETED) VALUES ('515dffb1-9f29-429f-8de1-b6ffd6872e77', 'Frontend build is 30% faster now.', 'TEXT', '91aca6c5-4c31-4977-87e1-d46478665c89', 'ec6f7feb-306c-484c-83bb-24fcb6e18068', NULL, '2025-09-19T15:46:00Z', FALSE);
-- INSERT INTO MESSAGE (ID, CONTENT, CONTENT_TYPE, SENDER_USER_ID, CHANNEL_ID, DIRECT_CONVERSATION_ID, CREATED_AT, DELETED) VALUES ('282d3c61-2c38-4e10-b56b-02637f028767', 'Morning team  standup in 10.', 'TEXT', '49b65d51-1657-4cc9-be4c-bd2cf7fc2825', 'ae38c4b1-33b9-4a55-bf4a-901b77702367', NULL, '2025-09-19T15:48:00Z', FALSE);
-- INSERT INTO MESSAGE (ID, CONTENT, CONTENT_TYPE, SENDER_USER_ID, CHANNEL_ID, DIRECT_CONVERSATION_ID, CREATED_AT, DELETED) VALUES ('3d44115d-a6a8-4492-97cd-c68f46a0b3d3', 'Frontend build is 30% faster now.', 'TEXT', '7ba43faf-2de0-4a36-aedc-12d14df517c0', 'ae38c4b1-33b9-4a55-bf4a-901b77702367', NULL, '2025-09-19T15:50:00Z', FALSE);
-- INSERT INTO MESSAGE (ID, CONTENT, CONTENT_TYPE, SENDER_USER_ID, CHANNEL_ID, DIRECT_CONVERSATION_ID, CREATED_AT, DELETED) VALUES ('4b32fa7f-b67a-4ab6-9e3b-c3a939b18669', 'Specs updated in the docs folder.', 'TEXT', '8f1cfd3f-c558-4153-a980-408082fb1a45', '34dfa35e-6752-4cc5-b29e-1f036bbae0df', NULL, '2025-09-19T15:52:00Z', FALSE);
-- INSERT INTO MESSAGE (ID, CONTENT, CONTENT_TYPE, SENDER_USER_ID, CHANNEL_ID, DIRECT_CONVERSATION_ID, CREATED_AT, DELETED) VALUES ('ffb2923b-d23a-401f-bede-70b5c90fc7ae', 'Security flagged an outdated dependency.', 'TEXT', '0dfbd74c-4e6f-4f54-bd6b-b95305d22a0a', '1fd3c0dd-7ccd-4480-80b9-167df954bc15', NULL, '2025-09-19T15:54:00Z', FALSE);
-- INSERT INTO MESSAGE (ID, CONTENT, CONTENT_TYPE, SENDER_USER_ID, CHANNEL_ID, DIRECT_CONVERSATION_ID, CREATED_AT, DELETED) VALUES ('697dcb1d-7c85-4b87-8069-229667406350', 'Great job on the demo today!', 'TEXT', 'b8b89a9f-af2c-4060-bdc7-25cf110aae87', '02b5b892-7cfa-48c9-97f5-b0d771bbb0c5', NULL, '2025-09-19T15:56:00Z', FALSE);
-- INSERT INTO MESSAGE (ID, CONTENT, CONTENT_TYPE, SENDER_USER_ID, CHANNEL_ID, DIRECT_CONVERSATION_ID, CREATED_AT, DELETED) VALUES ('28e4b69f-ee7c-4eb4-bcde-055093de09c2', 'Added metrics for request retries.', 'TEXT', '49b65d51-1657-4cc9-be4c-bd2cf7fc2825', '9d29b9e3-1967-4cd6-95f7-d6f78ced92de', NULL, '2025-09-19T15:58:00Z', FALSE);
-- INSERT INTO CARD_PRIORITY (ID, PRIORITY_KEY, LABEL, SORT_ORDER, COLOR_HEX) VALUES ('b1f3b3d8-3f5b-4b1d-8b01-2b00b0e35798', 'HIGH', 'High', 0, '#ef4444');
-- INSERT INTO CARD_PRIORITY (ID, PRIORITY_KEY, LABEL, SORT_ORDER, COLOR_HEX) VALUES ('1f0f4b3e-5b1a-4b9e-9b62-1b1a7d6e6d1b', 'MEDIUM', 'Medium', 1, '#f59e0b');
-- INSERT INTO CARD_PRIORITY (ID, PRIORITY_KEY, LABEL, SORT_ORDER, COLOR_HEX) VALUES ('a2e0c1b0-9b3e-4b8d-8f2c-5b0c9e2d3b2a', 'LOW', 'Low', 2, '#10b981');



-- Full seed data for Slack-like developer workspace (all 15 tables)
-- All timestamps on 2025-09-19; generated for import.sql

INSERT INTO USERS (ID, USERNAME, DISPLAY_NAME, EMAIL, PROFILE_URL, ACCOUNT_STATUS, CREATED_TIMESTAMP, UPDATED_TIMESTAMP) VALUES ('68973614-94db-4f98-9729-0712e0c5c0fa', 'alice1', 'Alice', 'alice1@example.com', 'https://i.pravatar.cc/150?u=alice1', 'ACTIVE', '2025-09-19T10:00:00Z', '2025-09-19T10:00:00Z');
INSERT INTO USERS (ID, USERNAME, DISPLAY_NAME, EMAIL, PROFILE_URL, ACCOUNT_STATUS, CREATED_TIMESTAMP, UPDATED_TIMESTAMP) VALUES ('e47beacf-c098-4286-b417-3d45c94bd968', 'bob2', 'Bob', 'bob2@example.com', 'https://i.pravatar.cc/150?u=bob2', 'ACTIVE', '2025-09-19T10:01:00Z', '2025-09-19T10:01:00Z');
INSERT INTO USERS (ID, USERNAME, DISPLAY_NAME, EMAIL, PROFILE_URL, ACCOUNT_STATUS, CREATED_TIMESTAMP, UPDATED_TIMESTAMP) VALUES ('ae2d64e5-d825-49fc-91bb-f530be88ca84', 'charlie3', 'Charlie', 'charlie3@example.com', 'https://i.pravatar.cc/150?u=charlie3', 'ACTIVE', '2025-09-19T10:02:00Z', '2025-09-19T10:02:00Z');
INSERT INTO USERS (ID, USERNAME, DISPLAY_NAME, EMAIL, PROFILE_URL, ACCOUNT_STATUS, CREATED_TIMESTAMP, UPDATED_TIMESTAMP) VALUES ('0d9d27d6-8977-46d8-b00a-2464a932aafe', 'dave4', 'Dave', 'dave4@example.com', 'https://i.pravatar.cc/150?u=dave4', 'ACTIVE', '2025-09-19T10:03:00Z', '2025-09-19T10:03:00Z');
INSERT INTO USERS (ID, USERNAME, DISPLAY_NAME, EMAIL, PROFILE_URL, ACCOUNT_STATUS, CREATED_TIMESTAMP, UPDATED_TIMESTAMP) VALUES ('cc58e483-1807-4ab2-83ce-fb2336da1cfd', 'emily5', 'Emily', 'emily5@example.com', 'https://i.pravatar.cc/150?u=emily5', 'ACTIVE', '2025-09-19T10:04:00Z', '2025-09-19T10:04:00Z');
INSERT INTO USERS (ID, USERNAME, DISPLAY_NAME, EMAIL, PROFILE_URL, ACCOUNT_STATUS, CREATED_TIMESTAMP, UPDATED_TIMESTAMP) VALUES ('0c862291-6d43-47fc-8682-ae358658a5e4', 'frank6', 'Frank', 'frank6@example.com', 'https://i.pravatar.cc/150?u=frank6', 'ACTIVE', '2025-09-19T10:05:00Z', '2025-09-19T10:05:00Z');
INSERT INTO USERS (ID, USERNAME, DISPLAY_NAME, EMAIL, PROFILE_URL, ACCOUNT_STATUS, CREATED_TIMESTAMP, UPDATED_TIMESTAMP) VALUES ('2915dd6e-8c44-4355-8f1b-f7c8c8b0f48d', 'grace7', 'Grace', 'grace7@example.com', 'https://i.pravatar.cc/150?u=grace7', 'ACTIVE', '2025-09-19T10:06:00Z', '2025-09-19T10:06:00Z');
INSERT INTO USERS (ID, USERNAME, DISPLAY_NAME, EMAIL, PROFILE_URL, ACCOUNT_STATUS, CREATED_TIMESTAMP, UPDATED_TIMESTAMP) VALUES ('927bb721-e8e5-41a7-9a4a-d04201713d45', 'henry8', 'Henry', 'henry8@example.com', 'https://i.pravatar.cc/150?u=henry8', 'ACTIVE', '2025-09-19T10:07:00Z', '2025-09-19T10:07:00Z');
INSERT INTO USERS (ID, USERNAME, DISPLAY_NAME, EMAIL, PROFILE_URL, ACCOUNT_STATUS, CREATED_TIMESTAMP, UPDATED_TIMESTAMP) VALUES ('fff673d0-c4be-49fc-8342-6554a25d19ee', 'isabel9', 'Isabel', 'isabel9@example.com', 'https://i.pravatar.cc/150?u=isabel9', 'ACTIVE', '2025-09-19T10:08:00Z', '2025-09-19T10:08:00Z');
INSERT INTO USERS (ID, USERNAME, DISPLAY_NAME, EMAIL, PROFILE_URL, ACCOUNT_STATUS, CREATED_TIMESTAMP, UPDATED_TIMESTAMP) VALUES ('3be336ff-fa43-4f51-baab-0f05457184ef', 'jack10', 'Jack', 'jack10@example.com', 'https://i.pravatar.cc/150?u=jack10', 'ACTIVE', '2025-09-19T10:09:00Z', '2025-09-19T10:09:00Z');
INSERT INTO USERS (ID, USERNAME, DISPLAY_NAME, EMAIL, PROFILE_URL, ACCOUNT_STATUS, CREATED_TIMESTAMP, UPDATED_TIMESTAMP) VALUES ('e5a05139-c46c-41f4-bac0-99d5653e5804', 'karen11', 'Karen', 'karen11@example.com', 'https://i.pravatar.cc/150?u=karen11', 'ACTIVE', '2025-09-19T10:10:00Z', '2025-09-19T10:10:00Z');
INSERT INTO USERS (ID, USERNAME, DISPLAY_NAME, EMAIL, PROFILE_URL, ACCOUNT_STATUS, CREATED_TIMESTAMP, UPDATED_TIMESTAMP) VALUES ('0a743332-50d7-41f3-8b6a-a63cec503b96', 'liam12', 'Liam', 'liam12@example.com', 'https://i.pravatar.cc/150?u=liam12', 'ACTIVE', '2025-09-19T10:11:00Z', '2025-09-19T10:11:00Z');
INSERT INTO USERS (ID, USERNAME, DISPLAY_NAME, EMAIL, PROFILE_URL, ACCOUNT_STATUS, CREATED_TIMESTAMP, UPDATED_TIMESTAMP) VALUES ('2330f28c-71ad-4bd9-be36-b44ee56f6727', 'maya13', 'Maya', 'maya13@example.com', 'https://i.pravatar.cc/150?u=maya13', 'ACTIVE', '2025-09-19T10:12:00Z', '2025-09-19T10:12:00Z');
INSERT INTO USERS (ID, USERNAME, DISPLAY_NAME, EMAIL, PROFILE_URL, ACCOUNT_STATUS, CREATED_TIMESTAMP, UPDATED_TIMESTAMP) VALUES ('dcf7d233-454a-4eab-a1d9-895cbcf73dbd', 'nathan14', 'Nathan', 'nathan14@example.com', 'https://i.pravatar.cc/150?u=nathan14', 'ACTIVE', '2025-09-19T10:13:00Z', '2025-09-19T10:13:00Z');
INSERT INTO USERS (ID, USERNAME, DISPLAY_NAME, EMAIL, PROFILE_URL, ACCOUNT_STATUS, CREATED_TIMESTAMP, UPDATED_TIMESTAMP) VALUES ('11e73f2c-8c74-4a46-be69-276e0ca4b092', 'olivia15', 'Olivia', 'olivia15@example.com', 'https://i.pravatar.cc/150?u=olivia15', 'ACTIVE', '2025-09-19T10:14:00Z', '2025-09-19T10:14:00Z');
INSERT INTO USERS (ID, USERNAME, DISPLAY_NAME, EMAIL, PROFILE_URL, ACCOUNT_STATUS, CREATED_TIMESTAMP, UPDATED_TIMESTAMP) VALUES ('45877c9d-14ba-4ef6-8ce3-2034cec82fd3', 'paul16', 'Paul', 'paul16@example.com', 'https://i.pravatar.cc/150?u=paul16', 'ACTIVE', '2025-09-19T10:15:00Z', '2025-09-19T10:15:00Z');
INSERT INTO USERS (ID, USERNAME, DISPLAY_NAME, EMAIL, PROFILE_URL, ACCOUNT_STATUS, CREATED_TIMESTAMP, UPDATED_TIMESTAMP) VALUES ('ea81be69-a79e-406e-9c36-11d10cedf9b2', 'quinn17', 'Quinn', 'quinn17@example.com', 'https://i.pravatar.cc/150?u=quinn17', 'ACTIVE', '2025-09-19T10:16:00Z', '2025-09-19T10:16:00Z');
INSERT INTO USERS (ID, USERNAME, DISPLAY_NAME, EMAIL, PROFILE_URL, ACCOUNT_STATUS, CREATED_TIMESTAMP, UPDATED_TIMESTAMP) VALUES ('4391c62b-ac08-4b9a-8330-286f29a96afd', 'ravi18', 'Ravi', 'ravi18@example.com', 'https://i.pravatar.cc/150?u=ravi18', 'ACTIVE', '2025-09-19T10:17:00Z', '2025-09-19T10:17:00Z');
INSERT INTO USERS (ID, USERNAME, DISPLAY_NAME, EMAIL, PROFILE_URL, ACCOUNT_STATUS, CREATED_TIMESTAMP, UPDATED_TIMESTAMP) VALUES ('6fd28d64-d799-49d6-a786-42379b81a92f', 'sara19', 'Sara', 'sara19@example.com', 'https://i.pravatar.cc/150?u=sara19', 'ACTIVE', '2025-09-19T10:18:00Z', '2025-09-19T10:18:00Z');
INSERT INTO USERS (ID, USERNAME, DISPLAY_NAME, EMAIL, PROFILE_URL, ACCOUNT_STATUS, CREATED_TIMESTAMP, UPDATED_TIMESTAMP) VALUES ('b4582ada-4434-4034-a6e0-3bb5c52fd119', 'tom20', 'Tom', 'tom20@example.com', 'https://i.pravatar.cc/150?u=tom20', 'ACTIVE', '2025-09-19T10:19:00Z', '2025-09-19T10:19:00Z');
INSERT INTO USERS (ID, USERNAME, DISPLAY_NAME, EMAIL, PROFILE_URL, ACCOUNT_STATUS, CREATED_TIMESTAMP, UPDATED_TIMESTAMP) VALUES ('962f18a5-f888-4886-b93d-a763ff8c9d98', 'uma21', 'Uma', 'uma21@example.com', 'https://i.pravatar.cc/150?u=uma21', 'ACTIVE', '2025-09-19T10:20:00Z', '2025-09-19T10:20:00Z');
INSERT INTO USERS (ID, USERNAME, DISPLAY_NAME, EMAIL, PROFILE_URL, ACCOUNT_STATUS, CREATED_TIMESTAMP, UPDATED_TIMESTAMP) VALUES ('3ea561d3-a6be-4658-90a7-1267f9a3f31a', 'victor22', 'Victor', 'victor22@example.com', 'https://i.pravatar.cc/150?u=victor22', 'ACTIVE', '2025-09-19T10:21:00Z', '2025-09-19T10:21:00Z');
INSERT INTO USERS (ID, USERNAME, DISPLAY_NAME, EMAIL, PROFILE_URL, ACCOUNT_STATUS, CREATED_TIMESTAMP, UPDATED_TIMESTAMP) VALUES ('7d3e50a8-7831-4589-8676-abfeb06ef3aa', 'wendy23', 'Wendy', 'wendy23@example.com', 'https://i.pravatar.cc/150?u=wendy23', 'ACTIVE', '2025-09-19T10:22:00Z', '2025-09-19T10:22:00Z');
INSERT INTO USERS (ID, USERNAME, DISPLAY_NAME, EMAIL, PROFILE_URL, ACCOUNT_STATUS, CREATED_TIMESTAMP, UPDATED_TIMESTAMP) VALUES ('9fd43d24-8c7c-460b-814b-fa56373db5ed', 'xavier24', 'Xavier', 'xavier24@example.com', 'https://i.pravatar.cc/150?u=xavier24', 'ACTIVE', '2025-09-19T10:23:00Z', '2025-09-19T10:23:00Z');
INSERT INTO USERS (ID, USERNAME, DISPLAY_NAME, EMAIL, PROFILE_URL, ACCOUNT_STATUS, CREATED_TIMESTAMP, UPDATED_TIMESTAMP) VALUES ('a44b01b8-7db1-4291-a75e-dc046ca12372', 'yara25', 'Yara', 'yara25@example.com', 'https://i.pravatar.cc/150?u=yara25', 'ACTIVE', '2025-09-19T10:24:00Z', '2025-09-19T10:24:00Z');
INSERT INTO USERS (ID, USERNAME, DISPLAY_NAME, EMAIL, PROFILE_URL, ACCOUNT_STATUS, CREATED_TIMESTAMP, UPDATED_TIMESTAMP) VALUES ('65f37860-80c6-4e1e-b1b0-62993c0ca5df', 'zach26', 'Zach', 'zach26@example.com', 'https://i.pravatar.cc/150?u=zach26', 'ACTIVE', '2025-09-19T10:25:00Z', '2025-09-19T10:25:00Z');
INSERT INTO USERS (ID, USERNAME, DISPLAY_NAME, EMAIL, PROFILE_URL, ACCOUNT_STATUS, CREATED_TIMESTAMP, UPDATED_TIMESTAMP) VALUES ('10d16b3e-565a-4579-8643-03578e8be901', 'noah27', 'Noah', 'noah27@example.com', 'https://i.pravatar.cc/150?u=noah27', 'ACTIVE', '2025-09-19T10:26:00Z', '2025-09-19T10:26:00Z');
INSERT INTO USERS (ID, USERNAME, DISPLAY_NAME, EMAIL, PROFILE_URL, ACCOUNT_STATUS, CREATED_TIMESTAMP, UPDATED_TIMESTAMP) VALUES ('b72e8dbf-922e-43ce-ba07-7dbe3eb2ba42', 'ava28', 'Ava', 'ava28@example.com', 'https://i.pravatar.cc/150?u=ava28', 'ACTIVE', '2025-09-19T10:27:00Z', '2025-09-19T10:27:00Z');
INSERT INTO USERS (ID, USERNAME, DISPLAY_NAME, EMAIL, PROFILE_URL, ACCOUNT_STATUS, CREATED_TIMESTAMP, UPDATED_TIMESTAMP) VALUES ('1aa8e23d-6846-4fa4-a252-e28a3ca685f2', 'leo29', 'Leo', 'leo29@example.com', 'https://i.pravatar.cc/150?u=leo29', 'ACTIVE', '2025-09-19T10:28:00Z', '2025-09-19T10:28:00Z');
INSERT INTO USERS (ID, USERNAME, DISPLAY_NAME, EMAIL, PROFILE_URL, ACCOUNT_STATUS, CREATED_TIMESTAMP, UPDATED_TIMESTAMP) VALUES ('a8807234-9776-45af-87c6-c67aee3e62d8', 'mia30', 'Mia', 'mia30@example.com', 'https://i.pravatar.cc/150?u=mia30', 'ACTIVE', '2025-09-19T10:29:00Z', '2025-09-19T10:29:00Z');
INSERT INTO CHANNELS (ID, NAME, DESCRIPTION, IS_PUBLIC, CREATED_BY, CREATED_AT) VALUES ('a6d27e2f-2619-4a53-a3ec-7fc9f10a0eda', 'general-1', 'Public channel for general.', TRUE, 'cc58e483-1807-4ab2-83ce-fb2336da1cfd', '2025-09-19T11:00:00Z');
INSERT INTO CHANNELS (ID, NAME, DESCRIPTION, IS_PUBLIC, CREATED_BY, CREATED_AT) VALUES ('e757b5b9-e261-430f-b2d0-d178dcd6e2dc', 'random-2', 'Public channel for random.', TRUE, '962f18a5-f888-4886-b93d-a763ff8c9d98', '2025-09-19T11:03:00Z');
INSERT INTO CHANNELS (ID, NAME, DESCRIPTION, IS_PUBLIC, CREATED_BY, CREATED_AT) VALUES ('63353300-1058-42be-a3c5-09e03f829391', 'product-3', 'Public channel for product.', TRUE, 'ae2d64e5-d825-49fc-91bb-f530be88ca84', '2025-09-19T11:06:00Z');
INSERT INTO CHANNELS (ID, NAME, DESCRIPTION, IS_PUBLIC, CREATED_BY, CREATED_AT) VALUES ('700c1676-696d-4cae-9231-5dcc76bf0ee4', 'incident-response-4', 'Private channel for incident-response.', FALSE, '0d9d27d6-8977-46d8-b00a-2464a932aafe', '2025-09-19T11:09:00Z');
INSERT INTO CHANNELS (ID, NAME, DESCRIPTION, IS_PUBLIC, CREATED_BY, CREATED_AT) VALUES ('faecdb32-9123-480a-8a72-7d75b83857c5', 'backend-5', 'Public channel for backend.', TRUE, '6fd28d64-d799-49d6-a786-42379b81a92f', '2025-09-19T11:12:00Z');
INSERT INTO CHANNELS (ID, NAME, DESCRIPTION, IS_PUBLIC, CREATED_BY, CREATED_AT) VALUES ('def4decc-edd4-4a94-9ee5-dce940ada25c', 'infra-6', 'Public channel for infra.', TRUE, 'a8807234-9776-45af-87c6-c67aee3e62d8', '2025-09-19T11:15:00Z');
INSERT INTO CHANNELS (ID, NAME, DESCRIPTION, IS_PUBLIC, CREATED_BY, CREATED_AT) VALUES ('b8990372-fd6f-41a3-9f08-9baf64f20b2d', 'offer-review-7', 'Private channel for offer-review.', FALSE, '2915dd6e-8c44-4355-8f1b-f7c8c8b0f48d', '2025-09-19T11:18:00Z');
INSERT INTO CHANNELS (ID, NAME, DESCRIPTION, IS_PUBLIC, CREATED_BY, CREATED_AT) VALUES ('7c6fbef3-6e9c-4e5a-8294-fa8d0e00b68e', 'design-8', 'Public channel for design.', TRUE, 'ae2d64e5-d825-49fc-91bb-f530be88ca84', '2025-09-19T11:21:00Z');
INSERT INTO CHANNELS (ID, NAME, DESCRIPTION, IS_PUBLIC, CREATED_BY, CREATED_AT) VALUES ('7ca28667-23cd-4e1c-bf9f-449e0df8ad2b', 'data-science-9', 'Public channel for data-science.', TRUE, 'dcf7d233-454a-4eab-a1d9-895cbcf73dbd', '2025-09-19T11:24:00Z');
INSERT INTO CHANNELS (ID, NAME, DESCRIPTION, IS_PUBLIC, CREATED_BY, CREATED_AT) VALUES ('0d5dbe4d-1d6a-4682-885e-7ff64fb18220', 'ml-research-10', 'Public channel for ml-research.', TRUE, '927bb721-e8e5-41a7-9a4a-d04201713d45', '2025-09-19T11:27:00Z');
INSERT INTO CHANNELS (ID, NAME, DESCRIPTION, IS_PUBLIC, CREATED_BY, CREATED_AT) VALUES ('ae9c0f68-598b-498e-9014-a095436f7ca4', 'qa-11', 'Public channel for qa.', TRUE, '4391c62b-ac08-4b9a-8330-286f29a96afd', '2025-09-19T11:30:00Z');
INSERT INTO CHANNELS (ID, NAME, DESCRIPTION, IS_PUBLIC, CREATED_BY, CREATED_AT) VALUES ('7c42e885-1211-491a-9bfc-c1ed825f549f', 'docs-12', 'Public channel for docs.', TRUE, 'e47beacf-c098-4286-b417-3d45c94bd968', '2025-09-19T11:33:00Z');
INSERT INTO CHANNELS (ID, NAME, DESCRIPTION, IS_PUBLIC, CREATED_BY, CREATED_AT) VALUES ('2f65aa0b-3685-4081-be75-7b116a8100a7', 'reliability-13', 'Private channel for reliability.', FALSE, '0d9d27d6-8977-46d8-b00a-2464a932aafe', '2025-09-19T11:36:00Z');
INSERT INTO CHANNELS (ID, NAME, DESCRIPTION, IS_PUBLIC, CREATED_BY, CREATED_AT) VALUES ('dc9cb57e-6b8e-4e76-9086-2a9d1c9e8599', 'mobile-14', 'Public channel for mobile.', TRUE, '962f18a5-f888-4886-b93d-a763ff8c9d98', '2025-09-19T11:39:00Z');
INSERT INTO CHANNELS (ID, NAME, DESCRIPTION, IS_PUBLIC, CREATED_BY, CREATED_AT) VALUES ('5bc82da6-8d9d-48cb-827c-957384893bab', 'offer-review-15', 'Private channel for offer-review.', FALSE, '6fd28d64-d799-49d6-a786-42379b81a92f', '2025-09-19T11:42:00Z');
INSERT INTO CHANNELS (ID, NAME, DESCRIPTION, IS_PUBLIC, CREATED_BY, CREATED_AT) VALUES ('e50989e4-ed60-4957-8b7c-54d307deb060', 'support-16', 'Public channel for support.', TRUE, '6fd28d64-d799-49d6-a786-42379b81a92f', '2025-09-19T11:45:00Z');
INSERT INTO CHANNELS (ID, NAME, DESCRIPTION, IS_PUBLIC, CREATED_BY, CREATED_AT) VALUES ('ebab2ef4-07ca-4b62-b9c9-15c01edeb2c4', 'dev-team-17', 'Private channel for dev-team.', FALSE, '2330f28c-71ad-4bd9-be36-b44ee56f6727', '2025-09-19T11:48:00Z');
INSERT INTO CHANNELS (ID, NAME, DESCRIPTION, IS_PUBLIC, CREATED_BY, CREATED_AT) VALUES ('73802fd1-12b5-4abd-bdec-a92b8bdf9061', 'random-18', 'Public channel for random.', TRUE, '927bb721-e8e5-41a7-9a4a-d04201713d45', '2025-09-19T11:51:00Z');
INSERT INTO CHANNELS (ID, NAME, DESCRIPTION, IS_PUBLIC, CREATED_BY, CREATED_AT) VALUES ('44e5b8d7-decd-45bc-9bd4-02856902c986', 'product-19', 'Public channel for product.', TRUE, '4391c62b-ac08-4b9a-8330-286f29a96afd', '2025-09-19T11:54:00Z');
INSERT INTO CHANNELS (ID, NAME, DESCRIPTION, IS_PUBLIC, CREATED_BY, CREATED_AT) VALUES ('df7b437c-eebb-4d30-871c-6a5f1e228df8', 'frontend-20', 'Public channel for frontend.', TRUE, '3be336ff-fa43-4f51-baab-0f05457184ef', '2025-09-19T11:57:00Z');
INSERT INTO CHANNEL_MEMBERS (ID, CHANNEL_ID, USER_ID, ROLE, JOINED_AT) VALUES ('25cba43c-a825-481f-803a-732647875a6e', 'a6d27e2f-2619-4a53-a3ec-7fc9f10a0eda', 'cc58e483-1807-4ab2-83ce-fb2336da1cfd', 'MEMBER', '2025-09-19T11:24:00Z');
INSERT INTO CHANNEL_MEMBERS (ID, CHANNEL_ID, USER_ID, ROLE, JOINED_AT) VALUES ('050457b3-2319-4478-a4b1-90dd2f47579e', 'a6d27e2f-2619-4a53-a3ec-7fc9f10a0eda', '4391c62b-ac08-4b9a-8330-286f29a96afd', 'MEMBER', '2025-09-19T13:20:00Z');
INSERT INTO CHANNEL_MEMBERS (ID, CHANNEL_ID, USER_ID, ROLE, JOINED_AT) VALUES ('4bd509a4-5208-418c-ac96-f339a6f3dd78', 'a6d27e2f-2619-4a53-a3ec-7fc9f10a0eda', '0d9d27d6-8977-46d8-b00a-2464a932aafe', 'MEMBER', '2025-09-19T11:16:00Z');
INSERT INTO CHANNEL_MEMBERS (ID, CHANNEL_ID, USER_ID, ROLE, JOINED_AT) VALUES ('514077dd-75df-4de8-9cc2-b7f82947ce27', 'a6d27e2f-2619-4a53-a3ec-7fc9f10a0eda', '6fd28d64-d799-49d6-a786-42379b81a92f', 'MEMBER', '2025-09-19T13:24:00Z');
INSERT INTO CHANNEL_MEMBERS (ID, CHANNEL_ID, USER_ID, ROLE, JOINED_AT) VALUES ('c952cbfc-5e0c-4fee-ae2b-a790284c117f', 'a6d27e2f-2619-4a53-a3ec-7fc9f10a0eda', '3be336ff-fa43-4f51-baab-0f05457184ef', 'MEMBER', '2025-09-19T11:15:00Z');
INSERT INTO CHANNEL_MEMBERS (ID, CHANNEL_ID, USER_ID, ROLE, JOINED_AT) VALUES ('e9f3e844-ba9d-427d-baa3-d0d54bded2d1', 'a6d27e2f-2619-4a53-a3ec-7fc9f10a0eda', '1aa8e23d-6846-4fa4-a252-e28a3ca685f2', 'ADMIN', '2025-09-19T13:38:00Z');
INSERT INTO CHANNEL_MEMBERS (ID, CHANNEL_ID, USER_ID, ROLE, JOINED_AT) VALUES ('e1e2f554-647d-4b1a-b976-7fab9d795591', 'a6d27e2f-2619-4a53-a3ec-7fc9f10a0eda', '3ea561d3-a6be-4658-90a7-1267f9a3f31a', 'MEMBER', '2025-09-19T11:52:00Z');
INSERT INTO CHANNEL_MEMBERS (ID, CHANNEL_ID, USER_ID, ROLE, JOINED_AT) VALUES ('cd8c67de-2f7f-44af-9585-c603071125e2', 'a6d27e2f-2619-4a53-a3ec-7fc9f10a0eda', '0c862291-6d43-47fc-8682-ae358658a5e4', 'MEMBER', '2025-09-19T13:07:00Z');
INSERT INTO CHANNEL_MEMBERS (ID, CHANNEL_ID, USER_ID, ROLE, JOINED_AT) VALUES ('7c0755c4-ba7f-4483-81f4-e0a78aa55cf5', 'a6d27e2f-2619-4a53-a3ec-7fc9f10a0eda', 'b72e8dbf-922e-43ce-ba07-7dbe3eb2ba42', 'MEMBER', '2025-09-19T13:54:00Z');
INSERT INTO CHANNEL_MEMBERS (ID, CHANNEL_ID, USER_ID, ROLE, JOINED_AT) VALUES ('5e7ad6c9-41ae-4728-aa4d-dbd9f54ae803', 'a6d27e2f-2619-4a53-a3ec-7fc9f10a0eda', '10d16b3e-565a-4579-8643-03578e8be901', 'MEMBER', '2025-09-19T13:16:00Z');
INSERT INTO CHANNEL_MEMBERS (ID, CHANNEL_ID, USER_ID, ROLE, JOINED_AT) VALUES ('38f7826d-9fec-47f6-8483-3ee187a39d96', 'a6d27e2f-2619-4a53-a3ec-7fc9f10a0eda', '962f18a5-f888-4886-b93d-a763ff8c9d98', 'MEMBER', '2025-09-19T12:49:00Z');
INSERT INTO CHANNEL_MEMBERS (ID, CHANNEL_ID, USER_ID, ROLE, JOINED_AT) VALUES ('b97bd718-7a56-4151-8596-26dbc7ef0b75', 'a6d27e2f-2619-4a53-a3ec-7fc9f10a0eda', '2915dd6e-8c44-4355-8f1b-f7c8c8b0f48d', 'MEMBER', '2025-09-19T12:20:00Z');
INSERT INTO CHANNEL_MEMBERS (ID, CHANNEL_ID, USER_ID, ROLE, JOINED_AT) VALUES ('0ad17c33-d5d8-477a-9426-3dba7c89c687', 'e757b5b9-e261-430f-b2d0-d178dcd6e2dc', '6fd28d64-d799-49d6-a786-42379b81a92f', 'MEMBER', '2025-09-19T12:54:00Z');
INSERT INTO CHANNEL_MEMBERS (ID, CHANNEL_ID, USER_ID, ROLE, JOINED_AT) VALUES ('297b016f-e40a-4268-9f64-5d5d4ed82334', 'e757b5b9-e261-430f-b2d0-d178dcd6e2dc', '11e73f2c-8c74-4a46-be69-276e0ca4b092', 'MEMBER', '2025-09-19T12:13:00Z');
INSERT INTO CHANNEL_MEMBERS (ID, CHANNEL_ID, USER_ID, ROLE, JOINED_AT) VALUES ('5e7ee571-c5d3-4f80-bd80-474bbb39cf6c', 'e757b5b9-e261-430f-b2d0-d178dcd6e2dc', '0a743332-50d7-41f3-8b6a-a63cec503b96', 'MEMBER', '2025-09-19T13:35:00Z');
INSERT INTO CHANNEL_MEMBERS (ID, CHANNEL_ID, USER_ID, ROLE, JOINED_AT) VALUES ('3b29dc68-43c1-42e0-bb22-61f1eb06fa4c', 'e757b5b9-e261-430f-b2d0-d178dcd6e2dc', '3be336ff-fa43-4f51-baab-0f05457184ef', 'MEMBER', '2025-09-19T11:18:00Z');
INSERT INTO CHANNEL_MEMBERS (ID, CHANNEL_ID, USER_ID, ROLE, JOINED_AT) VALUES ('6a88d704-b0b5-4bc0-ae5f-037f507afb53', 'e757b5b9-e261-430f-b2d0-d178dcd6e2dc', '927bb721-e8e5-41a7-9a4a-d04201713d45', 'MEMBER', '2025-09-19T11:30:00Z');
INSERT INTO CHANNEL_MEMBERS (ID, CHANNEL_ID, USER_ID, ROLE, JOINED_AT) VALUES ('143e8596-bbed-4f5d-93b3-44b0d4189704', 'e757b5b9-e261-430f-b2d0-d178dcd6e2dc', '0c862291-6d43-47fc-8682-ae358658a5e4', 'ADMIN', '2025-09-19T13:11:00Z');
INSERT INTO CHANNEL_MEMBERS (ID, CHANNEL_ID, USER_ID, ROLE, JOINED_AT) VALUES ('505d7cf6-5e11-4b94-a103-b6751fd161f8', 'e757b5b9-e261-430f-b2d0-d178dcd6e2dc', '7d3e50a8-7831-4589-8676-abfeb06ef3aa', 'MEMBER', '2025-09-19T12:47:00Z');
INSERT INTO CHANNEL_MEMBERS (ID, CHANNEL_ID, USER_ID, ROLE, JOINED_AT) VALUES ('5c4dad26-6b68-4153-9086-d3e59a8e4b4a', 'e757b5b9-e261-430f-b2d0-d178dcd6e2dc', '65f37860-80c6-4e1e-b1b0-62993c0ca5df', 'MEMBER', '2025-09-19T11:42:00Z');
INSERT INTO CHANNEL_MEMBERS (ID, CHANNEL_ID, USER_ID, ROLE, JOINED_AT) VALUES ('da8132d6-3f53-4477-9187-f7786e0208a3', 'e757b5b9-e261-430f-b2d0-d178dcd6e2dc', 'ae2d64e5-d825-49fc-91bb-f530be88ca84', 'MEMBER', '2025-09-19T12:27:00Z');
INSERT INTO CHANNEL_MEMBERS (ID, CHANNEL_ID, USER_ID, ROLE, JOINED_AT) VALUES ('292ab830-95a3-4efc-9eda-1f99fe15d498', 'e757b5b9-e261-430f-b2d0-d178dcd6e2dc', 'a8807234-9776-45af-87c6-c67aee3e62d8', 'MEMBER', '2025-09-19T11:38:00Z');
INSERT INTO CHANNEL_MEMBERS (ID, CHANNEL_ID, USER_ID, ROLE, JOINED_AT) VALUES ('020cd98c-cf94-4eed-bd75-670df024d46c', 'e757b5b9-e261-430f-b2d0-d178dcd6e2dc', '10d16b3e-565a-4579-8643-03578e8be901', 'MEMBER', '2025-09-19T13:05:00Z');
INSERT INTO CHANNEL_MEMBERS (ID, CHANNEL_ID, USER_ID, ROLE, JOINED_AT) VALUES ('ab135d85-a5df-43ed-99ee-1c27886fe43a', 'e757b5b9-e261-430f-b2d0-d178dcd6e2dc', 'ea81be69-a79e-406e-9c36-11d10cedf9b2', 'MEMBER', '2025-09-19T12:47:00Z');
INSERT INTO CHANNEL_MEMBERS (ID, CHANNEL_ID, USER_ID, ROLE, JOINED_AT) VALUES ('a75a1445-f495-498d-a1aa-4511c6053d07', 'e757b5b9-e261-430f-b2d0-d178dcd6e2dc', '45877c9d-14ba-4ef6-8ce3-2034cec82fd3', 'MEMBER', '2025-09-19T11:10:00Z');
INSERT INTO CHANNEL_MEMBERS (ID, CHANNEL_ID, USER_ID, ROLE, JOINED_AT) VALUES ('c1a3a211-b890-449f-babb-29a95b7d0795', '63353300-1058-42be-a3c5-09e03f829391', 'a44b01b8-7db1-4291-a75e-dc046ca12372', 'MEMBER', '2025-09-19T13:32:00Z');
INSERT INTO CHANNEL_MEMBERS (ID, CHANNEL_ID, USER_ID, ROLE, JOINED_AT) VALUES ('c5d43c04-7376-4e90-9be4-b6348767ebdc', '63353300-1058-42be-a3c5-09e03f829391', '4391c62b-ac08-4b9a-8330-286f29a96afd', 'MEMBER', '2025-09-19T13:07:00Z');
INSERT INTO CHANNEL_MEMBERS (ID, CHANNEL_ID, USER_ID, ROLE, JOINED_AT) VALUES ('da55b671-0e06-498d-a7d6-5fffe661f07e', '63353300-1058-42be-a3c5-09e03f829391', '6fd28d64-d799-49d6-a786-42379b81a92f', 'ADMIN', '2025-09-19T13:28:00Z');
INSERT INTO CHANNEL_MEMBERS (ID, CHANNEL_ID, USER_ID, ROLE, JOINED_AT) VALUES ('c1034dac-fefc-4c84-99ad-aa7cda4461f7', '63353300-1058-42be-a3c5-09e03f829391', '65f37860-80c6-4e1e-b1b0-62993c0ca5df', 'MEMBER', '2025-09-19T12:56:00Z');
INSERT INTO CHANNEL_MEMBERS (ID, CHANNEL_ID, USER_ID, ROLE, JOINED_AT) VALUES ('2e376fb1-3616-4f7d-962c-f4e7b5ceb28a', '63353300-1058-42be-a3c5-09e03f829391', 'e5a05139-c46c-41f4-bac0-99d5653e5804', 'MEMBER', '2025-09-19T11:17:00Z');
INSERT INTO CHANNEL_MEMBERS (ID, CHANNEL_ID, USER_ID, ROLE, JOINED_AT) VALUES ('a076928b-571f-45ba-93b2-3734c3ccfe7c', '63353300-1058-42be-a3c5-09e03f829391', '10d16b3e-565a-4579-8643-03578e8be901', 'MEMBER', '2025-09-19T11:23:00Z');
INSERT INTO CHANNEL_MEMBERS (ID, CHANNEL_ID, USER_ID, ROLE, JOINED_AT) VALUES ('1a908bd7-b590-4647-a1e4-5cd601087e73', '63353300-1058-42be-a3c5-09e03f829391', '7d3e50a8-7831-4589-8676-abfeb06ef3aa', 'MEMBER', '2025-09-19T12:09:00Z');
INSERT INTO CHANNEL_MEMBERS (ID, CHANNEL_ID, USER_ID, ROLE, JOINED_AT) VALUES ('0c4516ee-6fc1-4a13-b3b6-62655f64eb33', '700c1676-696d-4cae-9231-5dcc76bf0ee4', '7d3e50a8-7831-4589-8676-abfeb06ef3aa', 'ADMIN', '2025-09-19T12:58:00Z');
INSERT INTO CHANNEL_MEMBERS (ID, CHANNEL_ID, USER_ID, ROLE, JOINED_AT) VALUES ('9ad098bc-62ee-477e-a267-bb398f2599be', '700c1676-696d-4cae-9231-5dcc76bf0ee4', '3ea561d3-a6be-4658-90a7-1267f9a3f31a', 'MEMBER', '2025-09-19T12:30:00Z');
INSERT INTO CHANNEL_MEMBERS (ID, CHANNEL_ID, USER_ID, ROLE, JOINED_AT) VALUES ('88fba93f-cbb1-4fb9-b9ea-c269e857f505', '700c1676-696d-4cae-9231-5dcc76bf0ee4', 'ae2d64e5-d825-49fc-91bb-f530be88ca84', 'MEMBER', '2025-09-19T11:43:00Z');
INSERT INTO CHANNEL_MEMBERS (ID, CHANNEL_ID, USER_ID, ROLE, JOINED_AT) VALUES ('8fdb11c2-0cb7-4ad4-bb22-c7f62e098496', '700c1676-696d-4cae-9231-5dcc76bf0ee4', 'e47beacf-c098-4286-b417-3d45c94bd968', 'MEMBER', '2025-09-19T13:36:00Z');
INSERT INTO CHANNEL_MEMBERS (ID, CHANNEL_ID, USER_ID, ROLE, JOINED_AT) VALUES ('89540b5b-371e-4df5-8336-eacd123e5586', '700c1676-696d-4cae-9231-5dcc76bf0ee4', '9fd43d24-8c7c-460b-814b-fa56373db5ed', 'MEMBER', '2025-09-19T11:29:00Z');
INSERT INTO CHANNEL_MEMBERS (ID, CHANNEL_ID, USER_ID, ROLE, JOINED_AT) VALUES ('ffa34d97-2ce7-4470-8e93-1727655c989f', '700c1676-696d-4cae-9231-5dcc76bf0ee4', 'a8807234-9776-45af-87c6-c67aee3e62d8', 'MEMBER', '2025-09-19T13:06:00Z');
INSERT INTO CHANNEL_MEMBERS (ID, CHANNEL_ID, USER_ID, ROLE, JOINED_AT) VALUES ('aa29493a-92ad-467f-9e3e-192016720f4a', '700c1676-696d-4cae-9231-5dcc76bf0ee4', '3be336ff-fa43-4f51-baab-0f05457184ef', 'MEMBER', '2025-09-19T11:15:00Z');
INSERT INTO CHANNEL_MEMBERS (ID, CHANNEL_ID, USER_ID, ROLE, JOINED_AT) VALUES ('b7d8549c-a284-4225-b8db-0e0aa25dcaec', '700c1676-696d-4cae-9231-5dcc76bf0ee4', '962f18a5-f888-4886-b93d-a763ff8c9d98', 'MEMBER', '2025-09-19T11:55:00Z');
INSERT INTO CHANNEL_MEMBERS (ID, CHANNEL_ID, USER_ID, ROLE, JOINED_AT) VALUES ('b7684c1a-1fd8-4a5e-aa49-7bc1a0b3205d', '700c1676-696d-4cae-9231-5dcc76bf0ee4', '6fd28d64-d799-49d6-a786-42379b81a92f', 'MEMBER', '2025-09-19T12:13:00Z');
INSERT INTO CHANNEL_MEMBERS (ID, CHANNEL_ID, USER_ID, ROLE, JOINED_AT) VALUES ('ab5b7c71-ad7e-43ef-8e07-a20ddabb735f', '700c1676-696d-4cae-9231-5dcc76bf0ee4', '11e73f2c-8c74-4a46-be69-276e0ca4b092', 'MEMBER', '2025-09-19T11:33:00Z');
INSERT INTO CHANNEL_MEMBERS (ID, CHANNEL_ID, USER_ID, ROLE, JOINED_AT) VALUES ('49ef58c5-acb7-4f26-81b1-758b8839ce39', '700c1676-696d-4cae-9231-5dcc76bf0ee4', '65f37860-80c6-4e1e-b1b0-62993c0ca5df', 'MEMBER', '2025-09-19T12:03:00Z');
INSERT INTO CHANNEL_MEMBERS (ID, CHANNEL_ID, USER_ID, ROLE, JOINED_AT) VALUES ('c71b025b-c5d1-4f4e-b1b5-858db7bef47f', '700c1676-696d-4cae-9231-5dcc76bf0ee4', '2330f28c-71ad-4bd9-be36-b44ee56f6727', 'MEMBER', '2025-09-19T12:41:00Z');
INSERT INTO CHANNEL_MEMBERS (ID, CHANNEL_ID, USER_ID, ROLE, JOINED_AT) VALUES ('1eebe933-b698-4dcf-82c1-323cd4f51a93', '700c1676-696d-4cae-9231-5dcc76bf0ee4', '0a743332-50d7-41f3-8b6a-a63cec503b96', 'MEMBER', '2025-09-19T12:40:00Z');
INSERT INTO CHANNEL_MEMBERS (ID, CHANNEL_ID, USER_ID, ROLE, JOINED_AT) VALUES ('28445e72-0810-4e02-9673-d5ee67828bdd', 'faecdb32-9123-480a-8a72-7d75b83857c5', 'ae2d64e5-d825-49fc-91bb-f530be88ca84', 'MEMBER', '2025-09-19T11:38:00Z');
INSERT INTO CHANNEL_MEMBERS (ID, CHANNEL_ID, USER_ID, ROLE, JOINED_AT) VALUES ('8ecbf226-e4ae-43b8-b67b-2acb18460817', 'faecdb32-9123-480a-8a72-7d75b83857c5', '0c862291-6d43-47fc-8682-ae358658a5e4', 'MEMBER', '2025-09-19T11:21:00Z');
INSERT INTO CHANNEL_MEMBERS (ID, CHANNEL_ID, USER_ID, ROLE, JOINED_AT) VALUES ('21adc5ce-bfd6-4c19-ac64-58e896414e1a', 'faecdb32-9123-480a-8a72-7d75b83857c5', '11e73f2c-8c74-4a46-be69-276e0ca4b092', 'MEMBER', '2025-09-19T11:45:00Z');
INSERT INTO CHANNEL_MEMBERS (ID, CHANNEL_ID, USER_ID, ROLE, JOINED_AT) VALUES ('3b127708-51e2-41ed-b034-9d1961991ed7', 'faecdb32-9123-480a-8a72-7d75b83857c5', '2330f28c-71ad-4bd9-be36-b44ee56f6727', 'ADMIN', '2025-09-19T11:38:00Z');
INSERT INTO CHANNEL_MEMBERS (ID, CHANNEL_ID, USER_ID, ROLE, JOINED_AT) VALUES ('68a3baea-dc78-439c-b01b-2c79e0f0d8ba', 'faecdb32-9123-480a-8a72-7d75b83857c5', '4391c62b-ac08-4b9a-8330-286f29a96afd', 'MEMBER', '2025-09-19T11:59:00Z');
INSERT INTO CHANNEL_MEMBERS (ID, CHANNEL_ID, USER_ID, ROLE, JOINED_AT) VALUES ('1493cdb6-5c04-4675-a9c6-45097b4584cf', 'faecdb32-9123-480a-8a72-7d75b83857c5', 'fff673d0-c4be-49fc-8342-6554a25d19ee', 'MEMBER', '2025-09-19T13:48:00Z');
INSERT INTO CHANNEL_MEMBERS (ID, CHANNEL_ID, USER_ID, ROLE, JOINED_AT) VALUES ('d8613ee7-2d14-4b43-ba4d-2d0368dc1d6e', 'faecdb32-9123-480a-8a72-7d75b83857c5', 'cc58e483-1807-4ab2-83ce-fb2336da1cfd', 'MEMBER', '2025-09-19T11:59:00Z');
INSERT INTO CHANNEL_MEMBERS (ID, CHANNEL_ID, USER_ID, ROLE, JOINED_AT) VALUES ('187c8ae1-b759-4dfc-b7e1-82ae03cfc7b9', 'faecdb32-9123-480a-8a72-7d75b83857c5', 'dcf7d233-454a-4eab-a1d9-895cbcf73dbd', 'MEMBER', '2025-09-19T11:03:00Z');
INSERT INTO CHANNEL_MEMBERS (ID, CHANNEL_ID, USER_ID, ROLE, JOINED_AT) VALUES ('86af8bdf-6c6d-4255-bc90-6b2ae4472b34', 'faecdb32-9123-480a-8a72-7d75b83857c5', '65f37860-80c6-4e1e-b1b0-62993c0ca5df', 'MEMBER', '2025-09-19T13:04:00Z');
INSERT INTO CHANNEL_MEMBERS (ID, CHANNEL_ID, USER_ID, ROLE, JOINED_AT) VALUES ('4a726af4-3742-4529-a9e0-ec3d92aae13a', 'faecdb32-9123-480a-8a72-7d75b83857c5', 'a44b01b8-7db1-4291-a75e-dc046ca12372', 'MEMBER', '2025-09-19T13:30:00Z');
INSERT INTO CHANNEL_MEMBERS (ID, CHANNEL_ID, USER_ID, ROLE, JOINED_AT) VALUES ('bb6a98b4-b9fc-4722-80a0-9fbf9fa95298', 'faecdb32-9123-480a-8a72-7d75b83857c5', '7d3e50a8-7831-4589-8676-abfeb06ef3aa', 'MEMBER', '2025-09-19T11:46:00Z');
INSERT INTO CHANNEL_MEMBERS (ID, CHANNEL_ID, USER_ID, ROLE, JOINED_AT) VALUES ('085e4821-8d24-4193-8f0c-93ffbc89569f', 'faecdb32-9123-480a-8a72-7d75b83857c5', '0a743332-50d7-41f3-8b6a-a63cec503b96', 'MEMBER', '2025-09-19T12:07:00Z');
INSERT INTO CHANNEL_MEMBERS (ID, CHANNEL_ID, USER_ID, ROLE, JOINED_AT) VALUES ('708cc494-642a-43b9-b870-0f765a9e2c75', 'faecdb32-9123-480a-8a72-7d75b83857c5', '10d16b3e-565a-4579-8643-03578e8be901', 'MEMBER', '2025-09-19T12:12:00Z');
INSERT INTO CHANNEL_MEMBERS (ID, CHANNEL_ID, USER_ID, ROLE, JOINED_AT) VALUES ('dbbb4f9b-76a4-4cc6-91f5-f0c8663e64a3', 'def4decc-edd4-4a94-9ee5-dce940ada25c', 'cc58e483-1807-4ab2-83ce-fb2336da1cfd', 'MEMBER', '2025-09-19T11:32:00Z');
INSERT INTO CHANNEL_MEMBERS (ID, CHANNEL_ID, USER_ID, ROLE, JOINED_AT) VALUES ('a0054539-4c3a-45ae-be64-8569be640f93', 'def4decc-edd4-4a94-9ee5-dce940ada25c', 'dcf7d233-454a-4eab-a1d9-895cbcf73dbd', 'MEMBER', '2025-09-19T13:56:00Z');
INSERT INTO CHANNEL_MEMBERS (ID, CHANNEL_ID, USER_ID, ROLE, JOINED_AT) VALUES ('2e728bc2-a828-4014-95a1-b5c56122a061', 'def4decc-edd4-4a94-9ee5-dce940ada25c', '4391c62b-ac08-4b9a-8330-286f29a96afd', 'ADMIN', '2025-09-19T13:11:00Z');
INSERT INTO CHANNEL_MEMBERS (ID, CHANNEL_ID, USER_ID, ROLE, JOINED_AT) VALUES ('0f89e1e9-6a88-4880-8f9b-75ecee270bfa', 'def4decc-edd4-4a94-9ee5-dce940ada25c', '0a743332-50d7-41f3-8b6a-a63cec503b96', 'MEMBER', '2025-09-19T13:38:00Z');
INSERT INTO CHANNEL_MEMBERS (ID, CHANNEL_ID, USER_ID, ROLE, JOINED_AT) VALUES ('846b2190-8592-4b4b-a9d5-d1984dc451ed', 'def4decc-edd4-4a94-9ee5-dce940ada25c', 'b4582ada-4434-4034-a6e0-3bb5c52fd119', 'MEMBER', '2025-09-19T13:47:00Z');
INSERT INTO CHANNEL_MEMBERS (ID, CHANNEL_ID, USER_ID, ROLE, JOINED_AT) VALUES ('27da3b05-c7cc-41cd-8ce1-1dd98a66d87e', 'def4decc-edd4-4a94-9ee5-dce940ada25c', '6fd28d64-d799-49d6-a786-42379b81a92f', 'MEMBER', '2025-09-19T13:53:00Z');
INSERT INTO CHANNEL_MEMBERS (ID, CHANNEL_ID, USER_ID, ROLE, JOINED_AT) VALUES ('2ef7f0b2-28bd-4dc6-bc12-11089d4f5629', 'b8990372-fd6f-41a3-9f08-9baf64f20b2d', '11e73f2c-8c74-4a46-be69-276e0ca4b092', 'MEMBER', '2025-09-19T12:41:00Z');
INSERT INTO CHANNEL_MEMBERS (ID, CHANNEL_ID, USER_ID, ROLE, JOINED_AT) VALUES ('be9e3eaf-2cef-40c5-bc35-2e60e6364737', 'b8990372-fd6f-41a3-9f08-9baf64f20b2d', '1aa8e23d-6846-4fa4-a252-e28a3ca685f2', 'MEMBER', '2025-09-19T12:42:00Z');
INSERT INTO CHANNEL_MEMBERS (ID, CHANNEL_ID, USER_ID, ROLE, JOINED_AT) VALUES ('9aa7272c-aa33-47aa-bf99-dcd1e9e444af', 'b8990372-fd6f-41a3-9f08-9baf64f20b2d', 'b72e8dbf-922e-43ce-ba07-7dbe3eb2ba42', 'MEMBER', '2025-09-19T12:40:00Z');
INSERT INTO CHANNEL_MEMBERS (ID, CHANNEL_ID, USER_ID, ROLE, JOINED_AT) VALUES ('a9063f73-4820-4af0-a7aa-c3084b1480db', 'b8990372-fd6f-41a3-9f08-9baf64f20b2d', 'a44b01b8-7db1-4291-a75e-dc046ca12372', 'ADMIN', '2025-09-19T11:26:00Z');
INSERT INTO CHANNEL_MEMBERS (ID, CHANNEL_ID, USER_ID, ROLE, JOINED_AT) VALUES ('cacf6b08-151c-41c8-9c87-ca61cad7b086', 'b8990372-fd6f-41a3-9f08-9baf64f20b2d', '3ea561d3-a6be-4658-90a7-1267f9a3f31a', 'MEMBER', '2025-09-19T13:03:00Z');
INSERT INTO CHANNEL_MEMBERS (ID, CHANNEL_ID, USER_ID, ROLE, JOINED_AT) VALUES ('e9e3f997-2635-47c3-8d5c-c1cae4b34c76', 'b8990372-fd6f-41a3-9f08-9baf64f20b2d', '4391c62b-ac08-4b9a-8330-286f29a96afd', 'MEMBER', '2025-09-19T13:42:00Z');
INSERT INTO CHANNEL_MEMBERS (ID, CHANNEL_ID, USER_ID, ROLE, JOINED_AT) VALUES ('e4423791-4ac4-44eb-acd5-c2207d12c0dd', '7c6fbef3-6e9c-4e5a-8294-fa8d0e00b68e', 'e47beacf-c098-4286-b417-3d45c94bd968', 'MEMBER', '2025-09-19T11:38:00Z');
INSERT INTO CHANNEL_MEMBERS (ID, CHANNEL_ID, USER_ID, ROLE, JOINED_AT) VALUES ('56b6d6de-163a-431d-b968-52ad98388b50', '7c6fbef3-6e9c-4e5a-8294-fa8d0e00b68e', '2915dd6e-8c44-4355-8f1b-f7c8c8b0f48d', 'MEMBER', '2025-09-19T13:17:00Z');
INSERT INTO CHANNEL_MEMBERS (ID, CHANNEL_ID, USER_ID, ROLE, JOINED_AT) VALUES ('09b6b354-2bfa-4e67-8b5a-cd1f5ed4d6d5', '7c6fbef3-6e9c-4e5a-8294-fa8d0e00b68e', 'ae2d64e5-d825-49fc-91bb-f530be88ca84', 'MEMBER', '2025-09-19T11:25:00Z');
INSERT INTO CHANNEL_MEMBERS (ID, CHANNEL_ID, USER_ID, ROLE, JOINED_AT) VALUES ('73f86abb-ba9d-4821-94d6-29f3ef20b413', '7c6fbef3-6e9c-4e5a-8294-fa8d0e00b68e', '1aa8e23d-6846-4fa4-a252-e28a3ca685f2', 'MEMBER', '2025-09-19T12:33:00Z');
INSERT INTO CHANNEL_MEMBERS (ID, CHANNEL_ID, USER_ID, ROLE, JOINED_AT) VALUES ('d7befe16-4782-4cd1-a9f5-4c2a509d44f8', '7c6fbef3-6e9c-4e5a-8294-fa8d0e00b68e', '11e73f2c-8c74-4a46-be69-276e0ca4b092', 'MEMBER', '2025-09-19T13:37:00Z');
INSERT INTO CHANNEL_MEMBERS (ID, CHANNEL_ID, USER_ID, ROLE, JOINED_AT) VALUES ('7f4fa7ac-4608-4685-a57b-1e2ec33a5461', '7c6fbef3-6e9c-4e5a-8294-fa8d0e00b68e', '0c862291-6d43-47fc-8682-ae358658a5e4', 'MEMBER', '2025-09-19T11:06:00Z');
INSERT INTO CHANNEL_MEMBERS (ID, CHANNEL_ID, USER_ID, ROLE, JOINED_AT) VALUES ('120902c2-60e3-4175-9763-593ff124d75a', '7c6fbef3-6e9c-4e5a-8294-fa8d0e00b68e', '0d9d27d6-8977-46d8-b00a-2464a932aafe', 'MEMBER', '2025-09-19T11:18:00Z');
INSERT INTO CHANNEL_MEMBERS (ID, CHANNEL_ID, USER_ID, ROLE, JOINED_AT) VALUES ('1f3d14e3-84c1-4b00-81e8-5aea57356c0d', '7c6fbef3-6e9c-4e5a-8294-fa8d0e00b68e', 'e5a05139-c46c-41f4-bac0-99d5653e5804', 'MEMBER', '2025-09-19T11:53:00Z');
INSERT INTO CHANNEL_MEMBERS (ID, CHANNEL_ID, USER_ID, ROLE, JOINED_AT) VALUES ('3ef7fe3a-a315-4ea2-92f7-ab386c6857ef', '7c6fbef3-6e9c-4e5a-8294-fa8d0e00b68e', 'b4582ada-4434-4034-a6e0-3bb5c52fd119', 'MEMBER', '2025-09-19T13:37:00Z');
INSERT INTO CHANNEL_MEMBERS (ID, CHANNEL_ID, USER_ID, ROLE, JOINED_AT) VALUES ('05a06948-1e89-4103-9ac3-acd3faa3c129', '7c6fbef3-6e9c-4e5a-8294-fa8d0e00b68e', 'a8807234-9776-45af-87c6-c67aee3e62d8', 'ADMIN', '2025-09-19T12:36:00Z');
INSERT INTO CHANNEL_MEMBERS (ID, CHANNEL_ID, USER_ID, ROLE, JOINED_AT) VALUES ('f586cb80-e46c-40f6-8ce4-99ebffebee2e', '7c6fbef3-6e9c-4e5a-8294-fa8d0e00b68e', '9fd43d24-8c7c-460b-814b-fa56373db5ed', 'MEMBER', '2025-09-19T11:38:00Z');
INSERT INTO CHANNEL_MEMBERS (ID, CHANNEL_ID, USER_ID, ROLE, JOINED_AT) VALUES ('7eb3c429-a355-4a4d-b7e2-64448b582bf0', '7c6fbef3-6e9c-4e5a-8294-fa8d0e00b68e', '68973614-94db-4f98-9729-0712e0c5c0fa', 'MEMBER', '2025-09-19T13:42:00Z');
INSERT INTO CHANNEL_MEMBERS (ID, CHANNEL_ID, USER_ID, ROLE, JOINED_AT) VALUES ('91b5bb3d-8f0e-4c21-9da4-8e8b53ac4f3d', '7ca28667-23cd-4e1c-bf9f-449e0df8ad2b', '0a743332-50d7-41f3-8b6a-a63cec503b96', 'MEMBER', '2025-09-19T11:21:00Z');
INSERT INTO CHANNEL_MEMBERS (ID, CHANNEL_ID, USER_ID, ROLE, JOINED_AT) VALUES ('b8c90475-98dc-4284-9bf1-b56c0fff4014', '7ca28667-23cd-4e1c-bf9f-449e0df8ad2b', 'b4582ada-4434-4034-a6e0-3bb5c52fd119', 'MEMBER', '2025-09-19T11:36:00Z');
INSERT INTO CHANNEL_MEMBERS (ID, CHANNEL_ID, USER_ID, ROLE, JOINED_AT) VALUES ('c77eb0b9-9703-435c-a4cf-be7f1ee0549f', '7ca28667-23cd-4e1c-bf9f-449e0df8ad2b', 'a8807234-9776-45af-87c6-c67aee3e62d8', 'MEMBER', '2025-09-19T11:26:00Z');
INSERT INTO CHANNEL_MEMBERS (ID, CHANNEL_ID, USER_ID, ROLE, JOINED_AT) VALUES ('0875a3dc-6efa-474d-898b-3bf4ec2ca1e2', '7ca28667-23cd-4e1c-bf9f-449e0df8ad2b', '45877c9d-14ba-4ef6-8ce3-2034cec82fd3', 'MEMBER', '2025-09-19T12:27:00Z');
INSERT INTO CHANNEL_MEMBERS (ID, CHANNEL_ID, USER_ID, ROLE, JOINED_AT) VALUES ('515bb193-8487-4317-8643-41eecba61a58', '7ca28667-23cd-4e1c-bf9f-449e0df8ad2b', '0d9d27d6-8977-46d8-b00a-2464a932aafe', 'ADMIN', '2025-09-19T12:07:00Z');
INSERT INTO CHANNEL_MEMBERS (ID, CHANNEL_ID, USER_ID, ROLE, JOINED_AT) VALUES ('bb4af9e1-686d-44e0-ab99-53be85f07bc7', '7ca28667-23cd-4e1c-bf9f-449e0df8ad2b', '65f37860-80c6-4e1e-b1b0-62993c0ca5df', 'MEMBER', '2025-09-19T13:02:00Z');
INSERT INTO CHANNEL_MEMBERS (ID, CHANNEL_ID, USER_ID, ROLE, JOINED_AT) VALUES ('16136b01-ee48-43a5-9e88-7c543bf7bc68', '7ca28667-23cd-4e1c-bf9f-449e0df8ad2b', '10d16b3e-565a-4579-8643-03578e8be901', 'MEMBER', '2025-09-19T13:57:00Z');
INSERT INTO CHANNEL_MEMBERS (ID, CHANNEL_ID, USER_ID, ROLE, JOINED_AT) VALUES ('4979ebad-cb1e-413b-bda8-9d885587f38d', '7ca28667-23cd-4e1c-bf9f-449e0df8ad2b', '11e73f2c-8c74-4a46-be69-276e0ca4b092', 'MEMBER', '2025-09-19T11:41:00Z');
INSERT INTO CHANNEL_MEMBERS (ID, CHANNEL_ID, USER_ID, ROLE, JOINED_AT) VALUES ('2382928c-f2ca-4f4c-b1b5-f2261d5966ea', '7ca28667-23cd-4e1c-bf9f-449e0df8ad2b', '9fd43d24-8c7c-460b-814b-fa56373db5ed', 'MEMBER', '2025-09-19T13:12:00Z');
INSERT INTO CHANNEL_MEMBERS (ID, CHANNEL_ID, USER_ID, ROLE, JOINED_AT) VALUES ('a9951806-2680-40fb-ab82-6baf9ad00355', '7ca28667-23cd-4e1c-bf9f-449e0df8ad2b', '3ea561d3-a6be-4658-90a7-1267f9a3f31a', 'MEMBER', '2025-09-19T11:05:00Z');
INSERT INTO CHANNEL_MEMBERS (ID, CHANNEL_ID, USER_ID, ROLE, JOINED_AT) VALUES ('77705637-e6fb-4d83-aafc-95dab27cbf77', '0d5dbe4d-1d6a-4682-885e-7ff64fb18220', 'ea81be69-a79e-406e-9c36-11d10cedf9b2', 'MEMBER', '2025-09-19T13:58:00Z');
INSERT INTO CHANNEL_MEMBERS (ID, CHANNEL_ID, USER_ID, ROLE, JOINED_AT) VALUES ('9666373b-e95f-443a-9e5e-6bf78745dcd5', '0d5dbe4d-1d6a-4682-885e-7ff64fb18220', '0a743332-50d7-41f3-8b6a-a63cec503b96', 'ADMIN', '2025-09-19T12:06:00Z');
INSERT INTO CHANNEL_MEMBERS (ID, CHANNEL_ID, USER_ID, ROLE, JOINED_AT) VALUES ('1ae37314-8059-4677-aa62-c6b8913474ed', '0d5dbe4d-1d6a-4682-885e-7ff64fb18220', 'cc58e483-1807-4ab2-83ce-fb2336da1cfd', 'MEMBER', '2025-09-19T13:12:00Z');
INSERT INTO CHANNEL_MEMBERS (ID, CHANNEL_ID, USER_ID, ROLE, JOINED_AT) VALUES ('46410435-abee-48ae-b34f-00982db463d7', '0d5dbe4d-1d6a-4682-885e-7ff64fb18220', '7d3e50a8-7831-4589-8676-abfeb06ef3aa', 'MEMBER', '2025-09-19T12:33:00Z');
INSERT INTO CHANNEL_MEMBERS (ID, CHANNEL_ID, USER_ID, ROLE, JOINED_AT) VALUES ('75ca7baa-65ea-4da7-ac25-b56b9ff8a318', '0d5dbe4d-1d6a-4682-885e-7ff64fb18220', '4391c62b-ac08-4b9a-8330-286f29a96afd', 'MEMBER', '2025-09-19T11:42:00Z');
INSERT INTO CHANNEL_MEMBERS (ID, CHANNEL_ID, USER_ID, ROLE, JOINED_AT) VALUES ('4f5321e8-2854-4e3f-bf2f-3a509d3a13e8', '0d5dbe4d-1d6a-4682-885e-7ff64fb18220', '68973614-94db-4f98-9729-0712e0c5c0fa', 'MEMBER', '2025-09-19T12:31:00Z');
INSERT INTO CHANNEL_MEMBERS (ID, CHANNEL_ID, USER_ID, ROLE, JOINED_AT) VALUES ('206b6dc6-5d20-4ee2-a05d-c62a19effb70', '0d5dbe4d-1d6a-4682-885e-7ff64fb18220', 'a8807234-9776-45af-87c6-c67aee3e62d8', 'MEMBER', '2025-09-19T11:57:00Z');
INSERT INTO CHANNEL_MEMBERS (ID, CHANNEL_ID, USER_ID, ROLE, JOINED_AT) VALUES ('d178613b-8278-45e3-9f06-e9d336cc52ce', '0d5dbe4d-1d6a-4682-885e-7ff64fb18220', '3be336ff-fa43-4f51-baab-0f05457184ef', 'MEMBER', '2025-09-19T13:16:00Z');
INSERT INTO CHANNEL_MEMBERS (ID, CHANNEL_ID, USER_ID, ROLE, JOINED_AT) VALUES ('716d3436-9561-442a-bef6-d4f19630c3de', '0d5dbe4d-1d6a-4682-885e-7ff64fb18220', '962f18a5-f888-4886-b93d-a763ff8c9d98', 'MEMBER', '2025-09-19T13:18:00Z');
INSERT INTO CHANNEL_MEMBERS (ID, CHANNEL_ID, USER_ID, ROLE, JOINED_AT) VALUES ('ff6ec6b1-4609-4842-be24-7d308d70208e', 'ae9c0f68-598b-498e-9014-a095436f7ca4', 'e5a05139-c46c-41f4-bac0-99d5653e5804', 'MEMBER', '2025-09-19T11:07:00Z');
INSERT INTO CHANNEL_MEMBERS (ID, CHANNEL_ID, USER_ID, ROLE, JOINED_AT) VALUES ('c698d5a6-5f93-4b37-ae57-478de53663b3', 'ae9c0f68-598b-498e-9014-a095436f7ca4', '962f18a5-f888-4886-b93d-a763ff8c9d98', 'MEMBER', '2025-09-19T11:07:00Z');
INSERT INTO CHANNEL_MEMBERS (ID, CHANNEL_ID, USER_ID, ROLE, JOINED_AT) VALUES ('30c05bd8-86b4-4646-8ec4-f7837898cc05', 'ae9c0f68-598b-498e-9014-a095436f7ca4', '927bb721-e8e5-41a7-9a4a-d04201713d45', 'MEMBER', '2025-09-19T12:11:00Z');
INSERT INTO CHANNEL_MEMBERS (ID, CHANNEL_ID, USER_ID, ROLE, JOINED_AT) VALUES ('91016446-2854-41a2-b851-0e0b7fc0de8e', 'ae9c0f68-598b-498e-9014-a095436f7ca4', 'b4582ada-4434-4034-a6e0-3bb5c52fd119', 'MEMBER', '2025-09-19T13:00:00Z');
INSERT INTO CHANNEL_MEMBERS (ID, CHANNEL_ID, USER_ID, ROLE, JOINED_AT) VALUES ('c4a57174-a33f-4734-989c-8dd2df08ddac', 'ae9c0f68-598b-498e-9014-a095436f7ca4', '65f37860-80c6-4e1e-b1b0-62993c0ca5df', 'MEMBER', '2025-09-19T12:06:00Z');
INSERT INTO CHANNEL_MEMBERS (ID, CHANNEL_ID, USER_ID, ROLE, JOINED_AT) VALUES ('b6383034-02ed-4ae2-adbc-45f0471388a5', 'ae9c0f68-598b-498e-9014-a095436f7ca4', 'a44b01b8-7db1-4291-a75e-dc046ca12372', 'MEMBER', '2025-09-19T11:49:00Z');
INSERT INTO CHANNEL_MEMBERS (ID, CHANNEL_ID, USER_ID, ROLE, JOINED_AT) VALUES ('8d410758-89d8-4227-82e3-da17e1daaaf2', 'ae9c0f68-598b-498e-9014-a095436f7ca4', '2915dd6e-8c44-4355-8f1b-f7c8c8b0f48d', 'MEMBER', '2025-09-19T13:57:00Z');
INSERT INTO CHANNEL_MEMBERS (ID, CHANNEL_ID, USER_ID, ROLE, JOINED_AT) VALUES ('cc05eff9-ee22-490b-aad4-f3f5c87a8110', 'ae9c0f68-598b-498e-9014-a095436f7ca4', 'b72e8dbf-922e-43ce-ba07-7dbe3eb2ba42', 'MEMBER', '2025-09-19T13:34:00Z');
INSERT INTO CHANNEL_MEMBERS (ID, CHANNEL_ID, USER_ID, ROLE, JOINED_AT) VALUES ('94f37e17-bac7-475a-bf23-2050b8f47881', 'ae9c0f68-598b-498e-9014-a095436f7ca4', '2330f28c-71ad-4bd9-be36-b44ee56f6727', 'MEMBER', '2025-09-19T12:28:00Z');
INSERT INTO CHANNEL_MEMBERS (ID, CHANNEL_ID, USER_ID, ROLE, JOINED_AT) VALUES ('2edb71ee-d506-4da9-a6cf-85abd9646b4f', 'ae9c0f68-598b-498e-9014-a095436f7ca4', '7d3e50a8-7831-4589-8676-abfeb06ef3aa', 'MEMBER', '2025-09-19T12:54:00Z');
INSERT INTO CHANNEL_MEMBERS (ID, CHANNEL_ID, USER_ID, ROLE, JOINED_AT) VALUES ('b71f1571-0408-4fa5-b23c-d01aabdd8d0a', 'ae9c0f68-598b-498e-9014-a095436f7ca4', '9fd43d24-8c7c-460b-814b-fa56373db5ed', 'MEMBER', '2025-09-19T12:29:00Z');
INSERT INTO CHANNEL_MEMBERS (ID, CHANNEL_ID, USER_ID, ROLE, JOINED_AT) VALUES ('4b830423-ff1c-4b94-9339-f2c172b4e3c9', 'ae9c0f68-598b-498e-9014-a095436f7ca4', 'ea81be69-a79e-406e-9c36-11d10cedf9b2', 'ADMIN', '2025-09-19T12:33:00Z');
INSERT INTO CHANNEL_MEMBERS (ID, CHANNEL_ID, USER_ID, ROLE, JOINED_AT) VALUES ('25fcf916-d6f9-447d-9cc1-1137e94e7a92', 'ae9c0f68-598b-498e-9014-a095436f7ca4', '45877c9d-14ba-4ef6-8ce3-2034cec82fd3', 'MEMBER', '2025-09-19T11:20:00Z');
INSERT INTO CHANNEL_MEMBERS (ID, CHANNEL_ID, USER_ID, ROLE, JOINED_AT) VALUES ('1e3962ad-46a2-41d9-9a71-9b3a2bfd164c', 'ae9c0f68-598b-498e-9014-a095436f7ca4', '0a743332-50d7-41f3-8b6a-a63cec503b96', 'MEMBER', '2025-09-19T11:56:00Z');
INSERT INTO CHANNEL_MEMBERS (ID, CHANNEL_ID, USER_ID, ROLE, JOINED_AT) VALUES ('f5577130-4035-4706-9982-808ac08830e4', '7c42e885-1211-491a-9bfc-c1ed825f549f', '927bb721-e8e5-41a7-9a4a-d04201713d45', 'MEMBER', '2025-09-19T11:00:00Z');
INSERT INTO CHANNEL_MEMBERS (ID, CHANNEL_ID, USER_ID, ROLE, JOINED_AT) VALUES ('c7025031-d716-4067-85b5-68758d4a5309', '7c42e885-1211-491a-9bfc-c1ed825f549f', '45877c9d-14ba-4ef6-8ce3-2034cec82fd3', 'MEMBER', '2025-09-19T13:02:00Z');
INSERT INTO CHANNEL_MEMBERS (ID, CHANNEL_ID, USER_ID, ROLE, JOINED_AT) VALUES ('542979d4-2232-4de9-951b-a30cca6b6f95', '7c42e885-1211-491a-9bfc-c1ed825f549f', '2915dd6e-8c44-4355-8f1b-f7c8c8b0f48d', 'MEMBER', '2025-09-19T13:47:00Z');
INSERT INTO CHANNEL_MEMBERS (ID, CHANNEL_ID, USER_ID, ROLE, JOINED_AT) VALUES ('7a939b6e-5d4c-440f-9477-1bd770f96a46', '7c42e885-1211-491a-9bfc-c1ed825f549f', 'e5a05139-c46c-41f4-bac0-99d5653e5804', 'MEMBER', '2025-09-19T12:28:00Z');
INSERT INTO CHANNEL_MEMBERS (ID, CHANNEL_ID, USER_ID, ROLE, JOINED_AT) VALUES ('efbb8d03-ce2c-4b28-910f-eec0741680e8', '7c42e885-1211-491a-9bfc-c1ed825f549f', 'b72e8dbf-922e-43ce-ba07-7dbe3eb2ba42', 'ADMIN', '2025-09-19T13:44:00Z');
INSERT INTO CHANNEL_MEMBERS (ID, CHANNEL_ID, USER_ID, ROLE, JOINED_AT) VALUES ('c7c24c70-40a4-479b-9cae-33b9b395d648', '7c42e885-1211-491a-9bfc-c1ed825f549f', '1aa8e23d-6846-4fa4-a252-e28a3ca685f2', 'MEMBER', '2025-09-19T11:21:00Z');
INSERT INTO CHANNEL_MEMBERS (ID, CHANNEL_ID, USER_ID, ROLE, JOINED_AT) VALUES ('a3201c40-4822-4219-8ae8-d6a5375231ec', '7c42e885-1211-491a-9bfc-c1ed825f549f', 'b4582ada-4434-4034-a6e0-3bb5c52fd119', 'MEMBER', '2025-09-19T13:49:00Z');
INSERT INTO CHANNEL_MEMBERS (ID, CHANNEL_ID, USER_ID, ROLE, JOINED_AT) VALUES ('71f0e5fa-8165-4114-999d-f46cdb15faf7', '2f65aa0b-3685-4081-be75-7b116a8100a7', 'a8807234-9776-45af-87c6-c67aee3e62d8', 'MEMBER', '2025-09-19T12:51:00Z');
INSERT INTO CHANNEL_MEMBERS (ID, CHANNEL_ID, USER_ID, ROLE, JOINED_AT) VALUES ('c0f4e688-9a57-46f3-af5e-92d2dc7f0c18', '2f65aa0b-3685-4081-be75-7b116a8100a7', '2330f28c-71ad-4bd9-be36-b44ee56f6727', 'ADMIN', '2025-09-19T13:42:00Z');
INSERT INTO CHANNEL_MEMBERS (ID, CHANNEL_ID, USER_ID, ROLE, JOINED_AT) VALUES ('578c4afe-bf02-47d3-b3da-f6d23dc2417f', '2f65aa0b-3685-4081-be75-7b116a8100a7', '65f37860-80c6-4e1e-b1b0-62993c0ca5df', 'MEMBER', '2025-09-19T12:25:00Z');
INSERT INTO CHANNEL_MEMBERS (ID, CHANNEL_ID, USER_ID, ROLE, JOINED_AT) VALUES ('ac0a0de4-976d-4f2b-b862-a38db5cc24d6', '2f65aa0b-3685-4081-be75-7b116a8100a7', '7d3e50a8-7831-4589-8676-abfeb06ef3aa', 'MEMBER', '2025-09-19T11:22:00Z');
INSERT INTO CHANNEL_MEMBERS (ID, CHANNEL_ID, USER_ID, ROLE, JOINED_AT) VALUES ('977cdd28-8017-40dd-b065-e2c67c207f2b', '2f65aa0b-3685-4081-be75-7b116a8100a7', 'a44b01b8-7db1-4291-a75e-dc046ca12372', 'MEMBER', '2025-09-19T12:41:00Z');
INSERT INTO CHANNEL_MEMBERS (ID, CHANNEL_ID, USER_ID, ROLE, JOINED_AT) VALUES ('9414b712-3c1b-4469-9594-05bcb81a78e9', '2f65aa0b-3685-4081-be75-7b116a8100a7', '2915dd6e-8c44-4355-8f1b-f7c8c8b0f48d', 'MEMBER', '2025-09-19T12:58:00Z');
INSERT INTO CHANNEL_MEMBERS (ID, CHANNEL_ID, USER_ID, ROLE, JOINED_AT) VALUES ('b552b62f-382d-4687-a569-c68ad53103ba', '2f65aa0b-3685-4081-be75-7b116a8100a7', '45877c9d-14ba-4ef6-8ce3-2034cec82fd3', 'MEMBER', '2025-09-19T12:42:00Z');
INSERT INTO CHANNEL_MEMBERS (ID, CHANNEL_ID, USER_ID, ROLE, JOINED_AT) VALUES ('384d9caa-7992-44bb-a8a2-0be2ae171651', 'dc9cb57e-6b8e-4e76-9086-2a9d1c9e8599', '9fd43d24-8c7c-460b-814b-fa56373db5ed', 'MEMBER', '2025-09-19T13:47:00Z');
INSERT INTO CHANNEL_MEMBERS (ID, CHANNEL_ID, USER_ID, ROLE, JOINED_AT) VALUES ('57efc499-4b81-49a6-8080-5b6e4c485b9a', 'dc9cb57e-6b8e-4e76-9086-2a9d1c9e8599', '0c862291-6d43-47fc-8682-ae358658a5e4', 'MEMBER', '2025-09-19T11:37:00Z');
INSERT INTO CHANNEL_MEMBERS (ID, CHANNEL_ID, USER_ID, ROLE, JOINED_AT) VALUES ('e1efd2ae-ccd5-461f-8020-7a3d4807ceef', 'dc9cb57e-6b8e-4e76-9086-2a9d1c9e8599', '1aa8e23d-6846-4fa4-a252-e28a3ca685f2', 'MEMBER', '2025-09-19T13:36:00Z');
INSERT INTO CHANNEL_MEMBERS (ID, CHANNEL_ID, USER_ID, ROLE, JOINED_AT) VALUES ('3bc427ac-e81f-49fc-b732-71177e2bfe9e', 'dc9cb57e-6b8e-4e76-9086-2a9d1c9e8599', 'cc58e483-1807-4ab2-83ce-fb2336da1cfd', 'ADMIN', '2025-09-19T13:32:00Z');
INSERT INTO CHANNEL_MEMBERS (ID, CHANNEL_ID, USER_ID, ROLE, JOINED_AT) VALUES ('71f52451-3937-4d88-a76b-ea08c3f626d3', 'dc9cb57e-6b8e-4e76-9086-2a9d1c9e8599', '68973614-94db-4f98-9729-0712e0c5c0fa', 'MEMBER', '2025-09-19T13:01:00Z');
INSERT INTO CHANNEL_MEMBERS (ID, CHANNEL_ID, USER_ID, ROLE, JOINED_AT) VALUES ('9f87ab90-20c8-4cb1-a3ed-4eeab321e9dd', 'dc9cb57e-6b8e-4e76-9086-2a9d1c9e8599', '10d16b3e-565a-4579-8643-03578e8be901', 'MEMBER', '2025-09-19T13:48:00Z');
INSERT INTO CHANNEL_MEMBERS (ID, CHANNEL_ID, USER_ID, ROLE, JOINED_AT) VALUES ('57941320-246a-4829-99ad-3fb745a7d93d', 'dc9cb57e-6b8e-4e76-9086-2a9d1c9e8599', '6fd28d64-d799-49d6-a786-42379b81a92f', 'MEMBER', '2025-09-19T12:29:00Z');
INSERT INTO CHANNEL_MEMBERS (ID, CHANNEL_ID, USER_ID, ROLE, JOINED_AT) VALUES ('00c40501-bf67-4bf8-a54c-f8a99a0b29eb', '5bc82da6-8d9d-48cb-827c-957384893bab', '4391c62b-ac08-4b9a-8330-286f29a96afd', 'MEMBER', '2025-09-19T12:51:00Z');
INSERT INTO CHANNEL_MEMBERS (ID, CHANNEL_ID, USER_ID, ROLE, JOINED_AT) VALUES ('425101d2-5817-4ebf-ba88-a695462c893e', '5bc82da6-8d9d-48cb-827c-957384893bab', 'a8807234-9776-45af-87c6-c67aee3e62d8', 'MEMBER', '2025-09-19T11:49:00Z');
INSERT INTO CHANNEL_MEMBERS (ID, CHANNEL_ID, USER_ID, ROLE, JOINED_AT) VALUES ('7123b29f-6d4b-437d-8683-d843a6fa9f2d', '5bc82da6-8d9d-48cb-827c-957384893bab', 'cc58e483-1807-4ab2-83ce-fb2336da1cfd', 'ADMIN', '2025-09-19T11:54:00Z');
INSERT INTO CHANNEL_MEMBERS (ID, CHANNEL_ID, USER_ID, ROLE, JOINED_AT) VALUES ('69e8cf68-c060-4a5b-9977-c29e44b7a0f5', '5bc82da6-8d9d-48cb-827c-957384893bab', '68973614-94db-4f98-9729-0712e0c5c0fa', 'MEMBER', '2025-09-19T11:07:00Z');
INSERT INTO CHANNEL_MEMBERS (ID, CHANNEL_ID, USER_ID, ROLE, JOINED_AT) VALUES ('c510349f-c66b-4779-94eb-f76b9d378ed1', '5bc82da6-8d9d-48cb-827c-957384893bab', '10d16b3e-565a-4579-8643-03578e8be901', 'MEMBER', '2025-09-19T12:04:00Z');
INSERT INTO CHANNEL_MEMBERS (ID, CHANNEL_ID, USER_ID, ROLE, JOINED_AT) VALUES ('ff2b27f1-95e0-4f57-93f8-737324d39034', '5bc82da6-8d9d-48cb-827c-957384893bab', '9fd43d24-8c7c-460b-814b-fa56373db5ed', 'MEMBER', '2025-09-19T11:54:00Z');
INSERT INTO CHANNEL_MEMBERS (ID, CHANNEL_ID, USER_ID, ROLE, JOINED_AT) VALUES ('e82ffb60-4981-4eac-ab31-650d45cbbddd', '5bc82da6-8d9d-48cb-827c-957384893bab', '962f18a5-f888-4886-b93d-a763ff8c9d98', 'MEMBER', '2025-09-19T12:14:00Z');
INSERT INTO CHANNEL_MEMBERS (ID, CHANNEL_ID, USER_ID, ROLE, JOINED_AT) VALUES ('52d290cf-c55b-4889-98a7-71e2d45dc6b7', '5bc82da6-8d9d-48cb-827c-957384893bab', '0d9d27d6-8977-46d8-b00a-2464a932aafe', 'MEMBER', '2025-09-19T13:08:00Z');
INSERT INTO CHANNEL_MEMBERS (ID, CHANNEL_ID, USER_ID, ROLE, JOINED_AT) VALUES ('afc51591-055e-46df-961c-8b354357ebd1', 'e50989e4-ed60-4957-8b7c-54d307deb060', 'a44b01b8-7db1-4291-a75e-dc046ca12372', 'MEMBER', '2025-09-19T13:49:00Z');
INSERT INTO CHANNEL_MEMBERS (ID, CHANNEL_ID, USER_ID, ROLE, JOINED_AT) VALUES ('63c8611f-3f5a-4bd2-8b4f-d7f1207ecc50', 'e50989e4-ed60-4957-8b7c-54d307deb060', '6fd28d64-d799-49d6-a786-42379b81a92f', 'MEMBER', '2025-09-19T13:29:00Z');
INSERT INTO CHANNEL_MEMBERS (ID, CHANNEL_ID, USER_ID, ROLE, JOINED_AT) VALUES ('44aeaf56-26fa-4357-ae59-a32f9451bba8', 'e50989e4-ed60-4957-8b7c-54d307deb060', 'e5a05139-c46c-41f4-bac0-99d5653e5804', 'MEMBER', '2025-09-19T13:12:00Z');
INSERT INTO CHANNEL_MEMBERS (ID, CHANNEL_ID, USER_ID, ROLE, JOINED_AT) VALUES ('2664df6c-6c85-45b6-ad65-731b19d9afaa', 'e50989e4-ed60-4957-8b7c-54d307deb060', 'fff673d0-c4be-49fc-8342-6554a25d19ee', 'MEMBER', '2025-09-19T12:47:00Z');
INSERT INTO CHANNEL_MEMBERS (ID, CHANNEL_ID, USER_ID, ROLE, JOINED_AT) VALUES ('6e7b962c-21f6-4f34-96d6-830034172d3f', 'e50989e4-ed60-4957-8b7c-54d307deb060', '4391c62b-ac08-4b9a-8330-286f29a96afd', 'MEMBER', '2025-09-19T13:08:00Z');
INSERT INTO CHANNEL_MEMBERS (ID, CHANNEL_ID, USER_ID, ROLE, JOINED_AT) VALUES ('e975c38c-b733-4658-be34-528f7c45fc96', 'e50989e4-ed60-4957-8b7c-54d307deb060', 'dcf7d233-454a-4eab-a1d9-895cbcf73dbd', 'MEMBER', '2025-09-19T11:33:00Z');
INSERT INTO CHANNEL_MEMBERS (ID, CHANNEL_ID, USER_ID, ROLE, JOINED_AT) VALUES ('5b1789be-7dd3-41c8-9149-e712bf9ded73', 'e50989e4-ed60-4957-8b7c-54d307deb060', 'cc58e483-1807-4ab2-83ce-fb2336da1cfd', 'MEMBER', '2025-09-19T13:16:00Z');
INSERT INTO CHANNEL_MEMBERS (ID, CHANNEL_ID, USER_ID, ROLE, JOINED_AT) VALUES ('e9c8295b-26d8-435d-bab7-0bf9c4b5b9c9', 'e50989e4-ed60-4957-8b7c-54d307deb060', 'e47beacf-c098-4286-b417-3d45c94bd968', 'ADMIN', '2025-09-19T11:38:00Z');
INSERT INTO CHANNEL_MEMBERS (ID, CHANNEL_ID, USER_ID, ROLE, JOINED_AT) VALUES ('9ea7117b-53ac-4c7b-ba9e-dfda6e2fca0a', 'e50989e4-ed60-4957-8b7c-54d307deb060', '0a743332-50d7-41f3-8b6a-a63cec503b96', 'MEMBER', '2025-09-19T13:14:00Z');
INSERT INTO CHANNEL_MEMBERS (ID, CHANNEL_ID, USER_ID, ROLE, JOINED_AT) VALUES ('0efa0299-8393-4b83-bdae-b700271c4d75', 'ebab2ef4-07ca-4b62-b9c9-15c01edeb2c4', '68973614-94db-4f98-9729-0712e0c5c0fa', 'MEMBER', '2025-09-19T13:54:00Z');
INSERT INTO CHANNEL_MEMBERS (ID, CHANNEL_ID, USER_ID, ROLE, JOINED_AT) VALUES ('87cba403-aff2-4965-a5da-d083f83faab1', 'ebab2ef4-07ca-4b62-b9c9-15c01edeb2c4', 'b72e8dbf-922e-43ce-ba07-7dbe3eb2ba42', 'MEMBER', '2025-09-19T13:12:00Z');
INSERT INTO CHANNEL_MEMBERS (ID, CHANNEL_ID, USER_ID, ROLE, JOINED_AT) VALUES ('f772f68c-04c9-44aa-842f-e75dd28c2ee5', 'ebab2ef4-07ca-4b62-b9c9-15c01edeb2c4', '11e73f2c-8c74-4a46-be69-276e0ca4b092', 'MEMBER', '2025-09-19T13:15:00Z');
INSERT INTO CHANNEL_MEMBERS (ID, CHANNEL_ID, USER_ID, ROLE, JOINED_AT) VALUES ('5691a6ec-aa92-4bb7-8292-a67b74bcb6b6', 'ebab2ef4-07ca-4b62-b9c9-15c01edeb2c4', 'a44b01b8-7db1-4291-a75e-dc046ca12372', 'MEMBER', '2025-09-19T13:22:00Z');
INSERT INTO CHANNEL_MEMBERS (ID, CHANNEL_ID, USER_ID, ROLE, JOINED_AT) VALUES ('da1305d6-ec5a-4bda-a37a-e88fd2333f2d', 'ebab2ef4-07ca-4b62-b9c9-15c01edeb2c4', '0c862291-6d43-47fc-8682-ae358658a5e4', 'MEMBER', '2025-09-19T13:03:00Z');
INSERT INTO CHANNEL_MEMBERS (ID, CHANNEL_ID, USER_ID, ROLE, JOINED_AT) VALUES ('f814dd9c-491b-4080-833c-535e7970719d', 'ebab2ef4-07ca-4b62-b9c9-15c01edeb2c4', 'b4582ada-4434-4034-a6e0-3bb5c52fd119', 'ADMIN', '2025-09-19T11:27:00Z');
INSERT INTO CHANNEL_MEMBERS (ID, CHANNEL_ID, USER_ID, ROLE, JOINED_AT) VALUES ('20876868-6c83-44b8-852e-ae529e5505f1', 'ebab2ef4-07ca-4b62-b9c9-15c01edeb2c4', 'a8807234-9776-45af-87c6-c67aee3e62d8', 'MEMBER', '2025-09-19T13:23:00Z');
INSERT INTO CHANNEL_MEMBERS (ID, CHANNEL_ID, USER_ID, ROLE, JOINED_AT) VALUES ('1f71414e-22e6-4c8e-9a78-2229e799f9bc', 'ebab2ef4-07ca-4b62-b9c9-15c01edeb2c4', 'cc58e483-1807-4ab2-83ce-fb2336da1cfd', 'MEMBER', '2025-09-19T11:14:00Z');
INSERT INTO CHANNEL_MEMBERS (ID, CHANNEL_ID, USER_ID, ROLE, JOINED_AT) VALUES ('4d047e80-ef6e-4c3a-a970-30147421027c', 'ebab2ef4-07ca-4b62-b9c9-15c01edeb2c4', '65f37860-80c6-4e1e-b1b0-62993c0ca5df', 'MEMBER', '2025-09-19T12:03:00Z');
INSERT INTO CHANNEL_MEMBERS (ID, CHANNEL_ID, USER_ID, ROLE, JOINED_AT) VALUES ('cd40bfb3-25b8-47da-8a7a-75a562acff92', 'ebab2ef4-07ca-4b62-b9c9-15c01edeb2c4', '7d3e50a8-7831-4589-8676-abfeb06ef3aa', 'MEMBER', '2025-09-19T11:48:00Z');
INSERT INTO CHANNEL_MEMBERS (ID, CHANNEL_ID, USER_ID, ROLE, JOINED_AT) VALUES ('6ddc1807-b0b0-42f0-bf47-c2623378bb5a', 'ebab2ef4-07ca-4b62-b9c9-15c01edeb2c4', '45877c9d-14ba-4ef6-8ce3-2034cec82fd3', 'MEMBER', '2025-09-19T12:10:00Z');
INSERT INTO CHANNEL_MEMBERS (ID, CHANNEL_ID, USER_ID, ROLE, JOINED_AT) VALUES ('964b4e52-7ba2-48fc-b938-92fb164cf413', 'ebab2ef4-07ca-4b62-b9c9-15c01edeb2c4', '0d9d27d6-8977-46d8-b00a-2464a932aafe', 'MEMBER', '2025-09-19T11:10:00Z');
INSERT INTO CHANNEL_MEMBERS (ID, CHANNEL_ID, USER_ID, ROLE, JOINED_AT) VALUES ('ea4090ef-3b74-49cb-86b5-abf9549609c9', 'ebab2ef4-07ca-4b62-b9c9-15c01edeb2c4', '4391c62b-ac08-4b9a-8330-286f29a96afd', 'MEMBER', '2025-09-19T11:25:00Z');
INSERT INTO CHANNEL_MEMBERS (ID, CHANNEL_ID, USER_ID, ROLE, JOINED_AT) VALUES ('5a7d98c3-11e2-4a03-8336-16e3db61f51e', 'ebab2ef4-07ca-4b62-b9c9-15c01edeb2c4', 'e47beacf-c098-4286-b417-3d45c94bd968', 'MEMBER', '2025-09-19T13:09:00Z');
INSERT INTO CHANNEL_MEMBERS (ID, CHANNEL_ID, USER_ID, ROLE, JOINED_AT) VALUES ('dc9caef1-013e-4c59-8593-99fac9ebe495', '73802fd1-12b5-4abd-bdec-a92b8bdf9061', '4391c62b-ac08-4b9a-8330-286f29a96afd', 'MEMBER', '2025-09-19T13:16:00Z');
INSERT INTO CHANNEL_MEMBERS (ID, CHANNEL_ID, USER_ID, ROLE, JOINED_AT) VALUES ('8344eed8-1c43-4a7a-b64a-ede38f34c697', '73802fd1-12b5-4abd-bdec-a92b8bdf9061', '68973614-94db-4f98-9729-0712e0c5c0fa', 'MEMBER', '2025-09-19T13:02:00Z');
INSERT INTO CHANNEL_MEMBERS (ID, CHANNEL_ID, USER_ID, ROLE, JOINED_AT) VALUES ('59a62c2f-02c9-4d84-a95d-0d7f54841343', '73802fd1-12b5-4abd-bdec-a92b8bdf9061', 'a44b01b8-7db1-4291-a75e-dc046ca12372', 'MEMBER', '2025-09-19T13:09:00Z');
INSERT INTO CHANNEL_MEMBERS (ID, CHANNEL_ID, USER_ID, ROLE, JOINED_AT) VALUES ('a65f4003-17d3-4062-9d7f-e217513b4402', '73802fd1-12b5-4abd-bdec-a92b8bdf9061', 'ae2d64e5-d825-49fc-91bb-f530be88ca84', 'MEMBER', '2025-09-19T12:03:00Z');
INSERT INTO CHANNEL_MEMBERS (ID, CHANNEL_ID, USER_ID, ROLE, JOINED_AT) VALUES ('15a3e67e-6ba5-47db-926e-5aec079da91f', '73802fd1-12b5-4abd-bdec-a92b8bdf9061', '11e73f2c-8c74-4a46-be69-276e0ca4b092', 'MEMBER', '2025-09-19T13:58:00Z');
INSERT INTO CHANNEL_MEMBERS (ID, CHANNEL_ID, USER_ID, ROLE, JOINED_AT) VALUES ('c6384345-5de4-47bc-8231-cf65e0e21483', '73802fd1-12b5-4abd-bdec-a92b8bdf9061', 'e5a05139-c46c-41f4-bac0-99d5653e5804', 'MEMBER', '2025-09-19T13:13:00Z');
INSERT INTO CHANNEL_MEMBERS (ID, CHANNEL_ID, USER_ID, ROLE, JOINED_AT) VALUES ('d2952d71-2f9c-431f-afa0-c6f551d2637e', '73802fd1-12b5-4abd-bdec-a92b8bdf9061', 'b4582ada-4434-4034-a6e0-3bb5c52fd119', 'MEMBER', '2025-09-19T12:06:00Z');
INSERT INTO CHANNEL_MEMBERS (ID, CHANNEL_ID, USER_ID, ROLE, JOINED_AT) VALUES ('8f9df14c-275c-43f2-93b0-470c77415f52', '73802fd1-12b5-4abd-bdec-a92b8bdf9061', 'ea81be69-a79e-406e-9c36-11d10cedf9b2', 'MEMBER', '2025-09-19T13:23:00Z');
INSERT INTO CHANNEL_MEMBERS (ID, CHANNEL_ID, USER_ID, ROLE, JOINED_AT) VALUES ('26f49ce1-496c-4604-8a4b-37e66d689787', '73802fd1-12b5-4abd-bdec-a92b8bdf9061', '9fd43d24-8c7c-460b-814b-fa56373db5ed', 'ADMIN', '2025-09-19T11:51:00Z');
INSERT INTO CHANNEL_MEMBERS (ID, CHANNEL_ID, USER_ID, ROLE, JOINED_AT) VALUES ('c00a7dc6-c889-480d-8c14-60997285cd0e', '73802fd1-12b5-4abd-bdec-a92b8bdf9061', '7d3e50a8-7831-4589-8676-abfeb06ef3aa', 'MEMBER', '2025-09-19T12:54:00Z');
INSERT INTO CHANNEL_MEMBERS (ID, CHANNEL_ID, USER_ID, ROLE, JOINED_AT) VALUES ('0837bfb6-acd6-470a-9c8e-26f2cae903d6', '73802fd1-12b5-4abd-bdec-a92b8bdf9061', '2915dd6e-8c44-4355-8f1b-f7c8c8b0f48d', 'MEMBER', '2025-09-19T11:35:00Z');
INSERT INTO CHANNEL_MEMBERS (ID, CHANNEL_ID, USER_ID, ROLE, JOINED_AT) VALUES ('01994875-85b6-4fcc-9745-30203d66e057', '73802fd1-12b5-4abd-bdec-a92b8bdf9061', 'fff673d0-c4be-49fc-8342-6554a25d19ee', 'MEMBER', '2025-09-19T12:46:00Z');
INSERT INTO CHANNEL_MEMBERS (ID, CHANNEL_ID, USER_ID, ROLE, JOINED_AT) VALUES ('b661df51-347d-41f4-9a13-a54755207f98', '73802fd1-12b5-4abd-bdec-a92b8bdf9061', '65f37860-80c6-4e1e-b1b0-62993c0ca5df', 'MEMBER', '2025-09-19T11:31:00Z');
INSERT INTO CHANNEL_MEMBERS (ID, CHANNEL_ID, USER_ID, ROLE, JOINED_AT) VALUES ('064581a9-6e26-47a0-8738-fe8ee4d4ec00', '44e5b8d7-decd-45bc-9bd4-02856902c986', '11e73f2c-8c74-4a46-be69-276e0ca4b092', 'MEMBER', '2025-09-19T13:44:00Z');
INSERT INTO CHANNEL_MEMBERS (ID, CHANNEL_ID, USER_ID, ROLE, JOINED_AT) VALUES ('d12c42c6-dd4f-4ec4-98bd-70d440459cbe', '44e5b8d7-decd-45bc-9bd4-02856902c986', 'e5a05139-c46c-41f4-bac0-99d5653e5804', 'MEMBER', '2025-09-19T13:49:00Z');
INSERT INTO CHANNEL_MEMBERS (ID, CHANNEL_ID, USER_ID, ROLE, JOINED_AT) VALUES ('42ef7b01-14f9-41c9-bedb-94ac53d6ec47', '44e5b8d7-decd-45bc-9bd4-02856902c986', 'ae2d64e5-d825-49fc-91bb-f530be88ca84', 'MEMBER', '2025-09-19T12:33:00Z');
INSERT INTO CHANNEL_MEMBERS (ID, CHANNEL_ID, USER_ID, ROLE, JOINED_AT) VALUES ('a3e6b5e1-12fb-4394-886f-e383d4c5d0e2', '44e5b8d7-decd-45bc-9bd4-02856902c986', '3ea561d3-a6be-4658-90a7-1267f9a3f31a', 'MEMBER', '2025-09-19T11:36:00Z');
INSERT INTO CHANNEL_MEMBERS (ID, CHANNEL_ID, USER_ID, ROLE, JOINED_AT) VALUES ('d5c2f044-0619-4a3a-9932-fe5d032dd55e', '44e5b8d7-decd-45bc-9bd4-02856902c986', '927bb721-e8e5-41a7-9a4a-d04201713d45', 'MEMBER', '2025-09-19T12:04:00Z');
INSERT INTO CHANNEL_MEMBERS (ID, CHANNEL_ID, USER_ID, ROLE, JOINED_AT) VALUES ('cbdae893-aa1e-4574-8fc9-c4f98d70b946', '44e5b8d7-decd-45bc-9bd4-02856902c986', 'dcf7d233-454a-4eab-a1d9-895cbcf73dbd', 'MEMBER', '2025-09-19T11:35:00Z');
INSERT INTO CHANNEL_MEMBERS (ID, CHANNEL_ID, USER_ID, ROLE, JOINED_AT) VALUES ('55ddb8a1-1e25-4a47-8d80-cf8b55dd7b25', '44e5b8d7-decd-45bc-9bd4-02856902c986', 'b72e8dbf-922e-43ce-ba07-7dbe3eb2ba42', 'MEMBER', '2025-09-19T12:59:00Z');
INSERT INTO CHANNEL_MEMBERS (ID, CHANNEL_ID, USER_ID, ROLE, JOINED_AT) VALUES ('cd2b5675-f528-44e3-ab52-c1880c328b28', '44e5b8d7-decd-45bc-9bd4-02856902c986', '2915dd6e-8c44-4355-8f1b-f7c8c8b0f48d', 'MEMBER', '2025-09-19T11:56:00Z');
INSERT INTO CHANNEL_MEMBERS (ID, CHANNEL_ID, USER_ID, ROLE, JOINED_AT) VALUES ('a6a07b9b-e0fa-429a-97ac-bc16a334c15f', '44e5b8d7-decd-45bc-9bd4-02856902c986', '10d16b3e-565a-4579-8643-03578e8be901', 'MEMBER', '2025-09-19T11:24:00Z');
INSERT INTO CHANNEL_MEMBERS (ID, CHANNEL_ID, USER_ID, ROLE, JOINED_AT) VALUES ('f16e7667-dbc4-4e26-8514-12c28c7f91ca', '44e5b8d7-decd-45bc-9bd4-02856902c986', '3be336ff-fa43-4f51-baab-0f05457184ef', 'MEMBER', '2025-09-19T12:41:00Z');
INSERT INTO CHANNEL_MEMBERS (ID, CHANNEL_ID, USER_ID, ROLE, JOINED_AT) VALUES ('2e9a32e0-2070-4f15-9861-6877065b645d', '44e5b8d7-decd-45bc-9bd4-02856902c986', '0d9d27d6-8977-46d8-b00a-2464a932aafe', 'MEMBER', '2025-09-19T13:04:00Z');
INSERT INTO CHANNEL_MEMBERS (ID, CHANNEL_ID, USER_ID, ROLE, JOINED_AT) VALUES ('2990374c-d92b-49bb-85c4-5461772ca85b', '44e5b8d7-decd-45bc-9bd4-02856902c986', 'cc58e483-1807-4ab2-83ce-fb2336da1cfd', 'ADMIN', '2025-09-19T11:41:00Z');
INSERT INTO CHANNEL_MEMBERS (ID, CHANNEL_ID, USER_ID, ROLE, JOINED_AT) VALUES ('037a1835-632f-4d84-900e-587d5c2ec2ee', 'df7b437c-eebb-4d30-871c-6a5f1e228df8', '0c862291-6d43-47fc-8682-ae358658a5e4', 'MEMBER', '2025-09-19T11:23:00Z');
INSERT INTO CHANNEL_MEMBERS (ID, CHANNEL_ID, USER_ID, ROLE, JOINED_AT) VALUES ('e6296981-b9c7-4da1-bc55-cf5e0f853e0d', 'df7b437c-eebb-4d30-871c-6a5f1e228df8', '7d3e50a8-7831-4589-8676-abfeb06ef3aa', 'MEMBER', '2025-09-19T12:33:00Z');
INSERT INTO CHANNEL_MEMBERS (ID, CHANNEL_ID, USER_ID, ROLE, JOINED_AT) VALUES ('82ef4190-6f17-48ac-9873-4bf11bebd504', 'df7b437c-eebb-4d30-871c-6a5f1e228df8', 'dcf7d233-454a-4eab-a1d9-895cbcf73dbd', 'MEMBER', '2025-09-19T11:04:00Z');
INSERT INTO CHANNEL_MEMBERS (ID, CHANNEL_ID, USER_ID, ROLE, JOINED_AT) VALUES ('be1968b6-0325-44b7-b695-a1494e12bbf1', 'df7b437c-eebb-4d30-871c-6a5f1e228df8', 'ea81be69-a79e-406e-9c36-11d10cedf9b2', 'MEMBER', '2025-09-19T12:26:00Z');
INSERT INTO CHANNEL_MEMBERS (ID, CHANNEL_ID, USER_ID, ROLE, JOINED_AT) VALUES ('835e958c-0c0f-4fe2-b0bd-860a35c92849', 'df7b437c-eebb-4d30-871c-6a5f1e228df8', '2330f28c-71ad-4bd9-be36-b44ee56f6727', 'MEMBER', '2025-09-19T13:21:00Z');
INSERT INTO CHANNEL_MEMBERS (ID, CHANNEL_ID, USER_ID, ROLE, JOINED_AT) VALUES ('031702c0-1525-48ea-9975-bf73312f116b', 'df7b437c-eebb-4d30-871c-6a5f1e228df8', 'e5a05139-c46c-41f4-bac0-99d5653e5804', 'ADMIN', '2025-09-19T12:57:00Z');
INSERT INTO CHANNEL_MEMBERS (ID, CHANNEL_ID, USER_ID, ROLE, JOINED_AT) VALUES ('23bd0902-b9ed-490f-9177-ce0721a63f1d', 'df7b437c-eebb-4d30-871c-6a5f1e228df8', 'b72e8dbf-922e-43ce-ba07-7dbe3eb2ba42', 'MEMBER', '2025-09-19T12:52:00Z');
INSERT INTO CHANNEL_MEMBERS (ID, CHANNEL_ID, USER_ID, ROLE, JOINED_AT) VALUES ('6ca4d2c9-dfef-45d1-afb0-732b7fc452b2', 'df7b437c-eebb-4d30-871c-6a5f1e228df8', '2915dd6e-8c44-4355-8f1b-f7c8c8b0f48d', 'MEMBER', '2025-09-19T14:00:00Z');
INSERT INTO CHANNEL_MEMBERS (ID, CHANNEL_ID, USER_ID, ROLE, JOINED_AT) VALUES ('88ef5607-7c3f-491c-8444-20ebe3d6c308', 'df7b437c-eebb-4d30-871c-6a5f1e228df8', '0a743332-50d7-41f3-8b6a-a63cec503b96', 'MEMBER', '2025-09-19T11:04:00Z');
INSERT INTO DIRECT_CONVERSATION (ID, IS_GROUP, TITLE, CREATED_BY_USER_ID, CREATED_AT, UPDATED_AT) VALUES ('7b2ab9cb-c334-4a18-b2be-358f06e607e1', TRUE, 'Hiring Panel', 'e5a05139-c46c-41f4-bac0-99d5653e5804', '2025-09-19T12:00:00Z', '2025-09-19T12:00:00Z');
INSERT INTO DIRECT_CONVERSATION (ID, IS_GROUP, TITLE, CREATED_BY_USER_ID, CREATED_AT, UPDATED_AT) VALUES ('17f0a5e1-7fb0-4183-bebe-5e514205dae3', TRUE, 'API Spec Sync', 'b4582ada-4434-4034-a6e0-3bb5c52fd119', '2025-09-19T12:02:00Z', '2025-09-19T12:02:00Z');
INSERT INTO DIRECT_CONVERSATION (ID, IS_GROUP, TITLE, CREATED_BY_USER_ID, CREATED_AT, UPDATED_AT) VALUES ('6928aed1-c22e-4742-b14b-17d88bf89764', TRUE, 'Design Review', 'ea81be69-a79e-406e-9c36-11d10cedf9b2', '2025-09-19T12:04:00Z', '2025-09-19T12:04:00Z');
INSERT INTO DIRECT_CONVERSATION (ID, IS_GROUP, TITLE, CREATED_BY_USER_ID, CREATED_AT, UPDATED_AT) VALUES ('a2f5cfdf-92b7-414f-97d2-0ceceb8182a6', TRUE, 'Project Phoenix Planning', '0d9d27d6-8977-46d8-b00a-2464a932aafe', '2025-09-19T12:06:00Z', '2025-09-19T12:06:00Z');
INSERT INTO DIRECT_CONVERSATION (ID, IS_GROUP, TITLE, CREATED_BY_USER_ID, CREATED_AT, UPDATED_AT) VALUES ('3a0190c3-6745-4196-8e61-824a7296f298', TRUE, 'Incident Triage', '1aa8e23d-6846-4fa4-a252-e28a3ca685f2', '2025-09-19T12:08:00Z', '2025-09-19T12:08:00Z');
INSERT INTO DIRECT_CONVERSATION (ID, IS_GROUP, TITLE, CREATED_BY_USER_ID, CREATED_AT, UPDATED_AT) VALUES ('e2e0eb46-ccf5-4c10-89c3-4c3ede1b1f68', TRUE, 'Project Phoenix Planning', 'ae2d64e5-d825-49fc-91bb-f530be88ca84', '2025-09-19T12:10:00Z', '2025-09-19T12:10:00Z');
INSERT INTO DIRECT_CONVERSATION (ID, IS_GROUP, TITLE, CREATED_BY_USER_ID, CREATED_AT, UPDATED_AT) VALUES ('a6e99ea0-2d43-408d-8046-6c76753b37b6', FALSE, NULL, 'fff673d0-c4be-49fc-8342-6554a25d19ee', '2025-09-19T12:12:00Z', '2025-09-19T12:12:00Z');
INSERT INTO DIRECT_CONVERSATION (ID, IS_GROUP, TITLE, CREATED_BY_USER_ID, CREATED_AT, UPDATED_AT) VALUES ('d0af7751-89fe-451f-ae20-7fa803580b9a', FALSE, NULL, 'fff673d0-c4be-49fc-8342-6554a25d19ee', '2025-09-19T12:14:00Z', '2025-09-19T12:14:00Z');
INSERT INTO DIRECT_CONVERSATION (ID, IS_GROUP, TITLE, CREATED_BY_USER_ID, CREATED_AT, UPDATED_AT) VALUES ('cd5b8aea-b52a-4f39-b2d8-323d6b89b6cb', FALSE, NULL, 'e47beacf-c098-4286-b417-3d45c94bd968', '2025-09-19T12:16:00Z', '2025-09-19T12:16:00Z');
INSERT INTO DIRECT_CONVERSATION (ID, IS_GROUP, TITLE, CREATED_BY_USER_ID, CREATED_AT, UPDATED_AT) VALUES ('f9753faa-1433-4fd8-ac75-30a348674892', FALSE, NULL, '1aa8e23d-6846-4fa4-a252-e28a3ca685f2', '2025-09-19T12:18:00Z', '2025-09-19T12:18:00Z');
INSERT INTO DIRECT_CONVERSATION (ID, IS_GROUP, TITLE, CREATED_BY_USER_ID, CREATED_AT, UPDATED_AT) VALUES ('1df80162-73ec-4658-8163-0941bf2a2e40', FALSE, NULL, 'a44b01b8-7db1-4291-a75e-dc046ca12372', '2025-09-19T12:20:00Z', '2025-09-19T12:20:00Z');
INSERT INTO DIRECT_CONVERSATION (ID, IS_GROUP, TITLE, CREATED_BY_USER_ID, CREATED_AT, UPDATED_AT) VALUES ('3817fac1-c773-4f10-937f-905be16bee7d', FALSE, NULL, '0c862291-6d43-47fc-8682-ae358658a5e4', '2025-09-19T12:22:00Z', '2025-09-19T12:22:00Z');
INSERT INTO DIRECT_CONVERSATION (ID, IS_GROUP, TITLE, CREATED_BY_USER_ID, CREATED_AT, UPDATED_AT) VALUES ('e2936f9d-16f8-4eb9-9d78-d5d57c1b8334', FALSE, NULL, 'fff673d0-c4be-49fc-8342-6554a25d19ee', '2025-09-19T12:24:00Z', '2025-09-19T12:24:00Z');
INSERT INTO DIRECT_CONVERSATION (ID, IS_GROUP, TITLE, CREATED_BY_USER_ID, CREATED_AT, UPDATED_AT) VALUES ('a84367f8-b2cb-4d3e-bd71-3351536b2a88', FALSE, NULL, 'a44b01b8-7db1-4291-a75e-dc046ca12372', '2025-09-19T12:26:00Z', '2025-09-19T12:26:00Z');
INSERT INTO DIRECT_CONVERSATION (ID, IS_GROUP, TITLE, CREATED_BY_USER_ID, CREATED_AT, UPDATED_AT) VALUES ('445bad2a-43d2-4a2b-b747-22fb1197de18', FALSE, NULL, 'cc58e483-1807-4ab2-83ce-fb2336da1cfd', '2025-09-19T12:28:00Z', '2025-09-19T12:28:00Z');
INSERT INTO DIRECT_CONVERSATION (ID, IS_GROUP, TITLE, CREATED_BY_USER_ID, CREATED_AT, UPDATED_AT) VALUES ('2246935a-2304-4505-a67d-a26216ebc5ae', FALSE, NULL, '10d16b3e-565a-4579-8643-03578e8be901', '2025-09-19T12:30:00Z', '2025-09-19T12:30:00Z');
INSERT INTO DIRECT_CONVERSATION (ID, IS_GROUP, TITLE, CREATED_BY_USER_ID, CREATED_AT, UPDATED_AT) VALUES ('91aa8cfd-0997-4730-8dc1-b93c34840630', FALSE, NULL, 'dcf7d233-454a-4eab-a1d9-895cbcf73dbd', '2025-09-19T12:32:00Z', '2025-09-19T12:32:00Z');
INSERT INTO DIRECT_CONVERSATION (ID, IS_GROUP, TITLE, CREATED_BY_USER_ID, CREATED_AT, UPDATED_AT) VALUES ('72f71475-98f5-4153-bb9f-79def375ff77', FALSE, NULL, 'b72e8dbf-922e-43ce-ba07-7dbe3eb2ba42', '2025-09-19T12:34:00Z', '2025-09-19T12:34:00Z');
INSERT INTO DIRECT_PARTICIPANT (ID, DIRECT_CONVERSATION_ID, USER_ID, IS_ADMIN, JOINED_AT, NOTIFY_LEVEL) VALUES ('571702eb-72d2-47df-b6e0-7f98bfca1deb', '7b2ab9cb-c334-4a18-b2be-358f06e607e1', '2330f28c-71ad-4bd9-be36-b44ee56f6727', FALSE, '2025-09-19T13:03:00Z', 'NONE');
INSERT INTO DIRECT_PARTICIPANT (ID, DIRECT_CONVERSATION_ID, USER_ID, IS_ADMIN, JOINED_AT, NOTIFY_LEVEL) VALUES ('4ba16155-3f45-43a6-8a1a-77ae1be2746e', '7b2ab9cb-c334-4a18-b2be-358f06e607e1', 'cc58e483-1807-4ab2-83ce-fb2336da1cfd', FALSE, '2025-09-19T12:41:00Z', 'ALL');
INSERT INTO DIRECT_PARTICIPANT (ID, DIRECT_CONVERSATION_ID, USER_ID, IS_ADMIN, JOINED_AT, NOTIFY_LEVEL) VALUES ('dc13ef8d-8e55-4450-b27d-99be7f80ef29', '7b2ab9cb-c334-4a18-b2be-358f06e607e1', '4391c62b-ac08-4b9a-8330-286f29a96afd', FALSE, '2025-09-19T12:35:00Z', 'ALL');
INSERT INTO DIRECT_PARTICIPANT (ID, DIRECT_CONVERSATION_ID, USER_ID, IS_ADMIN, JOINED_AT, NOTIFY_LEVEL) VALUES ('06649758-7d4d-487c-9579-2e12441656da', '7b2ab9cb-c334-4a18-b2be-358f06e607e1', 'a8807234-9776-45af-87c6-c67aee3e62d8', FALSE, '2025-09-19T13:28:00Z', 'ALL');
INSERT INTO DIRECT_PARTICIPANT (ID, DIRECT_CONVERSATION_ID, USER_ID, IS_ADMIN, JOINED_AT, NOTIFY_LEVEL) VALUES ('330b28e5-ed1c-4ce6-b5ef-bab876a3971f', '7b2ab9cb-c334-4a18-b2be-358f06e607e1', 'ea81be69-a79e-406e-9c36-11d10cedf9b2', TRUE, '2025-09-19T12:54:00Z', 'ALL');
INSERT INTO DIRECT_PARTICIPANT (ID, DIRECT_CONVERSATION_ID, USER_ID, IS_ADMIN, JOINED_AT, NOTIFY_LEVEL) VALUES ('5870dc61-b61c-40ff-bd59-e62f4ea04c55', '17f0a5e1-7fb0-4183-bebe-5e514205dae3', '68973614-94db-4f98-9729-0712e0c5c0fa', TRUE, '2025-09-19T13:17:00Z', 'ALL');
INSERT INTO DIRECT_PARTICIPANT (ID, DIRECT_CONVERSATION_ID, USER_ID, IS_ADMIN, JOINED_AT, NOTIFY_LEVEL) VALUES ('40754013-ed51-4337-bc2c-916897e7e10f', '17f0a5e1-7fb0-4183-bebe-5e514205dae3', '962f18a5-f888-4886-b93d-a763ff8c9d98', FALSE, '2025-09-19T12:08:00Z', 'MENTIONS_ONLY');
INSERT INTO DIRECT_PARTICIPANT (ID, DIRECT_CONVERSATION_ID, USER_ID, IS_ADMIN, JOINED_AT, NOTIFY_LEVEL) VALUES ('b8aef95a-371d-48bc-b358-4f5e3abc6d84', '17f0a5e1-7fb0-4183-bebe-5e514205dae3', 'ae2d64e5-d825-49fc-91bb-f530be88ca84', FALSE, '2025-09-19T12:15:00Z', 'MENTIONS_ONLY');
INSERT INTO DIRECT_PARTICIPANT (ID, DIRECT_CONVERSATION_ID, USER_ID, IS_ADMIN, JOINED_AT, NOTIFY_LEVEL) VALUES ('271547ba-6ac8-46a8-89ae-51084919d73c', '17f0a5e1-7fb0-4183-bebe-5e514205dae3', '65f37860-80c6-4e1e-b1b0-62993c0ca5df', FALSE, '2025-09-19T12:01:00Z', 'MENTIONS_ONLY');
INSERT INTO DIRECT_PARTICIPANT (ID, DIRECT_CONVERSATION_ID, USER_ID, IS_ADMIN, JOINED_AT, NOTIFY_LEVEL) VALUES ('617d11b5-f61d-4898-a1c2-e9aae290721b', '17f0a5e1-7fb0-4183-bebe-5e514205dae3', 'fff673d0-c4be-49fc-8342-6554a25d19ee', FALSE, '2025-09-19T13:10:00Z', 'MENTIONS_ONLY');
INSERT INTO DIRECT_PARTICIPANT (ID, DIRECT_CONVERSATION_ID, USER_ID, IS_ADMIN, JOINED_AT, NOTIFY_LEVEL) VALUES ('c6965c44-770a-4391-972f-03889ac62af4', '6928aed1-c22e-4742-b14b-17d88bf89764', 'b4582ada-4434-4034-a6e0-3bb5c52fd119', FALSE, '2025-09-19T12:14:00Z', 'ALL');
INSERT INTO DIRECT_PARTICIPANT (ID, DIRECT_CONVERSATION_ID, USER_ID, IS_ADMIN, JOINED_AT, NOTIFY_LEVEL) VALUES ('4ad186ff-66ae-4ef6-a941-d4f4e6922484', '6928aed1-c22e-4742-b14b-17d88bf89764', 'cc58e483-1807-4ab2-83ce-fb2336da1cfd', TRUE, '2025-09-19T12:33:00Z', 'ALL');
INSERT INTO DIRECT_PARTICIPANT (ID, DIRECT_CONVERSATION_ID, USER_ID, IS_ADMIN, JOINED_AT, NOTIFY_LEVEL) VALUES ('82ff8556-616e-43d8-ab14-beb76d03777b', '6928aed1-c22e-4742-b14b-17d88bf89764', 'e47beacf-c098-4286-b417-3d45c94bd968', FALSE, '2025-09-19T12:23:00Z', 'ALL');
INSERT INTO DIRECT_PARTICIPANT (ID, DIRECT_CONVERSATION_ID, USER_ID, IS_ADMIN, JOINED_AT, NOTIFY_LEVEL) VALUES ('1a1790c7-2e77-4dcb-9876-afdfe2cffb76', '6928aed1-c22e-4742-b14b-17d88bf89764', 'ea81be69-a79e-406e-9c36-11d10cedf9b2', FALSE, '2025-09-19T12:39:00Z', 'NONE');
INSERT INTO DIRECT_PARTICIPANT (ID, DIRECT_CONVERSATION_ID, USER_ID, IS_ADMIN, JOINED_AT, NOTIFY_LEVEL) VALUES ('a3e59feb-565e-4f17-b71c-ee7eebeddd57', '6928aed1-c22e-4742-b14b-17d88bf89764', '7d3e50a8-7831-4589-8676-abfeb06ef3aa', FALSE, '2025-09-19T12:39:00Z', 'NONE');
INSERT INTO DIRECT_PARTICIPANT (ID, DIRECT_CONVERSATION_ID, USER_ID, IS_ADMIN, JOINED_AT, NOTIFY_LEVEL) VALUES ('888f5d90-2dad-4547-9523-06498452f218', 'a2f5cfdf-92b7-414f-97d2-0ceceb8182a6', '3be336ff-fa43-4f51-baab-0f05457184ef', FALSE, '2025-09-19T12:34:00Z', 'MENTIONS_ONLY');
INSERT INTO DIRECT_PARTICIPANT (ID, DIRECT_CONVERSATION_ID, USER_ID, IS_ADMIN, JOINED_AT, NOTIFY_LEVEL) VALUES ('8c5f2143-7568-4099-8fc9-3729ed72800f', 'a2f5cfdf-92b7-414f-97d2-0ceceb8182a6', '11e73f2c-8c74-4a46-be69-276e0ca4b092', TRUE, '2025-09-19T12:02:00Z', 'MENTIONS_ONLY');
INSERT INTO DIRECT_PARTICIPANT (ID, DIRECT_CONVERSATION_ID, USER_ID, IS_ADMIN, JOINED_AT, NOTIFY_LEVEL) VALUES ('d75feac0-a88f-4f60-90ad-3bf979889952', 'a2f5cfdf-92b7-414f-97d2-0ceceb8182a6', 'ea81be69-a79e-406e-9c36-11d10cedf9b2', FALSE, '2025-09-19T12:04:00Z', 'ALL');
INSERT INTO DIRECT_PARTICIPANT (ID, DIRECT_CONVERSATION_ID, USER_ID, IS_ADMIN, JOINED_AT, NOTIFY_LEVEL) VALUES ('a87443a8-b030-4f73-bdcb-015d3b57dab8', 'a2f5cfdf-92b7-414f-97d2-0ceceb8182a6', '3ea561d3-a6be-4658-90a7-1267f9a3f31a', FALSE, '2025-09-19T12:02:00Z', 'NONE');
INSERT INTO DIRECT_PARTICIPANT (ID, DIRECT_CONVERSATION_ID, USER_ID, IS_ADMIN, JOINED_AT, NOTIFY_LEVEL) VALUES ('0cab673c-f0ed-4cce-9676-433420f30c8c', '3a0190c3-6745-4196-8e61-824a7296f298', 'ea81be69-a79e-406e-9c36-11d10cedf9b2', FALSE, '2025-09-19T12:13:00Z', 'NONE');
INSERT INTO DIRECT_PARTICIPANT (ID, DIRECT_CONVERSATION_ID, USER_ID, IS_ADMIN, JOINED_AT, NOTIFY_LEVEL) VALUES ('30165a89-27df-449b-aa13-1eaeac597766', '3a0190c3-6745-4196-8e61-824a7296f298', '45877c9d-14ba-4ef6-8ce3-2034cec82fd3', FALSE, '2025-09-19T13:23:00Z', 'MENTIONS_ONLY');
INSERT INTO DIRECT_PARTICIPANT (ID, DIRECT_CONVERSATION_ID, USER_ID, IS_ADMIN, JOINED_AT, NOTIFY_LEVEL) VALUES ('8b1d98be-887f-4714-a4bd-d33df3778077', '3a0190c3-6745-4196-8e61-824a7296f298', '927bb721-e8e5-41a7-9a4a-d04201713d45', FALSE, '2025-09-19T13:24:00Z', 'MENTIONS_ONLY');
INSERT INTO DIRECT_PARTICIPANT (ID, DIRECT_CONVERSATION_ID, USER_ID, IS_ADMIN, JOINED_AT, NOTIFY_LEVEL) VALUES ('3207cd5b-3dbe-48f6-8f94-3048acd77879', '3a0190c3-6745-4196-8e61-824a7296f298', 'a8807234-9776-45af-87c6-c67aee3e62d8', TRUE, '2025-09-19T13:09:00Z', 'MENTIONS_ONLY');
INSERT INTO DIRECT_PARTICIPANT (ID, DIRECT_CONVERSATION_ID, USER_ID, IS_ADMIN, JOINED_AT, NOTIFY_LEVEL) VALUES ('e6e673d7-effc-4d93-88ca-cf79505cb974', 'e2e0eb46-ccf5-4c10-89c3-4c3ede1b1f68', '7d3e50a8-7831-4589-8676-abfeb06ef3aa', FALSE, '2025-09-19T12:51:00Z', 'MENTIONS_ONLY');
INSERT INTO DIRECT_PARTICIPANT (ID, DIRECT_CONVERSATION_ID, USER_ID, IS_ADMIN, JOINED_AT, NOTIFY_LEVEL) VALUES ('ebb6e2ce-e0a8-4453-b205-b0e1f783db62', 'e2e0eb46-ccf5-4c10-89c3-4c3ede1b1f68', '2915dd6e-8c44-4355-8f1b-f7c8c8b0f48d', TRUE, '2025-09-19T12:06:00Z', 'ALL');
INSERT INTO DIRECT_PARTICIPANT (ID, DIRECT_CONVERSATION_ID, USER_ID, IS_ADMIN, JOINED_AT, NOTIFY_LEVEL) VALUES ('aa2f7d6d-4bd4-4975-aa8b-82841d349390', 'e2e0eb46-ccf5-4c10-89c3-4c3ede1b1f68', '927bb721-e8e5-41a7-9a4a-d04201713d45', FALSE, '2025-09-19T12:01:00Z', 'ALL');
INSERT INTO DIRECT_PARTICIPANT (ID, DIRECT_CONVERSATION_ID, USER_ID, IS_ADMIN, JOINED_AT, NOTIFY_LEVEL) VALUES ('7bec036a-86cc-437c-8e45-704f78899be5', 'e2e0eb46-ccf5-4c10-89c3-4c3ede1b1f68', 'e5a05139-c46c-41f4-bac0-99d5653e5804', FALSE, '2025-09-19T13:20:00Z', 'NONE');
INSERT INTO DIRECT_PARTICIPANT (ID, DIRECT_CONVERSATION_ID, USER_ID, IS_ADMIN, JOINED_AT, NOTIFY_LEVEL) VALUES ('f94f1fdf-51d4-4d34-be73-8a0599544bd5', 'e2e0eb46-ccf5-4c10-89c3-4c3ede1b1f68', '10d16b3e-565a-4579-8643-03578e8be901', FALSE, '2025-09-19T12:32:00Z', 'MENTIONS_ONLY');
INSERT INTO DIRECT_PARTICIPANT (ID, DIRECT_CONVERSATION_ID, USER_ID, IS_ADMIN, JOINED_AT, NOTIFY_LEVEL) VALUES ('3cdba482-1eef-4a29-8842-aff1738e12cd', 'a6e99ea0-2d43-408d-8046-6c76753b37b6', '0c862291-6d43-47fc-8682-ae358658a5e4', TRUE, '2025-09-19T13:25:00Z', 'MENTIONS_ONLY');
INSERT INTO DIRECT_PARTICIPANT (ID, DIRECT_CONVERSATION_ID, USER_ID, IS_ADMIN, JOINED_AT, NOTIFY_LEVEL) VALUES ('b89c2b85-a123-4f63-9891-07f416fa0583', 'a6e99ea0-2d43-408d-8046-6c76753b37b6', 'e47beacf-c098-4286-b417-3d45c94bd968', FALSE, '2025-09-19T13:04:00Z', 'NONE');
INSERT INTO DIRECT_PARTICIPANT (ID, DIRECT_CONVERSATION_ID, USER_ID, IS_ADMIN, JOINED_AT, NOTIFY_LEVEL) VALUES ('0a6a7f29-69c7-4488-9d15-4f24da2dd757', 'd0af7751-89fe-451f-ae20-7fa803580b9a', '3be336ff-fa43-4f51-baab-0f05457184ef', TRUE, '2025-09-19T13:28:00Z', 'MENTIONS_ONLY');
INSERT INTO DIRECT_PARTICIPANT (ID, DIRECT_CONVERSATION_ID, USER_ID, IS_ADMIN, JOINED_AT, NOTIFY_LEVEL) VALUES ('3bbaba08-4162-47e0-9cb3-706eab39a3d1', 'd0af7751-89fe-451f-ae20-7fa803580b9a', 'b4582ada-4434-4034-a6e0-3bb5c52fd119', FALSE, '2025-09-19T12:05:00Z', 'MENTIONS_ONLY');
INSERT INTO DIRECT_PARTICIPANT (ID, DIRECT_CONVERSATION_ID, USER_ID, IS_ADMIN, JOINED_AT, NOTIFY_LEVEL) VALUES ('15e75dd4-de40-424e-ab8d-1e7039fdaa20', 'cd5b8aea-b52a-4f39-b2d8-323d6b89b6cb', '0c862291-6d43-47fc-8682-ae358658a5e4', FALSE, '2025-09-19T12:00:00Z', 'MENTIONS_ONLY');
INSERT INTO DIRECT_PARTICIPANT (ID, DIRECT_CONVERSATION_ID, USER_ID, IS_ADMIN, JOINED_AT, NOTIFY_LEVEL) VALUES ('f4392995-9ab9-4195-8162-7f7b2c1d7cb4', 'cd5b8aea-b52a-4f39-b2d8-323d6b89b6cb', 'fff673d0-c4be-49fc-8342-6554a25d19ee', TRUE, '2025-09-19T12:46:00Z', 'MENTIONS_ONLY');
INSERT INTO DIRECT_PARTICIPANT (ID, DIRECT_CONVERSATION_ID, USER_ID, IS_ADMIN, JOINED_AT, NOTIFY_LEVEL) VALUES ('ae25820a-d687-4b3e-bfce-d850251a7415', 'f9753faa-1433-4fd8-ac75-30a348674892', '4391c62b-ac08-4b9a-8330-286f29a96afd', TRUE, '2025-09-19T12:04:00Z', 'MENTIONS_ONLY');
INSERT INTO DIRECT_PARTICIPANT (ID, DIRECT_CONVERSATION_ID, USER_ID, IS_ADMIN, JOINED_AT, NOTIFY_LEVEL) VALUES ('388995c4-96bb-412e-b894-445968b7094b', 'f9753faa-1433-4fd8-ac75-30a348674892', 'e5a05139-c46c-41f4-bac0-99d5653e5804', FALSE, '2025-09-19T12:27:00Z', 'MENTIONS_ONLY');
INSERT INTO DIRECT_PARTICIPANT (ID, DIRECT_CONVERSATION_ID, USER_ID, IS_ADMIN, JOINED_AT, NOTIFY_LEVEL) VALUES ('d7784fa8-951d-4a54-b8e5-386395e8de18', '1df80162-73ec-4658-8163-0941bf2a2e40', '0c862291-6d43-47fc-8682-ae358658a5e4', FALSE, '2025-09-19T12:48:00Z', 'ALL');
INSERT INTO DIRECT_PARTICIPANT (ID, DIRECT_CONVERSATION_ID, USER_ID, IS_ADMIN, JOINED_AT, NOTIFY_LEVEL) VALUES ('5bbb95d6-242e-4f7e-b736-05f83d0c6870', '1df80162-73ec-4658-8163-0941bf2a2e40', '68973614-94db-4f98-9729-0712e0c5c0fa', TRUE, '2025-09-19T13:00:00Z', 'MENTIONS_ONLY');
INSERT INTO DIRECT_PARTICIPANT (ID, DIRECT_CONVERSATION_ID, USER_ID, IS_ADMIN, JOINED_AT, NOTIFY_LEVEL) VALUES ('ad81c1e4-cbe1-41ba-85b3-4ab1239c9fd7', '3817fac1-c773-4f10-937f-905be16bee7d', 'ea81be69-a79e-406e-9c36-11d10cedf9b2', TRUE, '2025-09-19T12:31:00Z', 'NONE');
INSERT INTO DIRECT_PARTICIPANT (ID, DIRECT_CONVERSATION_ID, USER_ID, IS_ADMIN, JOINED_AT, NOTIFY_LEVEL) VALUES ('de7c8891-3f0e-4dba-a5e4-b621edf48c17', '3817fac1-c773-4f10-937f-905be16bee7d', '962f18a5-f888-4886-b93d-a763ff8c9d98', FALSE, '2025-09-19T12:00:00Z', 'ALL');
INSERT INTO DIRECT_PARTICIPANT (ID, DIRECT_CONVERSATION_ID, USER_ID, IS_ADMIN, JOINED_AT, NOTIFY_LEVEL) VALUES ('92809894-a20e-400b-bd2c-35573e508f1e', 'e2936f9d-16f8-4eb9-9d78-d5d57c1b8334', 'fff673d0-c4be-49fc-8342-6554a25d19ee', TRUE, '2025-09-19T12:18:00Z', 'MENTIONS_ONLY');
INSERT INTO DIRECT_PARTICIPANT (ID, DIRECT_CONVERSATION_ID, USER_ID, IS_ADMIN, JOINED_AT, NOTIFY_LEVEL) VALUES ('dd4df4b4-7c2a-4b21-a7b2-09a9e05bf28f', 'e2936f9d-16f8-4eb9-9d78-d5d57c1b8334', '10d16b3e-565a-4579-8643-03578e8be901', FALSE, '2025-09-19T13:15:00Z', 'ALL');
INSERT INTO DIRECT_PARTICIPANT (ID, DIRECT_CONVERSATION_ID, USER_ID, IS_ADMIN, JOINED_AT, NOTIFY_LEVEL) VALUES ('0fa7f4b4-1c83-4e78-be1b-54480189685a', 'a84367f8-b2cb-4d3e-bd71-3351536b2a88', '2330f28c-71ad-4bd9-be36-b44ee56f6727', FALSE, '2025-09-19T12:38:00Z', 'NONE');
INSERT INTO DIRECT_PARTICIPANT (ID, DIRECT_CONVERSATION_ID, USER_ID, IS_ADMIN, JOINED_AT, NOTIFY_LEVEL) VALUES ('09cf08d4-4ab4-4ac4-bb79-22202b1cd923', 'a84367f8-b2cb-4d3e-bd71-3351536b2a88', '68973614-94db-4f98-9729-0712e0c5c0fa', TRUE, '2025-09-19T12:29:00Z', 'ALL');
INSERT INTO DIRECT_PARTICIPANT (ID, DIRECT_CONVERSATION_ID, USER_ID, IS_ADMIN, JOINED_AT, NOTIFY_LEVEL) VALUES ('89af0d8b-805f-4763-a065-719812303aa1', '445bad2a-43d2-4a2b-b747-22fb1197de18', '6fd28d64-d799-49d6-a786-42379b81a92f', TRUE, '2025-09-19T13:24:00Z', 'NONE');
INSERT INTO DIRECT_PARTICIPANT (ID, DIRECT_CONVERSATION_ID, USER_ID, IS_ADMIN, JOINED_AT, NOTIFY_LEVEL) VALUES ('cff2d24e-218b-4b7b-8f3d-06a81ab64455', '445bad2a-43d2-4a2b-b747-22fb1197de18', 'ea81be69-a79e-406e-9c36-11d10cedf9b2', FALSE, '2025-09-19T13:16:00Z', 'MENTIONS_ONLY');
INSERT INTO DIRECT_PARTICIPANT (ID, DIRECT_CONVERSATION_ID, USER_ID, IS_ADMIN, JOINED_AT, NOTIFY_LEVEL) VALUES ('d312e763-b3af-4d4e-becb-8fee97d0320f', '2246935a-2304-4505-a67d-a26216ebc5ae', 'a44b01b8-7db1-4291-a75e-dc046ca12372', FALSE, '2025-09-19T12:19:00Z', 'MENTIONS_ONLY');
INSERT INTO DIRECT_PARTICIPANT (ID, DIRECT_CONVERSATION_ID, USER_ID, IS_ADMIN, JOINED_AT, NOTIFY_LEVEL) VALUES ('d67f9fb0-97ad-4e06-aa7e-9178fc8651b9', '2246935a-2304-4505-a67d-a26216ebc5ae', 'e5a05139-c46c-41f4-bac0-99d5653e5804', TRUE, '2025-09-19T13:19:00Z', 'NONE');
INSERT INTO DIRECT_PARTICIPANT (ID, DIRECT_CONVERSATION_ID, USER_ID, IS_ADMIN, JOINED_AT, NOTIFY_LEVEL) VALUES ('4a829c39-da0e-4336-840f-0e0ef4888b10', '91aa8cfd-0997-4730-8dc1-b93c34840630', 'cc58e483-1807-4ab2-83ce-fb2336da1cfd', FALSE, '2025-09-19T13:29:00Z', 'NONE');
INSERT INTO DIRECT_PARTICIPANT (ID, DIRECT_CONVERSATION_ID, USER_ID, IS_ADMIN, JOINED_AT, NOTIFY_LEVEL) VALUES ('6d645353-094d-46dc-b5a4-4f3b243d0556', '91aa8cfd-0997-4730-8dc1-b93c34840630', 'e47beacf-c098-4286-b417-3d45c94bd968', TRUE, '2025-09-19T12:17:00Z', 'NONE');
INSERT INTO DIRECT_PARTICIPANT (ID, DIRECT_CONVERSATION_ID, USER_ID, IS_ADMIN, JOINED_AT, NOTIFY_LEVEL) VALUES ('a2209a3e-ed58-4ab7-8a10-1d10c3c93694', '72f71475-98f5-4153-bb9f-79def375ff77', 'a44b01b8-7db1-4291-a75e-dc046ca12372', TRUE, '2025-09-19T13:27:00Z', 'NONE');
INSERT INTO DIRECT_PARTICIPANT (ID, DIRECT_CONVERSATION_ID, USER_ID, IS_ADMIN, JOINED_AT, NOTIFY_LEVEL) VALUES ('769d64a5-77e9-4fef-a827-5b961b60003c', '72f71475-98f5-4153-bb9f-79def375ff77', 'ea81be69-a79e-406e-9c36-11d10cedf9b2', FALSE, '2025-09-19T13:27:00Z', 'NONE');
INSERT INTO MESSAGE (ID, CONTENT, CONTENT_TYPE, SENDER_USER_ID, CHANNEL_ID, DIRECT_CONVERSATION_ID, CREATED_AT, DELETED) VALUES ('b4f4a9f6-adf6-422a-a76c-7f6d0b4aa787', 'Pushed a fix to the feature branch.', 'TEXT', '962f18a5-f888-4886-b93d-a763ff8c9d98', 'a6d27e2f-2619-4a53-a3ec-7fc9f10a0eda', NULL, '2025-09-19T13:00:00Z', FALSE);
INSERT INTO MESSAGE (ID, CONTENT, CONTENT_TYPE, SENDER_USER_ID, CHANNEL_ID, DIRECT_CONVERSATION_ID, CREATED_AT, DELETED) VALUES ('94c3e388-4b2d-4cc3-9d8b-cebe41429e54', 'Frontend build is 30% faster now.', 'TEXT', 'cc58e483-1807-4ab2-83ce-fb2336da1cfd', '700c1676-696d-4cae-9231-5dcc76bf0ee4', NULL, '2025-09-19T13:01:00Z', FALSE);
INSERT INTO MESSAGE (ID, CONTENT, CONTENT_TYPE, SENDER_USER_ID, CHANNEL_ID, DIRECT_CONVERSATION_ID, CREATED_AT, DELETED) VALUES ('818b7a39-2e7a-47c1-a176-9469858674e2', 'Morning team  standup in 10.', 'TEXT', '10d16b3e-565a-4579-8643-03578e8be901', 'e757b5b9-e261-430f-b2d0-d178dcd6e2dc', NULL, '2025-09-19T13:02:00Z', FALSE);
INSERT INTO MESSAGE (ID, CONTENT, CONTENT_TYPE, SENDER_USER_ID, CHANNEL_ID, DIRECT_CONVERSATION_ID, CREATED_AT, DELETED) VALUES ('18d0cbfb-5fcc-48d0-9fb5-0cc934c0b805', 'Added metrics for request retries.', 'TEXT', '962f18a5-f888-4886-b93d-a763ff8c9d98', '7c6fbef3-6e9c-4e5a-8294-fa8d0e00b68e', NULL, '2025-09-19T13:03:00Z', FALSE);
INSERT INTO MESSAGE (ID, CONTENT, CONTENT_TYPE, SENDER_USER_ID, CHANNEL_ID, DIRECT_CONVERSATION_ID, CREATED_AT, DELETED) VALUES ('dd18556e-d785-484b-ac05-8dcc6174932a', 'Type errors resolved in utils.ts.', 'TEXT', 'fff673d0-c4be-49fc-8342-6554a25d19ee', '63353300-1058-42be-a3c5-09e03f829391', NULL, '2025-09-19T13:04:00Z', FALSE);
INSERT INTO MESSAGE (ID, CONTENT, CONTENT_TYPE, SENDER_USER_ID, CHANNEL_ID, DIRECT_CONVERSATION_ID, CREATED_AT, DELETED) VALUES ('60521a76-fb5d-45b3-81dc-cec580c00e14', 'API latency looks better after the cache tweak.', 'TEXT', '1aa8e23d-6846-4fa4-a252-e28a3ca685f2', 'ebab2ef4-07ca-4b62-b9c9-15c01edeb2c4', NULL, '2025-09-19T13:05:00Z', FALSE);
INSERT INTO MESSAGE (ID, CONTENT, CONTENT_TYPE, SENDER_USER_ID, CHANNEL_ID, DIRECT_CONVERSATION_ID, CREATED_AT, DELETED) VALUES ('206a0857-61ac-487b-9fc8-64531256e19d', 'API latency looks better after the cache tweak.', 'TEXT', '9fd43d24-8c7c-460b-814b-fa56373db5ed', NULL, 'cd5b8aea-b52a-4f39-b2d8-323d6b89b6cb', '2025-09-19T13:06:00Z', FALSE);
INSERT INTO MESSAGE (ID, CONTENT, CONTENT_TYPE, SENDER_USER_ID, CHANNEL_ID, DIRECT_CONVERSATION_ID, CREATED_AT, DELETED) VALUES ('0384735a-2df7-4846-a47b-9f62581114f0', 'Design sync moved to 2PM ET.', 'TEXT', 'b72e8dbf-922e-43ce-ba07-7dbe3eb2ba42', 'b8990372-fd6f-41a3-9f08-9baf64f20b2d', NULL, '2025-09-19T13:07:00Z', FALSE);
INSERT INTO MESSAGE (ID, CONTENT, CONTENT_TYPE, SENDER_USER_ID, CHANNEL_ID, DIRECT_CONVERSATION_ID, CREATED_AT, DELETED) VALUES ('5d51ea51-5ac4-423a-9af7-771b97b1bfe6', 'Added metrics for request retries.', 'TEXT', '9fd43d24-8c7c-460b-814b-fa56373db5ed', '5bc82da6-8d9d-48cb-827c-957384893bab', NULL, '2025-09-19T13:08:00Z', FALSE);
INSERT INTO MESSAGE (ID, CONTENT, CONTENT_TYPE, SENDER_USER_ID, CHANNEL_ID, DIRECT_CONVERSATION_ID, CREATED_AT, DELETED) VALUES ('07ca4404-82be-4e3d-bbc2-28cb5f92b7e8', 'K8s rollout paused; investigating health checks.', 'TEXT', 'b72e8dbf-922e-43ce-ba07-7dbe3eb2ba42', 'e50989e4-ed60-4957-8b7c-54d307deb060', NULL, '2025-09-19T13:09:00Z', FALSE);
INSERT INTO MESSAGE (ID, CONTENT, CONTENT_TYPE, SENDER_USER_ID, CHANNEL_ID, DIRECT_CONVERSATION_ID, CREATED_AT, DELETED) VALUES ('dab44066-15b5-44f8-a766-f7b2886f7d44', 'API latency looks better after the cache tweak.', 'TEXT', 'a44b01b8-7db1-4291-a75e-dc046ca12372', 'b8990372-fd6f-41a3-9f08-9baf64f20b2d', NULL, '2025-09-19T13:10:00Z', FALSE);
INSERT INTO MESSAGE (ID, CONTENT, CONTENT_TYPE, SENDER_USER_ID, CHANNEL_ID, DIRECT_CONVERSATION_ID, CREATED_AT, DELETED) VALUES ('a50d56c7-0ada-4403-b267-49e7e496af97', 'K8s rollout paused; investigating health checks.', 'TEXT', 'b4582ada-4434-4034-a6e0-3bb5c52fd119', '7ca28667-23cd-4e1c-bf9f-449e0df8ad2b', NULL, '2025-09-19T13:11:00Z', FALSE);
INSERT INTO MESSAGE (ID, CONTENT, CONTENT_TYPE, SENDER_USER_ID, CHANNEL_ID, DIRECT_CONVERSATION_ID, CREATED_AT, DELETED) VALUES ('5316a99d-a715-42f5-a299-d9a4dc3d0aed', 'Added metrics for request retries.', 'TEXT', 'b4582ada-4434-4034-a6e0-3bb5c52fd119', 'a6d27e2f-2619-4a53-a3ec-7fc9f10a0eda', NULL, '2025-09-19T13:12:00Z', FALSE);
INSERT INTO MESSAGE (ID, CONTENT, CONTENT_TYPE, SENDER_USER_ID, CHANNEL_ID, DIRECT_CONVERSATION_ID, CREATED_AT, DELETED) VALUES ('7f4fa533-4619-4385-8f75-9cc89ab83b7f', 'Can we backport this to the LTS branch?', 'TEXT', 'e47beacf-c098-4286-b417-3d45c94bd968', '700c1676-696d-4cae-9231-5dcc76bf0ee4', NULL, '2025-09-19T13:13:00Z', FALSE);
INSERT INTO MESSAGE (ID, CONTENT, CONTENT_TYPE, SENDER_USER_ID, CHANNEL_ID, DIRECT_CONVERSATION_ID, CREATED_AT, DELETED) VALUES ('dfdf53c7-19fd-4fcc-b8e3-39c34de1c115', 'K8s rollout paused; investigating health checks.', 'TEXT', '3ea561d3-a6be-4658-90a7-1267f9a3f31a', 'ebab2ef4-07ca-4b62-b9c9-15c01edeb2c4', NULL, '2025-09-19T13:14:00Z', FALSE);
INSERT INTO MESSAGE (ID, CONTENT, CONTENT_TYPE, SENDER_USER_ID, CHANNEL_ID, DIRECT_CONVERSATION_ID, CREATED_AT, DELETED) VALUES ('64babcd0-703a-4006-a496-ce507e9eaaa3', 'Can someone sanity check the SQL?', 'TEXT', '11e73f2c-8c74-4a46-be69-276e0ca4b092', '700c1676-696d-4cae-9231-5dcc76bf0ee4', NULL, '2025-09-19T13:15:00Z', FALSE);
INSERT INTO MESSAGE (ID, CONTENT, CONTENT_TYPE, SENDER_USER_ID, CHANNEL_ID, DIRECT_CONVERSATION_ID, CREATED_AT, DELETED) VALUES ('be3237e2-6992-4f47-b2a3-60d65ddf88e1', 'Added metrics for request retries.', 'TEXT', '2915dd6e-8c44-4355-8f1b-f7c8c8b0f48d', '63353300-1058-42be-a3c5-09e03f829391', NULL, '2025-09-19T13:16:00Z', FALSE);
INSERT INTO MESSAGE (ID, CONTENT, CONTENT_TYPE, SENDER_USER_ID, CHANNEL_ID, DIRECT_CONVERSATION_ID, CREATED_AT, DELETED) VALUES ('921699cb-2d35-4fc8-8bb8-11926b304d22', 'Type errors resolved in utils.ts.', 'TEXT', '68973614-94db-4f98-9729-0712e0c5c0fa', '63353300-1058-42be-a3c5-09e03f829391', NULL, '2025-09-19T13:17:00Z', FALSE);
INSERT INTO MESSAGE (ID, CONTENT, CONTENT_TYPE, SENDER_USER_ID, CHANNEL_ID, DIRECT_CONVERSATION_ID, CREATED_AT, DELETED) VALUES ('bc3ab8d1-4533-42c9-9f27-068b5bb83840', 'Can we backport this to the LTS branch?', 'TEXT', '11e73f2c-8c74-4a46-be69-276e0ca4b092', NULL, 'e2936f9d-16f8-4eb9-9d78-d5d57c1b8334', '2025-09-19T13:18:00Z', FALSE);
INSERT INTO MESSAGE (ID, CONTENT, CONTENT_TYPE, SENDER_USER_ID, CHANNEL_ID, DIRECT_CONVERSATION_ID, CREATED_AT, DELETED) VALUES ('659e63e1-4f40-4c17-88f5-458e7805db0b', 'API latency looks better after the cache tweak.', 'TEXT', 'a8807234-9776-45af-87c6-c67aee3e62d8', NULL, 'a6e99ea0-2d43-408d-8046-6c76753b37b6', '2025-09-19T13:19:00Z', FALSE);
INSERT INTO MESSAGE (ID, CONTENT, CONTENT_TYPE, SENDER_USER_ID, CHANNEL_ID, DIRECT_CONVERSATION_ID, CREATED_AT, DELETED) VALUES ('900ca6d5-3ae6-4b3d-8395-c5e0eb0a379a', 'Reminder to add unit tests for the parser.', 'TEXT', '6fd28d64-d799-49d6-a786-42379b81a92f', 'ebab2ef4-07ca-4b62-b9c9-15c01edeb2c4', NULL, '2025-09-19T13:20:00Z', FALSE);
INSERT INTO MESSAGE (ID, CONTENT, CONTENT_TYPE, SENDER_USER_ID, CHANNEL_ID, DIRECT_CONVERSATION_ID, CREATED_AT, DELETED) VALUES ('095a3a4b-331a-40bf-810f-c73d8f00620c', 'Reminder to add unit tests for the parser.', 'TEXT', '0a743332-50d7-41f3-8b6a-a63cec503b96', 'ebab2ef4-07ca-4b62-b9c9-15c01edeb2c4', NULL, '2025-09-19T13:21:00Z', FALSE);
INSERT INTO MESSAGE (ID, CONTENT, CONTENT_TYPE, SENDER_USER_ID, CHANNEL_ID, DIRECT_CONVERSATION_ID, CREATED_AT, DELETED) VALUES ('27d31a95-b8c8-4b97-8d18-5a8f3b82bc5d', 'Design sync moved to 2PM ET.', 'TEXT', '1aa8e23d-6846-4fa4-a252-e28a3ca685f2', '7c42e885-1211-491a-9bfc-c1ed825f549f', NULL, '2025-09-19T13:22:00Z', FALSE);
INSERT INTO MESSAGE (ID, CONTENT, CONTENT_TYPE, SENDER_USER_ID, CHANNEL_ID, DIRECT_CONVERSATION_ID, CREATED_AT, DELETED) VALUES ('236e8438-72af-4a58-9f12-d9d9e605963b', 'Frontend build is 30% faster now.', 'TEXT', '45877c9d-14ba-4ef6-8ce3-2034cec82fd3', NULL, '2246935a-2304-4505-a67d-a26216ebc5ae', '2025-09-19T13:23:00Z', FALSE);
INSERT INTO MESSAGE (ID, CONTENT, CONTENT_TYPE, SENDER_USER_ID, CHANNEL_ID, DIRECT_CONVERSATION_ID, CREATED_AT, DELETED) VALUES ('205117a5-e827-484e-961c-432e1b102145', 'DB migration planned for tonights window.', 'TEXT', '68973614-94db-4f98-9729-0712e0c5c0fa', 'e50989e4-ed60-4957-8b7c-54d307deb060', NULL, '2025-09-19T13:24:00Z', FALSE);
INSERT INTO MESSAGE (ID, CONTENT, CONTENT_TYPE, SENDER_USER_ID, CHANNEL_ID, DIRECT_CONVERSATION_ID, CREATED_AT, DELETED) VALUES ('e4c89f1e-7c12-4a7a-9026-15f1c1aabca2', 'Security flagged an outdated dependency.', 'TEXT', '2330f28c-71ad-4bd9-be36-b44ee56f6727', 'faecdb32-9123-480a-8a72-7d75b83857c5', NULL, '2025-09-19T13:25:00Z', FALSE);
INSERT INTO MESSAGE (ID, CONTENT, CONTENT_TYPE, SENDER_USER_ID, CHANNEL_ID, DIRECT_CONVERSATION_ID, CREATED_AT, DELETED) VALUES ('c551a21c-81e9-4809-9408-d4a274fd011a', 'Ill take the oncall handoff at 5.', 'TEXT', '0a743332-50d7-41f3-8b6a-a63cec503b96', '700c1676-696d-4cae-9231-5dcc76bf0ee4', NULL, '2025-09-19T13:26:00Z', FALSE);
INSERT INTO MESSAGE (ID, CONTENT, CONTENT_TYPE, SENDER_USER_ID, CHANNEL_ID, DIRECT_CONVERSATION_ID, CREATED_AT, DELETED) VALUES ('dd8b0482-2884-41b6-ab68-47861133b6eb', 'Frontend build is 30% faster now.', 'TEXT', '68973614-94db-4f98-9729-0712e0c5c0fa', 'ae9c0f68-598b-498e-9014-a095436f7ca4', NULL, '2025-09-19T13:27:00Z', FALSE);
INSERT INTO MESSAGE (ID, CONTENT, CONTENT_TYPE, SENDER_USER_ID, CHANNEL_ID, DIRECT_CONVERSATION_ID, CREATED_AT, DELETED) VALUES ('161398c0-f8e9-4439-8e58-6da7ed979fdd', 'Morning team  standup in 10.', 'TEXT', '0d9d27d6-8977-46d8-b00a-2464a932aafe', NULL, 'a6e99ea0-2d43-408d-8046-6c76753b37b6', '2025-09-19T13:28:00Z', FALSE);
INSERT INTO MESSAGE (ID, CONTENT, CONTENT_TYPE, SENDER_USER_ID, CHANNEL_ID, DIRECT_CONVERSATION_ID, CREATED_AT, DELETED) VALUES ('c87c7d2c-6ce5-4967-83a7-42a653ea92b5', 'Specs updated in the docs folder.', 'TEXT', '1aa8e23d-6846-4fa4-a252-e28a3ca685f2', NULL, 'cd5b8aea-b52a-4f39-b2d8-323d6b89b6cb', '2025-09-19T13:29:00Z', FALSE);
INSERT INTO MESSAGE (ID, CONTENT, CONTENT_TYPE, SENDER_USER_ID, CHANNEL_ID, DIRECT_CONVERSATION_ID, CREATED_AT, DELETED) VALUES ('011cebab-de23-4c2c-b3cb-d180dfbb941a', 'API latency looks better after the cache tweak.', 'TEXT', 'ae2d64e5-d825-49fc-91bb-f530be88ca84', '44e5b8d7-decd-45bc-9bd4-02856902c986', NULL, '2025-09-19T13:30:00Z', FALSE);
INSERT INTO MESSAGE (ID, CONTENT, CONTENT_TYPE, SENDER_USER_ID, CHANNEL_ID, DIRECT_CONVERSATION_ID, CREATED_AT, DELETED) VALUES ('4cba8124-eb90-453b-b06d-3500e3aaddb9', 'Pushed a fix to the feature branch.', 'TEXT', '0a743332-50d7-41f3-8b6a-a63cec503b96', NULL, 'cd5b8aea-b52a-4f39-b2d8-323d6b89b6cb', '2025-09-19T13:31:00Z', FALSE);
INSERT INTO MESSAGE (ID, CONTENT, CONTENT_TYPE, SENDER_USER_ID, CHANNEL_ID, DIRECT_CONVERSATION_ID, CREATED_AT, DELETED) VALUES ('bd65af1a-7e6f-4cc3-9acb-ec8d8d32e3c6', 'CI is red due to a flaky test, re-running.', 'TEXT', 'fff673d0-c4be-49fc-8342-6554a25d19ee', '0d5dbe4d-1d6a-4682-885e-7ff64fb18220', NULL, '2025-09-19T13:32:00Z', FALSE);
INSERT INTO MESSAGE (ID, CONTENT, CONTENT_TYPE, SENDER_USER_ID, CHANNEL_ID, DIRECT_CONVERSATION_ID, CREATED_AT, DELETED) VALUES ('b752f308-71f6-49da-857d-271d3dff98b0', 'Type errors resolved in utils.ts.', 'TEXT', '927bb721-e8e5-41a7-9a4a-d04201713d45', NULL, 'a84367f8-b2cb-4d3e-bd71-3351536b2a88', '2025-09-19T13:33:00Z', FALSE);
INSERT INTO MESSAGE (ID, CONTENT, CONTENT_TYPE, SENDER_USER_ID, CHANNEL_ID, DIRECT_CONVERSATION_ID, CREATED_AT, DELETED) VALUES ('90366966-f1e1-464a-9047-d15e54bdc290', 'Security flagged an outdated dependency.', 'TEXT', 'e5a05139-c46c-41f4-bac0-99d5653e5804', '7c42e885-1211-491a-9bfc-c1ed825f549f', NULL, '2025-09-19T13:34:00Z', FALSE);
INSERT INTO MESSAGE (ID, CONTENT, CONTENT_TYPE, SENDER_USER_ID, CHANNEL_ID, DIRECT_CONVERSATION_ID, CREATED_AT, DELETED) VALUES ('aae25644-28f1-4686-88e8-e1f5e82ce029', 'Can someone sanity check the SQL?', 'TEXT', '1aa8e23d-6846-4fa4-a252-e28a3ca685f2', '2f65aa0b-3685-4081-be75-7b116a8100a7', NULL, '2025-09-19T13:35:00Z', FALSE);
INSERT INTO MESSAGE (ID, CONTENT, CONTENT_TYPE, SENDER_USER_ID, CHANNEL_ID, DIRECT_CONVERSATION_ID, CREATED_AT, DELETED) VALUES ('23c92c56-1317-4818-886b-9938476a0821', 'Pushed a fix to the feature branch.', 'TEXT', '4391c62b-ac08-4b9a-8330-286f29a96afd', '63353300-1058-42be-a3c5-09e03f829391', NULL, '2025-09-19T13:36:00Z', FALSE);
INSERT INTO MESSAGE (ID, CONTENT, CONTENT_TYPE, SENDER_USER_ID, CHANNEL_ID, DIRECT_CONVERSATION_ID, CREATED_AT, DELETED) VALUES ('ef950a70-22b7-4cf2-b83c-cdad4c4fed32', 'Great job on the demo today!', 'TEXT', 'a8807234-9776-45af-87c6-c67aee3e62d8', NULL, '445bad2a-43d2-4a2b-b747-22fb1197de18', '2025-09-19T13:37:00Z', FALSE);
INSERT INTO MESSAGE (ID, CONTENT, CONTENT_TYPE, SENDER_USER_ID, CHANNEL_ID, DIRECT_CONVERSATION_ID, CREATED_AT, DELETED) VALUES ('b6ed8c70-912e-4b74-8f5c-520a9ba8e4f8', 'Added metrics for request retries.', 'TEXT', 'a44b01b8-7db1-4291-a75e-dc046ca12372', '0d5dbe4d-1d6a-4682-885e-7ff64fb18220', NULL, '2025-09-19T13:38:00Z', FALSE);
INSERT INTO MESSAGE (ID, CONTENT, CONTENT_TYPE, SENDER_USER_ID, CHANNEL_ID, DIRECT_CONVERSATION_ID, CREATED_AT, DELETED) VALUES ('2f893644-514a-4f17-b004-fe25e52acea4', 'CI is red due to a flaky test, re-running.', 'TEXT', 'e47beacf-c098-4286-b417-3d45c94bd968', NULL, '72f71475-98f5-4153-bb9f-79def375ff77', '2025-09-19T13:39:00Z', FALSE);
INSERT INTO MESSAGE (ID, CONTENT, CONTENT_TYPE, SENDER_USER_ID, CHANNEL_ID, DIRECT_CONVERSATION_ID, CREATED_AT, DELETED) VALUES ('bac8ebe2-fc83-4a8d-baac-baca41ad6f73', 'K8s rollout paused; investigating health checks.', 'TEXT', '0c862291-6d43-47fc-8682-ae358658a5e4', 'ae9c0f68-598b-498e-9014-a095436f7ca4', NULL, '2025-09-19T13:40:00Z', FALSE);
INSERT INTO MESSAGE (ID, CONTENT, CONTENT_TYPE, SENDER_USER_ID, CHANNEL_ID, DIRECT_CONVERSATION_ID, CREATED_AT, DELETED) VALUES ('98d44480-9b82-471c-918f-ba5e18444539', 'Frontend build is 30% faster now.', 'TEXT', '3be336ff-fa43-4f51-baab-0f05457184ef', '7ca28667-23cd-4e1c-bf9f-449e0df8ad2b', NULL, '2025-09-19T13:41:00Z', FALSE);
INSERT INTO MESSAGE (ID, CONTENT, CONTENT_TYPE, SENDER_USER_ID, CHANNEL_ID, DIRECT_CONVERSATION_ID, CREATED_AT, DELETED) VALUES ('e23d10a6-f353-4d35-ba79-d9b8e3407103', 'Can someone sanity check the SQL?', 'TEXT', '962f18a5-f888-4886-b93d-a763ff8c9d98', 'e50989e4-ed60-4957-8b7c-54d307deb060', NULL, '2025-09-19T13:42:00Z', FALSE);
INSERT INTO MESSAGE (ID, CONTENT, CONTENT_TYPE, SENDER_USER_ID, CHANNEL_ID, DIRECT_CONVERSATION_ID, CREATED_AT, DELETED) VALUES ('53f76fa6-8ed6-4450-8179-bd22159e8d52', 'Ship it! ', 'TEXT', '3ea561d3-a6be-4658-90a7-1267f9a3f31a', 'def4decc-edd4-4a94-9ee5-dce940ada25c', NULL, '2025-09-19T13:43:00Z', FALSE);
INSERT INTO MESSAGE (ID, CONTENT, CONTENT_TYPE, SENDER_USER_ID, CHANNEL_ID, DIRECT_CONVERSATION_ID, CREATED_AT, DELETED) VALUES ('43c4f924-cba8-42cd-8a5e-8c37001f4858', 'Can someone sanity check the SQL?', 'TEXT', 'ae2d64e5-d825-49fc-91bb-f530be88ca84', 'e50989e4-ed60-4957-8b7c-54d307deb060', NULL, '2025-09-19T13:44:00Z', FALSE);
INSERT INTO MESSAGE (ID, CONTENT, CONTENT_TYPE, SENDER_USER_ID, CHANNEL_ID, DIRECT_CONVERSATION_ID, CREATED_AT, DELETED) VALUES ('e007a6be-b771-4d51-9f93-27e7c8184167', 'DB migration planned for tonights window.', 'TEXT', '927bb721-e8e5-41a7-9a4a-d04201713d45', 'ae9c0f68-598b-498e-9014-a095436f7ca4', NULL, '2025-09-19T13:45:00Z', FALSE);
INSERT INTO MESSAGE (ID, CONTENT, CONTENT_TYPE, SENDER_USER_ID, CHANNEL_ID, DIRECT_CONVERSATION_ID, CREATED_AT, DELETED) VALUES ('321d225b-0ac3-490b-8ed7-be4a92f492da', 'Design sync moved to 2PM ET.', 'TEXT', 'dcf7d233-454a-4eab-a1d9-895cbcf73dbd', 'b8990372-fd6f-41a3-9f08-9baf64f20b2d', NULL, '2025-09-19T13:46:00Z', FALSE);
INSERT INTO MESSAGE (ID, CONTENT, CONTENT_TYPE, SENDER_USER_ID, CHANNEL_ID, DIRECT_CONVERSATION_ID, CREATED_AT, DELETED) VALUES ('db0b7b6c-5dec-4d8e-91c3-1a8996f658c5', 'API latency looks better after the cache tweak.', 'TEXT', 'ae2d64e5-d825-49fc-91bb-f530be88ca84', '73802fd1-12b5-4abd-bdec-a92b8bdf9061', NULL, '2025-09-19T13:47:00Z', FALSE);
INSERT INTO MESSAGE (ID, CONTENT, CONTENT_TYPE, SENDER_USER_ID, CHANNEL_ID, DIRECT_CONVERSATION_ID, CREATED_AT, DELETED) VALUES ('ab342d20-4cd5-4b79-bb56-f6bff887485b', 'Slackbot will post deploy notes.', 'TEXT', 'e5a05139-c46c-41f4-bac0-99d5653e5804', '7ca28667-23cd-4e1c-bf9f-449e0df8ad2b', NULL, '2025-09-19T13:48:00Z', FALSE);
INSERT INTO MESSAGE (ID, CONTENT, CONTENT_TYPE, SENDER_USER_ID, CHANNEL_ID, DIRECT_CONVERSATION_ID, CREATED_AT, DELETED) VALUES ('2544d81a-f1fd-4963-b926-525b0e96a735', 'Frontend build is 30% faster now.', 'TEXT', '2915dd6e-8c44-4355-8f1b-f7c8c8b0f48d', NULL, 'a84367f8-b2cb-4d3e-bd71-3351536b2a88', '2025-09-19T13:49:00Z', FALSE);
INSERT INTO MESSAGE (ID, CONTENT, CONTENT_TYPE, SENDER_USER_ID, CHANNEL_ID, DIRECT_CONVERSATION_ID, CREATED_AT, DELETED) VALUES ('189e0a96-a5ca-4b4c-a1b2-5406eb15bd22', 'Frontend build is 30% faster now.', 'TEXT', 'dcf7d233-454a-4eab-a1d9-895cbcf73dbd', NULL, 'a6e99ea0-2d43-408d-8046-6c76753b37b6', '2025-09-19T13:50:00Z', FALSE);
INSERT INTO MESSAGE (ID, CONTENT, CONTENT_TYPE, SENDER_USER_ID, CHANNEL_ID, DIRECT_CONVERSATION_ID, CREATED_AT, DELETED) VALUES ('677be874-4783-4b59-94c0-109d585489dd', 'Added metrics for request retries.', 'TEXT', 'fff673d0-c4be-49fc-8342-6554a25d19ee', 'e757b5b9-e261-430f-b2d0-d178dcd6e2dc', NULL, '2025-09-19T13:51:00Z', FALSE);
INSERT INTO MESSAGE (ID, CONTENT, CONTENT_TYPE, SENDER_USER_ID, CHANNEL_ID, DIRECT_CONVERSATION_ID, CREATED_AT, DELETED) VALUES ('73723509-1ae0-44cf-83f1-46b048a2dc18', 'CI is red due to a flaky test, re-running.', 'TEXT', 'fff673d0-c4be-49fc-8342-6554a25d19ee', '7c42e885-1211-491a-9bfc-c1ed825f549f', NULL, '2025-09-19T13:52:00Z', FALSE);
INSERT INTO MESSAGE (ID, CONTENT, CONTENT_TYPE, SENDER_USER_ID, CHANNEL_ID, DIRECT_CONVERSATION_ID, CREATED_AT, DELETED) VALUES ('8ab87738-97e8-43cd-8f42-836d6cc71917', 'API latency looks better after the cache tweak.', 'TEXT', '3ea561d3-a6be-4658-90a7-1267f9a3f31a', 'b8990372-fd6f-41a3-9f08-9baf64f20b2d', NULL, '2025-09-19T13:53:00Z', FALSE);
INSERT INTO MESSAGE (ID, CONTENT, CONTENT_TYPE, SENDER_USER_ID, CHANNEL_ID, DIRECT_CONVERSATION_ID, CREATED_AT, DELETED) VALUES ('3bb0a7b4-77b4-414b-80f2-076c39ee094d', 'Frontend build is 30% faster now.', 'TEXT', 'fff673d0-c4be-49fc-8342-6554a25d19ee', NULL, 'e2936f9d-16f8-4eb9-9d78-d5d57c1b8334', '2025-09-19T13:54:00Z', FALSE);
INSERT INTO MESSAGE (ID, CONTENT, CONTENT_TYPE, SENDER_USER_ID, CHANNEL_ID, DIRECT_CONVERSATION_ID, CREATED_AT, DELETED) VALUES ('e47b93ab-27a6-4869-9997-4dd4cbaec2fd', 'Morning team  standup in 10.', 'TEXT', '962f18a5-f888-4886-b93d-a763ff8c9d98', '0d5dbe4d-1d6a-4682-885e-7ff64fb18220', NULL, '2025-09-19T13:55:00Z', FALSE);
INSERT INTO MESSAGE (ID, CONTENT, CONTENT_TYPE, SENDER_USER_ID, CHANNEL_ID, DIRECT_CONVERSATION_ID, CREATED_AT, DELETED) VALUES ('a8d7f944-0a9b-4bbf-9856-49e847f93c59', 'Slackbot will post deploy notes.', 'TEXT', 'cc58e483-1807-4ab2-83ce-fb2336da1cfd', 'e50989e4-ed60-4957-8b7c-54d307deb060', NULL, '2025-09-19T13:56:00Z', FALSE);
INSERT INTO MESSAGE (ID, CONTENT, CONTENT_TYPE, SENDER_USER_ID, CHANNEL_ID, DIRECT_CONVERSATION_ID, CREATED_AT, DELETED) VALUES ('05689778-ff9c-41ee-a9cb-a880d8c26cc9', 'Type errors resolved in utils.ts.', 'TEXT', '45877c9d-14ba-4ef6-8ce3-2034cec82fd3', '2f65aa0b-3685-4081-be75-7b116a8100a7', NULL, '2025-09-19T13:57:00Z', FALSE);
INSERT INTO MESSAGE (ID, CONTENT, CONTENT_TYPE, SENDER_USER_ID, CHANNEL_ID, DIRECT_CONVERSATION_ID, CREATED_AT, DELETED) VALUES ('2f6532db-18b8-48db-8f9b-488f5ea23444', 'Design sync moved to 2PM ET.', 'TEXT', 'b72e8dbf-922e-43ce-ba07-7dbe3eb2ba42', '5bc82da6-8d9d-48cb-827c-957384893bab', NULL, '2025-09-19T13:58:00Z', FALSE);
INSERT INTO MESSAGE (ID, CONTENT, CONTENT_TYPE, SENDER_USER_ID, CHANNEL_ID, DIRECT_CONVERSATION_ID, CREATED_AT, DELETED) VALUES ('4a8ad5f7-08d7-4db1-89ef-09934b2138c0', 'CI is red due to a flaky test, re-running.', 'TEXT', '65f37860-80c6-4e1e-b1b0-62993c0ca5df', 'faecdb32-9123-480a-8a72-7d75b83857c5', NULL, '2025-09-19T13:59:00Z', FALSE);
INSERT INTO MESSAGE (ID, CONTENT, CONTENT_TYPE, SENDER_USER_ID, CHANNEL_ID, DIRECT_CONVERSATION_ID, CREATED_AT, DELETED) VALUES ('6400c5a9-bf70-4c93-a5f0-1b94b499ed63', 'DB migration planned for tonights window.', 'TEXT', 'ea81be69-a79e-406e-9c36-11d10cedf9b2', NULL, 'a2f5cfdf-92b7-414f-97d2-0ceceb8182a6', '2025-09-19T14:00:00Z', FALSE);
INSERT INTO MESSAGE (ID, CONTENT, CONTENT_TYPE, SENDER_USER_ID, CHANNEL_ID, DIRECT_CONVERSATION_ID, CREATED_AT, DELETED) VALUES ('3e936fdb-326a-426c-aefd-5cb4d0c6586d', 'Morning team  standup in 10.', 'TEXT', 'ae2d64e5-d825-49fc-91bb-f530be88ca84', 'e757b5b9-e261-430f-b2d0-d178dcd6e2dc', NULL, '2025-09-19T14:01:00Z', FALSE);
INSERT INTO MESSAGE (ID, CONTENT, CONTENT_TYPE, SENDER_USER_ID, CHANNEL_ID, DIRECT_CONVERSATION_ID, CREATED_AT, DELETED) VALUES ('f2e033c4-c66f-40d1-9868-81aeea1472ff', 'Pushed a fix to the feature branch.', 'TEXT', '65f37860-80c6-4e1e-b1b0-62993c0ca5df', '44e5b8d7-decd-45bc-9bd4-02856902c986', NULL, '2025-09-19T14:02:00Z', FALSE);
INSERT INTO MESSAGE (ID, CONTENT, CONTENT_TYPE, SENDER_USER_ID, CHANNEL_ID, DIRECT_CONVERSATION_ID, CREATED_AT, DELETED) VALUES ('cc00da49-fd59-40ea-9ff7-6aa9e121d8cd', 'Reminder to add unit tests for the parser.', 'TEXT', '962f18a5-f888-4886-b93d-a763ff8c9d98', NULL, '3a0190c3-6745-4196-8e61-824a7296f298', '2025-09-19T14:03:00Z', FALSE);
INSERT INTO MESSAGE (ID, CONTENT, CONTENT_TYPE, SENDER_USER_ID, CHANNEL_ID, DIRECT_CONVERSATION_ID, CREATED_AT, DELETED) VALUES ('2d8a0b63-235d-4fcc-a15f-487720baa621', 'Anyone reviewing PR #481?', 'TEXT', 'ea81be69-a79e-406e-9c36-11d10cedf9b2', '700c1676-696d-4cae-9231-5dcc76bf0ee4', NULL, '2025-09-19T14:04:00Z', FALSE);
INSERT INTO MESSAGE (ID, CONTENT, CONTENT_TYPE, SENDER_USER_ID, CHANNEL_ID, DIRECT_CONVERSATION_ID, CREATED_AT, DELETED) VALUES ('3483885b-fd6f-48fe-a17f-bd3e6cab67c5', 'Can we backport this to the LTS branch?', 'TEXT', 'ae2d64e5-d825-49fc-91bb-f530be88ca84', '44e5b8d7-decd-45bc-9bd4-02856902c986', NULL, '2025-09-19T14:05:00Z', FALSE);
INSERT INTO MESSAGE (ID, CONTENT, CONTENT_TYPE, SENDER_USER_ID, CHANNEL_ID, DIRECT_CONVERSATION_ID, CREATED_AT, DELETED) VALUES ('daa333d5-f7c0-4235-853e-0908d62e43d8', 'Morning team  standup in 10.', 'TEXT', '2330f28c-71ad-4bd9-be36-b44ee56f6727', 'df7b437c-eebb-4d30-871c-6a5f1e228df8', NULL, '2025-09-19T14:06:00Z', FALSE);
INSERT INTO MESSAGE (ID, CONTENT, CONTENT_TYPE, SENDER_USER_ID, CHANNEL_ID, DIRECT_CONVERSATION_ID, CREATED_AT, DELETED) VALUES ('5349d085-ce58-44ac-acef-7ffa5945a604', 'Reminder to add unit tests for the parser.', 'TEXT', '68973614-94db-4f98-9729-0712e0c5c0fa', '5bc82da6-8d9d-48cb-827c-957384893bab', NULL, '2025-09-19T14:07:00Z', FALSE);
INSERT INTO MESSAGE (ID, CONTENT, CONTENT_TYPE, SENDER_USER_ID, CHANNEL_ID, DIRECT_CONVERSATION_ID, CREATED_AT, DELETED) VALUES ('59e7a691-24bf-4075-8fa8-498ddfe30211', 'Added metrics for request retries.', 'TEXT', 'e5a05139-c46c-41f4-bac0-99d5653e5804', '7c6fbef3-6e9c-4e5a-8294-fa8d0e00b68e', NULL, '2025-09-19T14:08:00Z', FALSE);
INSERT INTO MESSAGE (ID, CONTENT, CONTENT_TYPE, SENDER_USER_ID, CHANNEL_ID, DIRECT_CONVERSATION_ID, CREATED_AT, DELETED) VALUES ('b0c383e5-a4ae-4162-bc78-225ade25c425', 'Morning team  standup in 10.', 'TEXT', 'ea81be69-a79e-406e-9c36-11d10cedf9b2', '7c6fbef3-6e9c-4e5a-8294-fa8d0e00b68e', NULL, '2025-09-19T14:09:00Z', FALSE);
INSERT INTO MESSAGE (ID, CONTENT, CONTENT_TYPE, SENDER_USER_ID, CHANNEL_ID, DIRECT_CONVERSATION_ID, CREATED_AT, DELETED) VALUES ('4dba3ee3-eb13-4c50-9a05-53056a515940', 'Pushed a fix to the feature branch.', 'TEXT', 'dcf7d233-454a-4eab-a1d9-895cbcf73dbd', NULL, 'f9753faa-1433-4fd8-ac75-30a348674892', '2025-09-19T14:10:00Z', FALSE);
INSERT INTO MESSAGE (ID, CONTENT, CONTENT_TYPE, SENDER_USER_ID, CHANNEL_ID, DIRECT_CONVERSATION_ID, CREATED_AT, DELETED) VALUES ('57f8af2e-ed50-4cf3-8731-afb0f0ee9cda', 'API latency looks better after the cache tweak.', 'TEXT', '68973614-94db-4f98-9729-0712e0c5c0fa', 'dc9cb57e-6b8e-4e76-9086-2a9d1c9e8599', NULL, '2025-09-19T14:11:00Z', FALSE);
INSERT INTO MESSAGE (ID, CONTENT, CONTENT_TYPE, SENDER_USER_ID, CHANNEL_ID, DIRECT_CONVERSATION_ID, CREATED_AT, DELETED) VALUES ('59826e33-f0f2-47c1-a2ad-492b3aa04e48', 'Specs updated in the docs folder.', 'TEXT', 'fff673d0-c4be-49fc-8342-6554a25d19ee', 'dc9cb57e-6b8e-4e76-9086-2a9d1c9e8599', NULL, '2025-09-19T14:12:00Z', FALSE);
INSERT INTO MESSAGE (ID, CONTENT, CONTENT_TYPE, SENDER_USER_ID, CHANNEL_ID, DIRECT_CONVERSATION_ID, CREATED_AT, DELETED) VALUES ('65154980-00f1-42a0-9620-2f34b4a5bab4', 'Security flagged an outdated dependency.', 'TEXT', '927bb721-e8e5-41a7-9a4a-d04201713d45', 'ae9c0f68-598b-498e-9014-a095436f7ca4', NULL, '2025-09-19T14:13:00Z', FALSE);
INSERT INTO MESSAGE (ID, CONTENT, CONTENT_TYPE, SENDER_USER_ID, CHANNEL_ID, DIRECT_CONVERSATION_ID, CREATED_AT, DELETED) VALUES ('75ebfc1f-172f-4d42-839c-4efb7dfd19e8', 'Morning team  standup in 10.', 'TEXT', '0a743332-50d7-41f3-8b6a-a63cec503b96', NULL, 'a6e99ea0-2d43-408d-8046-6c76753b37b6', '2025-09-19T14:14:00Z', FALSE);
INSERT INTO MESSAGE (ID, CONTENT, CONTENT_TYPE, SENDER_USER_ID, CHANNEL_ID, DIRECT_CONVERSATION_ID, CREATED_AT, DELETED) VALUES ('f5e48547-a063-434d-ad78-7b718213de57', 'API latency looks better after the cache tweak.', 'TEXT', '65f37860-80c6-4e1e-b1b0-62993c0ca5df', 'ebab2ef4-07ca-4b62-b9c9-15c01edeb2c4', NULL, '2025-09-19T14:15:00Z', FALSE);
INSERT INTO MESSAGE (ID, CONTENT, CONTENT_TYPE, SENDER_USER_ID, CHANNEL_ID, DIRECT_CONVERSATION_ID, CREATED_AT, DELETED) VALUES ('b16d9973-b631-467e-be80-e2b8be4d2f54', 'K8s rollout paused; investigating health checks.', 'TEXT', '2915dd6e-8c44-4355-8f1b-f7c8c8b0f48d', 'b8990372-fd6f-41a3-9f08-9baf64f20b2d', NULL, '2025-09-19T14:16:00Z', FALSE);
INSERT INTO MESSAGE (ID, CONTENT, CONTENT_TYPE, SENDER_USER_ID, CHANNEL_ID, DIRECT_CONVERSATION_ID, CREATED_AT, DELETED) VALUES ('ffa99beb-f907-46ad-b797-0a18a56d9276', 'DB migration planned for tonights window.', 'TEXT', 'a44b01b8-7db1-4291-a75e-dc046ca12372', NULL, 'd0af7751-89fe-451f-ae20-7fa803580b9a', '2025-09-19T14:17:00Z', FALSE);
INSERT INTO MESSAGE (ID, CONTENT, CONTENT_TYPE, SENDER_USER_ID, CHANNEL_ID, DIRECT_CONVERSATION_ID, CREATED_AT, DELETED) VALUES ('7eb07a74-7eff-496f-b62e-fe89a794c857', 'Anyone reviewing PR #481?', 'TEXT', '927bb721-e8e5-41a7-9a4a-d04201713d45', '0d5dbe4d-1d6a-4682-885e-7ff64fb18220', NULL, '2025-09-19T14:18:00Z', FALSE);
INSERT INTO MESSAGE (ID, CONTENT, CONTENT_TYPE, SENDER_USER_ID, CHANNEL_ID, DIRECT_CONVERSATION_ID, CREATED_AT, DELETED) VALUES ('54f2aeda-63e2-4a5e-af2d-d34f4e04d6dc', 'Design sync moved to 2PM ET.', 'TEXT', 'b4582ada-4434-4034-a6e0-3bb5c52fd119', 'def4decc-edd4-4a94-9ee5-dce940ada25c', NULL, '2025-09-19T14:19:00Z', FALSE);
INSERT INTO MESSAGE (ID, CONTENT, CONTENT_TYPE, SENDER_USER_ID, CHANNEL_ID, DIRECT_CONVERSATION_ID, CREATED_AT, DELETED) VALUES ('10e25ebd-4378-4a14-a13f-160cf545cd96', 'Great job on the demo today!', 'TEXT', '45877c9d-14ba-4ef6-8ce3-2034cec82fd3', 'e757b5b9-e261-430f-b2d0-d178dcd6e2dc', NULL, '2025-09-19T14:20:00Z', FALSE);
INSERT INTO MESSAGE (ID, CONTENT, CONTENT_TYPE, SENDER_USER_ID, CHANNEL_ID, DIRECT_CONVERSATION_ID, CREATED_AT, DELETED) VALUES ('bd8d1611-3d74-4a85-912f-d56809d658eb', 'Can we backport this to the LTS branch?', 'TEXT', 'cc58e483-1807-4ab2-83ce-fb2336da1cfd', NULL, '17f0a5e1-7fb0-4183-bebe-5e514205dae3', '2025-09-19T14:21:00Z', FALSE);
INSERT INTO MESSAGE (ID, CONTENT, CONTENT_TYPE, SENDER_USER_ID, CHANNEL_ID, DIRECT_CONVERSATION_ID, CREATED_AT, DELETED) VALUES ('6814be86-123f-4fce-baad-bb64b960adce', 'Security flagged an outdated dependency.', 'TEXT', '68973614-94db-4f98-9729-0712e0c5c0fa', NULL, '3a0190c3-6745-4196-8e61-824a7296f298', '2025-09-19T14:22:00Z', FALSE);
INSERT INTO MESSAGE (ID, CONTENT, CONTENT_TYPE, SENDER_USER_ID, CHANNEL_ID, DIRECT_CONVERSATION_ID, CREATED_AT, DELETED) VALUES ('24cffd2e-79d0-4d19-a548-e8243c62fc54', 'Frontend build is 30% faster now.', 'TEXT', 'e47beacf-c098-4286-b417-3d45c94bd968', NULL, 'e2e0eb46-ccf5-4c10-89c3-4c3ede1b1f68', '2025-09-19T14:23:00Z', FALSE);
INSERT INTO MESSAGE (ID, CONTENT, CONTENT_TYPE, SENDER_USER_ID, CHANNEL_ID, DIRECT_CONVERSATION_ID, CREATED_AT, DELETED) VALUES ('9c5b63e4-cc05-4899-80d2-15dec35653d0', 'Anyone reviewing PR #481?', 'TEXT', '11e73f2c-8c74-4a46-be69-276e0ca4b092', NULL, '1df80162-73ec-4658-8163-0941bf2a2e40', '2025-09-19T14:24:00Z', FALSE);
INSERT INTO MESSAGE (ID, CONTENT, CONTENT_TYPE, SENDER_USER_ID, CHANNEL_ID, DIRECT_CONVERSATION_ID, CREATED_AT, DELETED) VALUES ('4628f55f-0922-4a31-9757-d192980a4e8d', 'Can we backport this to the LTS branch?', 'TEXT', 'ae2d64e5-d825-49fc-91bb-f530be88ca84', NULL, '1df80162-73ec-4658-8163-0941bf2a2e40', '2025-09-19T14:25:00Z', FALSE);
INSERT INTO MESSAGE (ID, CONTENT, CONTENT_TYPE, SENDER_USER_ID, CHANNEL_ID, DIRECT_CONVERSATION_ID, CREATED_AT, DELETED) VALUES ('ccb52fb1-6c31-4b11-980f-d4510450def9', 'DB migration planned for tonights window.', 'TEXT', '0c862291-6d43-47fc-8682-ae358658a5e4', NULL, '91aa8cfd-0997-4730-8dc1-b93c34840630', '2025-09-19T14:26:00Z', FALSE);
INSERT INTO MESSAGE (ID, CONTENT, CONTENT_TYPE, SENDER_USER_ID, CHANNEL_ID, DIRECT_CONVERSATION_ID, CREATED_AT, DELETED) VALUES ('6e4183e2-c767-439a-b359-29870c2f5fe2', 'Specs updated in the docs folder.', 'TEXT', 'e47beacf-c098-4286-b417-3d45c94bd968', '2f65aa0b-3685-4081-be75-7b116a8100a7', NULL, '2025-09-19T14:27:00Z', FALSE);
INSERT INTO MESSAGE (ID, CONTENT, CONTENT_TYPE, SENDER_USER_ID, CHANNEL_ID, DIRECT_CONVERSATION_ID, CREATED_AT, DELETED) VALUES ('d42ab758-e2e1-449d-8ce1-4e8effe1df1b', 'Morning team  standup in 10.', 'TEXT', 'e5a05139-c46c-41f4-bac0-99d5653e5804', '700c1676-696d-4cae-9231-5dcc76bf0ee4', NULL, '2025-09-19T14:28:00Z', FALSE);
INSERT INTO MESSAGE (ID, CONTENT, CONTENT_TYPE, SENDER_USER_ID, CHANNEL_ID, DIRECT_CONVERSATION_ID, CREATED_AT, DELETED) VALUES ('19586605-aa6f-4f9b-9956-7543e99aa51c', 'Security flagged an outdated dependency.', 'TEXT', 'ae2d64e5-d825-49fc-91bb-f530be88ca84', '7c42e885-1211-491a-9bfc-c1ed825f549f', NULL, '2025-09-19T14:29:00Z', FALSE);
INSERT INTO MESSAGE (ID, CONTENT, CONTENT_TYPE, SENDER_USER_ID, CHANNEL_ID, DIRECT_CONVERSATION_ID, CREATED_AT, DELETED) VALUES ('3b016652-bbe5-4dc5-88b8-c2f2054910ab', 'Frontend build is 30% faster now.', 'TEXT', '1aa8e23d-6846-4fa4-a252-e28a3ca685f2', 'b8990372-fd6f-41a3-9f08-9baf64f20b2d', NULL, '2025-09-19T14:30:00Z', FALSE);
INSERT INTO MESSAGE (ID, CONTENT, CONTENT_TYPE, SENDER_USER_ID, CHANNEL_ID, DIRECT_CONVERSATION_ID, CREATED_AT, DELETED) VALUES ('89e26300-cb9d-44de-9eeb-79e9e0a84dc5', 'Security flagged an outdated dependency.', 'TEXT', '0a743332-50d7-41f3-8b6a-a63cec503b96', NULL, 'f9753faa-1433-4fd8-ac75-30a348674892', '2025-09-19T14:31:00Z', FALSE);
INSERT INTO MESSAGE (ID, CONTENT, CONTENT_TYPE, SENDER_USER_ID, CHANNEL_ID, DIRECT_CONVERSATION_ID, CREATED_AT, DELETED) VALUES ('8319540f-c868-4e6f-8f5e-a01ce5e25952', 'Can we backport this to the LTS branch?', 'TEXT', 'ae2d64e5-d825-49fc-91bb-f530be88ca84', 'e50989e4-ed60-4957-8b7c-54d307deb060', NULL, '2025-09-19T14:32:00Z', FALSE);
INSERT INTO MESSAGE (ID, CONTENT, CONTENT_TYPE, SENDER_USER_ID, CHANNEL_ID, DIRECT_CONVERSATION_ID, CREATED_AT, DELETED) VALUES ('30f10d7d-10e3-462c-89db-e981f72f10a1', 'Can we backport this to the LTS branch?', 'TEXT', '0a743332-50d7-41f3-8b6a-a63cec503b96', '5bc82da6-8d9d-48cb-827c-957384893bab', NULL, '2025-09-19T14:33:00Z', FALSE);
INSERT INTO MESSAGE (ID, CONTENT, CONTENT_TYPE, SENDER_USER_ID, CHANNEL_ID, DIRECT_CONVERSATION_ID, CREATED_AT, DELETED) VALUES ('839f0c00-949b-4285-a5cb-12b9575029b8', 'Morning team  standup in 10.', 'TEXT', 'e5a05139-c46c-41f4-bac0-99d5653e5804', 'e50989e4-ed60-4957-8b7c-54d307deb060', NULL, '2025-09-19T14:34:00Z', FALSE);
INSERT INTO MESSAGE (ID, CONTENT, CONTENT_TYPE, SENDER_USER_ID, CHANNEL_ID, DIRECT_CONVERSATION_ID, CREATED_AT, DELETED) VALUES ('037ccf5c-f6e1-4464-8ba0-178215a11cd2', 'Pushed a fix to the feature branch.', 'TEXT', '962f18a5-f888-4886-b93d-a763ff8c9d98', '2f65aa0b-3685-4081-be75-7b116a8100a7', NULL, '2025-09-19T14:35:00Z', FALSE);
INSERT INTO MESSAGE (ID, CONTENT, CONTENT_TYPE, SENDER_USER_ID, CHANNEL_ID, DIRECT_CONVERSATION_ID, CREATED_AT, DELETED) VALUES ('40129faa-60c9-41a7-9bcb-5ca5b365b3d3', 'Pushed a fix to the feature branch.', 'TEXT', '2330f28c-71ad-4bd9-be36-b44ee56f6727', '63353300-1058-42be-a3c5-09e03f829391', NULL, '2025-09-19T14:36:00Z', FALSE);
INSERT INTO MESSAGE (ID, CONTENT, CONTENT_TYPE, SENDER_USER_ID, CHANNEL_ID, DIRECT_CONVERSATION_ID, CREATED_AT, DELETED) VALUES ('84936811-2f9e-4f40-a6bd-68e2908b715e', 'Great job on the demo today!', 'TEXT', 'fff673d0-c4be-49fc-8342-6554a25d19ee', '63353300-1058-42be-a3c5-09e03f829391', NULL, '2025-09-19T14:37:00Z', FALSE);
INSERT INTO MESSAGE (ID, CONTENT, CONTENT_TYPE, SENDER_USER_ID, CHANNEL_ID, DIRECT_CONVERSATION_ID, CREATED_AT, DELETED) VALUES ('29e57905-f14c-4e96-ba8c-0155eda2bc97', 'Great job on the demo today!', 'TEXT', 'e5a05139-c46c-41f4-bac0-99d5653e5804', 'ae9c0f68-598b-498e-9014-a095436f7ca4', NULL, '2025-09-19T14:38:00Z', FALSE);
INSERT INTO MESSAGE (ID, CONTENT, CONTENT_TYPE, SENDER_USER_ID, CHANNEL_ID, DIRECT_CONVERSATION_ID, CREATED_AT, DELETED) VALUES ('1a176cb2-677c-476d-83b6-d74e738916aa', 'Reminder to add unit tests for the parser.', 'TEXT', 'e47beacf-c098-4286-b417-3d45c94bd968', 'ae9c0f68-598b-498e-9014-a095436f7ca4', NULL, '2025-09-19T14:39:00Z', FALSE);
INSERT INTO MESSAGE (ID, CONTENT, CONTENT_TYPE, SENDER_USER_ID, CHANNEL_ID, DIRECT_CONVERSATION_ID, CREATED_AT, DELETED) VALUES ('73e50014-cd35-43e1-ac53-f7651641697f', 'API latency looks better after the cache tweak.', 'TEXT', '3be336ff-fa43-4f51-baab-0f05457184ef', 'df7b437c-eebb-4d30-871c-6a5f1e228df8', NULL, '2025-09-19T14:40:00Z', FALSE);
INSERT INTO MESSAGE (ID, CONTENT, CONTENT_TYPE, SENDER_USER_ID, CHANNEL_ID, DIRECT_CONVERSATION_ID, CREATED_AT, DELETED) VALUES ('c5a540d4-8750-4421-9cc4-cbfc2af3dec7', 'Added metrics for request retries.', 'TEXT', '68973614-94db-4f98-9729-0712e0c5c0fa', NULL, 'a2f5cfdf-92b7-414f-97d2-0ceceb8182a6', '2025-09-19T14:41:00Z', FALSE);
INSERT INTO MESSAGE (ID, CONTENT, CONTENT_TYPE, SENDER_USER_ID, CHANNEL_ID, DIRECT_CONVERSATION_ID, CREATED_AT, DELETED) VALUES ('6f859fb3-1ef4-4095-9257-0091c9c83856', 'Reminder to add unit tests for the parser.', 'TEXT', '7d3e50a8-7831-4589-8676-abfeb06ef3aa', NULL, 'e2936f9d-16f8-4eb9-9d78-d5d57c1b8334', '2025-09-19T14:42:00Z', FALSE);
INSERT INTO MESSAGE (ID, CONTENT, CONTENT_TYPE, SENDER_USER_ID, CHANNEL_ID, DIRECT_CONVERSATION_ID, CREATED_AT, DELETED) VALUES ('5b48e5aa-6b2e-40b0-870d-4a184b1858e3', 'CI is red due to a flaky test, re-running.', 'TEXT', 'a8807234-9776-45af-87c6-c67aee3e62d8', 'e50989e4-ed60-4957-8b7c-54d307deb060', NULL, '2025-09-19T14:43:00Z', FALSE);
INSERT INTO MESSAGE (ID, CONTENT, CONTENT_TYPE, SENDER_USER_ID, CHANNEL_ID, DIRECT_CONVERSATION_ID, CREATED_AT, DELETED) VALUES ('25b66a57-e7b8-4da6-ba02-2b480ee8772c', 'K8s rollout paused; investigating health checks.', 'TEXT', 'a8807234-9776-45af-87c6-c67aee3e62d8', 'a6d27e2f-2619-4a53-a3ec-7fc9f10a0eda', NULL, '2025-09-19T14:44:00Z', FALSE);
INSERT INTO MESSAGE (ID, CONTENT, CONTENT_TYPE, SENDER_USER_ID, CHANNEL_ID, DIRECT_CONVERSATION_ID, CREATED_AT, DELETED) VALUES ('0d367362-1360-46a6-9d30-7fbc38c7b134', 'Great job on the demo today!', 'TEXT', '10d16b3e-565a-4579-8643-03578e8be901', NULL, '3a0190c3-6745-4196-8e61-824a7296f298', '2025-09-19T14:45:00Z', FALSE);
INSERT INTO MESSAGE (ID, CONTENT, CONTENT_TYPE, SENDER_USER_ID, CHANNEL_ID, DIRECT_CONVERSATION_ID, CREATED_AT, DELETED) VALUES ('2a72cbeb-f2e2-48a4-a027-d48629555b0d', 'DB migration planned for tonights window.', 'TEXT', '927bb721-e8e5-41a7-9a4a-d04201713d45', 'ae9c0f68-598b-498e-9014-a095436f7ca4', NULL, '2025-09-19T14:46:00Z', FALSE);
INSERT INTO MESSAGE (ID, CONTENT, CONTENT_TYPE, SENDER_USER_ID, CHANNEL_ID, DIRECT_CONVERSATION_ID, CREATED_AT, DELETED) VALUES ('3ab8ed72-4f8b-4274-8291-e68591a56344', 'Type errors resolved in utils.ts.', 'TEXT', '0a743332-50d7-41f3-8b6a-a63cec503b96', NULL, '6928aed1-c22e-4742-b14b-17d88bf89764', '2025-09-19T14:47:00Z', FALSE);
INSERT INTO MESSAGE (ID, CONTENT, CONTENT_TYPE, SENDER_USER_ID, CHANNEL_ID, DIRECT_CONVERSATION_ID, CREATED_AT, DELETED) VALUES ('9b9d7db3-9384-4c29-8e82-d05b17febb21', 'Design sync moved to 2PM ET.', 'TEXT', '2915dd6e-8c44-4355-8f1b-f7c8c8b0f48d', 'def4decc-edd4-4a94-9ee5-dce940ada25c', NULL, '2025-09-19T14:48:00Z', FALSE);
INSERT INTO MESSAGE (ID, CONTENT, CONTENT_TYPE, SENDER_USER_ID, CHANNEL_ID, DIRECT_CONVERSATION_ID, CREATED_AT, DELETED) VALUES ('674c8554-934f-4a77-9ac2-bb09c3f8fb7f', 'Added metrics for request retries.', 'TEXT', 'dcf7d233-454a-4eab-a1d9-895cbcf73dbd', 'e757b5b9-e261-430f-b2d0-d178dcd6e2dc', NULL, '2025-09-19T14:49:00Z', FALSE);
INSERT INTO MESSAGE (ID, CONTENT, CONTENT_TYPE, SENDER_USER_ID, CHANNEL_ID, DIRECT_CONVERSATION_ID, CREATED_AT, DELETED) VALUES ('28abed4e-28b9-457f-b9c6-1ac34e014025', 'Security flagged an outdated dependency.', 'TEXT', '4391c62b-ac08-4b9a-8330-286f29a96afd', 'def4decc-edd4-4a94-9ee5-dce940ada25c', NULL, '2025-09-19T14:50:00Z', FALSE);
INSERT INTO MESSAGE (ID, CONTENT, CONTENT_TYPE, SENDER_USER_ID, CHANNEL_ID, DIRECT_CONVERSATION_ID, CREATED_AT, DELETED) VALUES ('ae293d13-8fd8-4ebe-ab16-3b62c681908c', 'Reminder to add unit tests for the parser.', 'TEXT', '1aa8e23d-6846-4fa4-a252-e28a3ca685f2', '63353300-1058-42be-a3c5-09e03f829391', NULL, '2025-09-19T14:51:00Z', FALSE);
INSERT INTO MESSAGE (ID, CONTENT, CONTENT_TYPE, SENDER_USER_ID, CHANNEL_ID, DIRECT_CONVERSATION_ID, CREATED_AT, DELETED) VALUES ('db9ba3e2-6098-48dd-bde2-01babe1120de', 'Security flagged an outdated dependency.', 'TEXT', 'b4582ada-4434-4034-a6e0-3bb5c52fd119', '700c1676-696d-4cae-9231-5dcc76bf0ee4', NULL, '2025-09-19T14:52:00Z', FALSE);
INSERT INTO MESSAGE (ID, CONTENT, CONTENT_TYPE, SENDER_USER_ID, CHANNEL_ID, DIRECT_CONVERSATION_ID, CREATED_AT, DELETED) VALUES ('a13b03ce-bb84-49cd-a44c-18a3ea0eb061', 'Ship it! ', 'TEXT', '45877c9d-14ba-4ef6-8ce3-2034cec82fd3', NULL, '445bad2a-43d2-4a2b-b747-22fb1197de18', '2025-09-19T14:53:00Z', FALSE);
INSERT INTO MESSAGE (ID, CONTENT, CONTENT_TYPE, SENDER_USER_ID, CHANNEL_ID, DIRECT_CONVERSATION_ID, CREATED_AT, DELETED) VALUES ('b9191de6-6cb0-407a-8f63-0466caa5d42a', 'Great job on the demo today!', 'TEXT', '927bb721-e8e5-41a7-9a4a-d04201713d45', '5bc82da6-8d9d-48cb-827c-957384893bab', NULL, '2025-09-19T14:54:00Z', FALSE);
INSERT INTO MESSAGE (ID, CONTENT, CONTENT_TYPE, SENDER_USER_ID, CHANNEL_ID, DIRECT_CONVERSATION_ID, CREATED_AT, DELETED) VALUES ('183773a0-f0b6-43a8-935d-6ad08c2467c9', 'Anyone reviewing PR #481?', 'TEXT', '1aa8e23d-6846-4fa4-a252-e28a3ca685f2', NULL, '72f71475-98f5-4153-bb9f-79def375ff77', '2025-09-19T14:55:00Z', FALSE);
INSERT INTO MESSAGE (ID, CONTENT, CONTENT_TYPE, SENDER_USER_ID, CHANNEL_ID, DIRECT_CONVERSATION_ID, CREATED_AT, DELETED) VALUES ('731a7e01-2095-4100-a64b-b692141c985c', 'Reminder to add unit tests for the parser.', 'TEXT', 'a44b01b8-7db1-4291-a75e-dc046ca12372', NULL, 'f9753faa-1433-4fd8-ac75-30a348674892', '2025-09-19T14:56:00Z', FALSE);
INSERT INTO MESSAGE (ID, CONTENT, CONTENT_TYPE, SENDER_USER_ID, CHANNEL_ID, DIRECT_CONVERSATION_ID, CREATED_AT, DELETED) VALUES ('f414157a-0196-4fc8-bf02-ecd673477890', 'Reminder to add unit tests for the parser.', 'TEXT', '6fd28d64-d799-49d6-a786-42379b81a92f', '7ca28667-23cd-4e1c-bf9f-449e0df8ad2b', NULL, '2025-09-19T14:57:00Z', FALSE);
INSERT INTO MESSAGE (ID, CONTENT, CONTENT_TYPE, SENDER_USER_ID, CHANNEL_ID, DIRECT_CONVERSATION_ID, CREATED_AT, DELETED) VALUES ('c0bce9b9-bf7b-4d96-98d1-627744b42ff4', 'Design sync moved to 2PM ET.', 'TEXT', '2915dd6e-8c44-4355-8f1b-f7c8c8b0f48d', 'def4decc-edd4-4a94-9ee5-dce940ada25c', NULL, '2025-09-19T14:58:00Z', FALSE);
INSERT INTO MESSAGE (ID, CONTENT, CONTENT_TYPE, SENDER_USER_ID, CHANNEL_ID, DIRECT_CONVERSATION_ID, CREATED_AT, DELETED) VALUES ('59057d73-3214-4c59-8fb5-e72de0bb4e46', 'Can we backport this to the LTS branch?', 'TEXT', '927bb721-e8e5-41a7-9a4a-d04201713d45', '44e5b8d7-decd-45bc-9bd4-02856902c986', NULL, '2025-09-19T14:59:00Z', FALSE);
INSERT INTO NOTIFICATION (ID, RECIPIENT_USER_ID, ACTOR_USER_ID, DIRECT_CONVERSATION_ID, CHANNEL_ID, MESSAGE_ID, TYPE, STATUS, TEXT, CREATED_AT, READ_AT) VALUES ('aeea8c6e-b07a-4aaa-91e2-bf786a288dca', 'dcf7d233-454a-4eab-a1d9-895cbcf73dbd', 'ae2d64e5-d825-49fc-91bb-f530be88ca84', NULL, 'a6d27e2f-2619-4a53-a3ec-7fc9f10a0eda', 'b4f4a9f6-adf6-422a-a76c-7f6d0b4aa787', 'MESSAGE', 'UNREAD', 'New message in channel', '2025-09-19T14:04:00Z', NULL);
INSERT INTO NOTIFICATION (ID, RECIPIENT_USER_ID, ACTOR_USER_ID, DIRECT_CONVERSATION_ID, CHANNEL_ID, MESSAGE_ID, TYPE, STATUS, TEXT, CREATED_AT, READ_AT) VALUES ('4a915952-2416-4064-b889-091c75a3482d', '927bb721-e8e5-41a7-9a4a-d04201713d45', 'ea81be69-a79e-406e-9c36-11d10cedf9b2', NULL, '700c1676-696d-4cae-9231-5dcc76bf0ee4', '94c3e388-4b2d-4cc3-9d8b-cebe41429e54', 'MESSAGE', 'UNREAD', 'New message in channel', '2025-09-19T15:46:00Z', NULL);
INSERT INTO NOTIFICATION (ID, RECIPIENT_USER_ID, ACTOR_USER_ID, DIRECT_CONVERSATION_ID, CHANNEL_ID, MESSAGE_ID, TYPE, STATUS, TEXT, CREATED_AT, READ_AT) VALUES ('c0928371-438f-4121-838b-7d6f23cf5570', '11e73f2c-8c74-4a46-be69-276e0ca4b092', '962f18a5-f888-4886-b93d-a763ff8c9d98', NULL, '700c1676-696d-4cae-9231-5dcc76bf0ee4', '94c3e388-4b2d-4cc3-9d8b-cebe41429e54', 'MESSAGE', 'UNREAD', 'New message in channel', '2025-09-19T13:09:00Z', NULL);
INSERT INTO NOTIFICATION (ID, RECIPIENT_USER_ID, ACTOR_USER_ID, DIRECT_CONVERSATION_ID, CHANNEL_ID, MESSAGE_ID, TYPE, STATUS, TEXT, CREATED_AT, READ_AT) VALUES ('91e7782d-da2e-4937-8769-a2db28b68f34', '10d16b3e-565a-4579-8643-03578e8be901', '1aa8e23d-6846-4fa4-a252-e28a3ca685f2', NULL, '7c6fbef3-6e9c-4e5a-8294-fa8d0e00b68e', '18d0cbfb-5fcc-48d0-9fb5-0cc934c0b805', 'MESSAGE', 'READ', 'New message in channel', '2025-09-19T13:59:00Z', '2025-09-19T15:35:00Z');
INSERT INTO NOTIFICATION (ID, RECIPIENT_USER_ID, ACTOR_USER_ID, DIRECT_CONVERSATION_ID, CHANNEL_ID, MESSAGE_ID, TYPE, STATUS, TEXT, CREATED_AT, READ_AT) VALUES ('65b02e13-4c48-4b5b-9188-d060488f4bcd', '0d9d27d6-8977-46d8-b00a-2464a932aafe', '927bb721-e8e5-41a7-9a4a-d04201713d45', NULL, 'ebab2ef4-07ca-4b62-b9c9-15c01edeb2c4', '60521a76-fb5d-45b3-81dc-cec580c00e14', 'MESSAGE', 'UNREAD', 'New message in channel', '2025-09-19T13:12:00Z', NULL);
INSERT INTO NOTIFICATION (ID, RECIPIENT_USER_ID, ACTOR_USER_ID, DIRECT_CONVERSATION_ID, CHANNEL_ID, MESSAGE_ID, TYPE, STATUS, TEXT, CREATED_AT, READ_AT) VALUES ('6f64ab04-225d-48ba-a543-69e5f1a0eb44', '6fd28d64-d799-49d6-a786-42379b81a92f', '10d16b3e-565a-4579-8643-03578e8be901', 'cd5b8aea-b52a-4f39-b2d8-323d6b89b6cb', NULL, '206a0857-61ac-487b-9fc8-64531256e19d', 'MESSAGE', 'UNREAD', 'You have a new direct message', '2025-09-19T13:49:00Z', NULL);
INSERT INTO NOTIFICATION (ID, RECIPIENT_USER_ID, ACTOR_USER_ID, DIRECT_CONVERSATION_ID, CHANNEL_ID, MESSAGE_ID, TYPE, STATUS, TEXT, CREATED_AT, READ_AT) VALUES ('768970aa-330e-424b-ad85-21a7a9b2f585', '4391c62b-ac08-4b9a-8330-286f29a96afd', '0a743332-50d7-41f3-8b6a-a63cec503b96', 'cd5b8aea-b52a-4f39-b2d8-323d6b89b6cb', NULL, '206a0857-61ac-487b-9fc8-64531256e19d', 'MESSAGE', 'READ', 'You have a new direct message', '2025-09-19T13:45:00Z', '2025-09-19T16:34:00Z');
INSERT INTO NOTIFICATION (ID, RECIPIENT_USER_ID, ACTOR_USER_ID, DIRECT_CONVERSATION_ID, CHANNEL_ID, MESSAGE_ID, TYPE, STATUS, TEXT, CREATED_AT, READ_AT) VALUES ('287d16b4-b3e0-44bb-b143-315df242c3c1', '65f37860-80c6-4e1e-b1b0-62993c0ca5df', 'a44b01b8-7db1-4291-a75e-dc046ca12372', NULL, 'b8990372-fd6f-41a3-9f08-9baf64f20b2d', '0384735a-2df7-4846-a47b-9f62581114f0', 'MESSAGE', 'UNREAD', 'New message in channel', '2025-09-19T15:50:00Z', NULL);
INSERT INTO NOTIFICATION (ID, RECIPIENT_USER_ID, ACTOR_USER_ID, DIRECT_CONVERSATION_ID, CHANNEL_ID, MESSAGE_ID, TYPE, STATUS, TEXT, CREATED_AT, READ_AT) VALUES ('a9d89e46-f5a4-4af9-9b66-f039b6d22ea3', '9fd43d24-8c7c-460b-814b-fa56373db5ed', 'b4582ada-4434-4034-a6e0-3bb5c52fd119', NULL, 'e50989e4-ed60-4957-8b7c-54d307deb060', '07ca4404-82be-4e3d-bbc2-28cb5f92b7e8', 'MESSAGE', 'READ', 'New message in channel', '2025-09-19T15:38:00Z', '2025-09-19T14:55:00Z');
INSERT INTO NOTIFICATION (ID, RECIPIENT_USER_ID, ACTOR_USER_ID, DIRECT_CONVERSATION_ID, CHANNEL_ID, MESSAGE_ID, TYPE, STATUS, TEXT, CREATED_AT, READ_AT) VALUES ('0ee2458f-9322-4f17-9096-54d70a2d8026', '2330f28c-71ad-4bd9-be36-b44ee56f6727', 'e47beacf-c098-4286-b417-3d45c94bd968', NULL, 'e50989e4-ed60-4957-8b7c-54d307deb060', '07ca4404-82be-4e3d-bbc2-28cb5f92b7e8', 'MESSAGE', 'UNREAD', 'New message in channel', '2025-09-19T14:27:00Z', NULL);
INSERT INTO NOTIFICATION (ID, RECIPIENT_USER_ID, ACTOR_USER_ID, DIRECT_CONVERSATION_ID, CHANNEL_ID, MESSAGE_ID, TYPE, STATUS, TEXT, CREATED_AT, READ_AT) VALUES ('59fb4a41-482a-478d-b06e-35880cb0d7f6', '962f18a5-f888-4886-b93d-a763ff8c9d98', 'e47beacf-c098-4286-b417-3d45c94bd968', NULL, 'a6d27e2f-2619-4a53-a3ec-7fc9f10a0eda', '5316a99d-a715-42f5-a299-d9a4dc3d0aed', 'MESSAGE', 'UNREAD', 'New message in channel', '2025-09-19T16:07:00Z', NULL);
INSERT INTO NOTIFICATION (ID, RECIPIENT_USER_ID, ACTOR_USER_ID, DIRECT_CONVERSATION_ID, CHANNEL_ID, MESSAGE_ID, TYPE, STATUS, TEXT, CREATED_AT, READ_AT) VALUES ('4b25ff68-06b0-4554-8523-4105c310f02c', '7d3e50a8-7831-4589-8676-abfeb06ef3aa', 'dcf7d233-454a-4eab-a1d9-895cbcf73dbd', NULL, 'ebab2ef4-07ca-4b62-b9c9-15c01edeb2c4', 'dfdf53c7-19fd-4fcc-b8e3-39c34de1c115', 'MESSAGE', 'UNREAD', 'New message in channel', '2025-09-19T14:35:00Z', NULL);
INSERT INTO NOTIFICATION (ID, RECIPIENT_USER_ID, ACTOR_USER_ID, DIRECT_CONVERSATION_ID, CHANNEL_ID, MESSAGE_ID, TYPE, STATUS, TEXT, CREATED_AT, READ_AT) VALUES ('0f2cdacf-3607-44c7-8294-f6f409c50272', 'ae2d64e5-d825-49fc-91bb-f530be88ca84', '3be336ff-fa43-4f51-baab-0f05457184ef', NULL, '700c1676-696d-4cae-9231-5dcc76bf0ee4', '64babcd0-703a-4006-a496-ce507e9eaaa3', 'MESSAGE', 'UNREAD', 'New message in channel', '2025-09-19T13:52:00Z', NULL);
INSERT INTO NOTIFICATION (ID, RECIPIENT_USER_ID, ACTOR_USER_ID, DIRECT_CONVERSATION_ID, CHANNEL_ID, MESSAGE_ID, TYPE, STATUS, TEXT, CREATED_AT, READ_AT) VALUES ('2cca5740-c2ad-48f7-84ce-96bc72b6991a', '45877c9d-14ba-4ef6-8ce3-2034cec82fd3', '65f37860-80c6-4e1e-b1b0-62993c0ca5df', NULL, '700c1676-696d-4cae-9231-5dcc76bf0ee4', '64babcd0-703a-4006-a496-ce507e9eaaa3', 'MESSAGE', 'READ', 'New message in channel', '2025-09-19T15:20:00Z', '2025-09-19T14:16:00Z');
INSERT INTO NOTIFICATION (ID, RECIPIENT_USER_ID, ACTOR_USER_ID, DIRECT_CONVERSATION_ID, CHANNEL_ID, MESSAGE_ID, TYPE, STATUS, TEXT, CREATED_AT, READ_AT) VALUES ('aedad180-d352-48e9-8a48-ca4a03fb1462', '10d16b3e-565a-4579-8643-03578e8be901', '0d9d27d6-8977-46d8-b00a-2464a932aafe', NULL, '63353300-1058-42be-a3c5-09e03f829391', 'be3237e2-6992-4f47-b2a3-60d65ddf88e1', 'MESSAGE', 'UNREAD', 'New message in channel', '2025-09-19T14:41:00Z', NULL);
INSERT INTO NOTIFICATION (ID, RECIPIENT_USER_ID, ACTOR_USER_ID, DIRECT_CONVERSATION_ID, CHANNEL_ID, MESSAGE_ID, TYPE, STATUS, TEXT, CREATED_AT, READ_AT) VALUES ('2f2d3153-2d28-475d-a933-c1e0d36e9b2f', 'ae2d64e5-d825-49fc-91bb-f530be88ca84', '4391c62b-ac08-4b9a-8330-286f29a96afd', NULL, '63353300-1058-42be-a3c5-09e03f829391', '921699cb-2d35-4fc8-8bb8-11926b304d22', 'MESSAGE', 'UNREAD', 'New message in channel', '2025-09-19T15:47:00Z', NULL);
INSERT INTO NOTIFICATION (ID, RECIPIENT_USER_ID, ACTOR_USER_ID, DIRECT_CONVERSATION_ID, CHANNEL_ID, MESSAGE_ID, TYPE, STATUS, TEXT, CREATED_AT, READ_AT) VALUES ('d87ba7f6-a025-433d-9646-e267eaef0fcd', '9fd43d24-8c7c-460b-814b-fa56373db5ed', '2330f28c-71ad-4bd9-be36-b44ee56f6727', NULL, '63353300-1058-42be-a3c5-09e03f829391', '921699cb-2d35-4fc8-8bb8-11926b304d22', 'MESSAGE', 'READ', 'New message in channel', '2025-09-19T14:09:00Z', '2025-09-19T15:12:00Z');
INSERT INTO NOTIFICATION (ID, RECIPIENT_USER_ID, ACTOR_USER_ID, DIRECT_CONVERSATION_ID, CHANNEL_ID, MESSAGE_ID, TYPE, STATUS, TEXT, CREATED_AT, READ_AT) VALUES ('df77f453-3ea8-4bc1-aefa-368f6eea2e0a', '11e73f2c-8c74-4a46-be69-276e0ca4b092', '3be336ff-fa43-4f51-baab-0f05457184ef', 'e2936f9d-16f8-4eb9-9d78-d5d57c1b8334', NULL, 'bc3ab8d1-4533-42c9-9f27-068b5bb83840', 'MESSAGE', 'READ', 'You have a new direct message', '2025-09-19T13:13:00Z', '2025-09-19T17:10:00Z');
INSERT INTO NOTIFICATION (ID, RECIPIENT_USER_ID, ACTOR_USER_ID, DIRECT_CONVERSATION_ID, CHANNEL_ID, MESSAGE_ID, TYPE, STATUS, TEXT, CREATED_AT, READ_AT) VALUES ('07f3f4fd-b893-4f8b-8771-959b3d1080ac', 'a8807234-9776-45af-87c6-c67aee3e62d8', '6fd28d64-d799-49d6-a786-42379b81a92f', 'e2936f9d-16f8-4eb9-9d78-d5d57c1b8334', NULL, 'bc3ab8d1-4533-42c9-9f27-068b5bb83840', 'MESSAGE', 'READ', 'You have a new direct message', '2025-09-19T14:31:00Z', '2025-09-19T15:46:00Z');
INSERT INTO NOTIFICATION (ID, RECIPIENT_USER_ID, ACTOR_USER_ID, DIRECT_CONVERSATION_ID, CHANNEL_ID, MESSAGE_ID, TYPE, STATUS, TEXT, CREATED_AT, READ_AT) VALUES ('23767361-3129-4035-8aac-21bf5f2be085', '2915dd6e-8c44-4355-8f1b-f7c8c8b0f48d', '962f18a5-f888-4886-b93d-a763ff8c9d98', NULL, 'ebab2ef4-07ca-4b62-b9c9-15c01edeb2c4', '900ca6d5-3ae6-4b3d-8395-c5e0eb0a379a', 'MESSAGE', 'READ', 'New message in channel', '2025-09-19T14:40:00Z', '2025-09-19T14:52:00Z');
INSERT INTO NOTIFICATION (ID, RECIPIENT_USER_ID, ACTOR_USER_ID, DIRECT_CONVERSATION_ID, CHANNEL_ID, MESSAGE_ID, TYPE, STATUS, TEXT, CREATED_AT, READ_AT) VALUES ('0567feee-536b-40c2-88c0-ccdf9ebef27f', '0c862291-6d43-47fc-8682-ae358658a5e4', '1aa8e23d-6846-4fa4-a252-e28a3ca685f2', NULL, '7c42e885-1211-491a-9bfc-c1ed825f549f', '27d31a95-b8c8-4b97-8d18-5a8f3b82bc5d', 'MESSAGE', 'UNREAD', 'New message in channel', '2025-09-19T14:48:00Z', NULL);
INSERT INTO NOTIFICATION (ID, RECIPIENT_USER_ID, ACTOR_USER_ID, DIRECT_CONVERSATION_ID, CHANNEL_ID, MESSAGE_ID, TYPE, STATUS, TEXT, CREATED_AT, READ_AT) VALUES ('55bcf8ae-4c27-4565-b737-6c91790e285b', 'a8807234-9776-45af-87c6-c67aee3e62d8', '6fd28d64-d799-49d6-a786-42379b81a92f', NULL, 'e50989e4-ed60-4957-8b7c-54d307deb060', '205117a5-e827-484e-961c-432e1b102145', 'MESSAGE', 'READ', 'New message in channel', '2025-09-19T14:33:00Z', '2025-09-19T17:17:00Z');
INSERT INTO NOTIFICATION (ID, RECIPIENT_USER_ID, ACTOR_USER_ID, DIRECT_CONVERSATION_ID, CHANNEL_ID, MESSAGE_ID, TYPE, STATUS, TEXT, CREATED_AT, READ_AT) VALUES ('f65b9a01-8166-44b8-a3f4-a73d2d6a51a9', '3ea561d3-a6be-4658-90a7-1267f9a3f31a', 'cc58e483-1807-4ab2-83ce-fb2336da1cfd', 'cd5b8aea-b52a-4f39-b2d8-323d6b89b6cb', NULL, 'c87c7d2c-6ce5-4967-83a7-42a653ea92b5', 'MESSAGE', 'UNREAD', 'You have a new direct message', '2025-09-19T14:41:00Z', NULL);
INSERT INTO NOTIFICATION (ID, RECIPIENT_USER_ID, ACTOR_USER_ID, DIRECT_CONVERSATION_ID, CHANNEL_ID, MESSAGE_ID, TYPE, STATUS, TEXT, CREATED_AT, READ_AT) VALUES ('5de8deef-deda-4ee8-b89e-8e249d472592', '962f18a5-f888-4886-b93d-a763ff8c9d98', '6fd28d64-d799-49d6-a786-42379b81a92f', 'cd5b8aea-b52a-4f39-b2d8-323d6b89b6cb', NULL, 'c87c7d2c-6ce5-4967-83a7-42a653ea92b5', 'MESSAGE', 'UNREAD', 'You have a new direct message', '2025-09-19T14:34:00Z', NULL);
INSERT INTO NOTIFICATION (ID, RECIPIENT_USER_ID, ACTOR_USER_ID, DIRECT_CONVERSATION_ID, CHANNEL_ID, MESSAGE_ID, TYPE, STATUS, TEXT, CREATED_AT, READ_AT) VALUES ('1ff5fcf0-6eff-4119-ad40-26d6036bf7c4', '0c862291-6d43-47fc-8682-ae358658a5e4', '3be336ff-fa43-4f51-baab-0f05457184ef', 'cd5b8aea-b52a-4f39-b2d8-323d6b89b6cb', NULL, '4cba8124-eb90-453b-b06d-3500e3aaddb9', 'MESSAGE', 'UNREAD', 'You have a new direct message', '2025-09-19T15:13:00Z', NULL);
INSERT INTO NOTIFICATION (ID, RECIPIENT_USER_ID, ACTOR_USER_ID, DIRECT_CONVERSATION_ID, CHANNEL_ID, MESSAGE_ID, TYPE, STATUS, TEXT, CREATED_AT, READ_AT) VALUES ('6f2a4f7c-785e-4827-8ab6-00a43d0e3d47', '65f37860-80c6-4e1e-b1b0-62993c0ca5df', '45877c9d-14ba-4ef6-8ce3-2034cec82fd3', NULL, '7c42e885-1211-491a-9bfc-c1ed825f549f', '90366966-f1e1-464a-9047-d15e54bdc290', 'MESSAGE', 'READ', 'New message in channel', '2025-09-19T13:50:00Z', '2025-09-19T14:32:00Z');
INSERT INTO NOTIFICATION (ID, RECIPIENT_USER_ID, ACTOR_USER_ID, DIRECT_CONVERSATION_ID, CHANNEL_ID, MESSAGE_ID, TYPE, STATUS, TEXT, CREATED_AT, READ_AT) VALUES ('daa51847-91ce-4730-b4d4-eb10a8f65026', 'e47beacf-c098-4286-b417-3d45c94bd968', 'e5a05139-c46c-41f4-bac0-99d5653e5804', NULL, '63353300-1058-42be-a3c5-09e03f829391', '23c92c56-1317-4818-886b-9938476a0821', 'MESSAGE', 'READ', 'New message in channel', '2025-09-19T15:35:00Z', '2025-09-19T14:22:00Z');
INSERT INTO NOTIFICATION (ID, RECIPIENT_USER_ID, ACTOR_USER_ID, DIRECT_CONVERSATION_ID, CHANNEL_ID, MESSAGE_ID, TYPE, STATUS, TEXT, CREATED_AT, READ_AT) VALUES ('253edd9a-0504-4e2e-9500-83e1ba4d877c', '9fd43d24-8c7c-460b-814b-fa56373db5ed', 'b4582ada-4434-4034-a6e0-3bb5c52fd119', '445bad2a-43d2-4a2b-b747-22fb1197de18', NULL, 'ef950a70-22b7-4cf2-b83c-cdad4c4fed32', 'MESSAGE', 'UNREAD', 'You have a new direct message', '2025-09-19T13:41:00Z', NULL);
INSERT INTO NOTIFICATION (ID, RECIPIENT_USER_ID, ACTOR_USER_ID, DIRECT_CONVERSATION_ID, CHANNEL_ID, MESSAGE_ID, TYPE, STATUS, TEXT, CREATED_AT, READ_AT) VALUES ('aca973f5-9be6-4be6-8497-da51ba48ed41', '2330f28c-71ad-4bd9-be36-b44ee56f6727', 'b4582ada-4434-4034-a6e0-3bb5c52fd119', '445bad2a-43d2-4a2b-b747-22fb1197de18', NULL, 'ef950a70-22b7-4cf2-b83c-cdad4c4fed32', 'MESSAGE', 'UNREAD', 'You have a new direct message', '2025-09-19T15:37:00Z', NULL);
INSERT INTO NOTIFICATION (ID, RECIPIENT_USER_ID, ACTOR_USER_ID, DIRECT_CONVERSATION_ID, CHANNEL_ID, MESSAGE_ID, TYPE, STATUS, TEXT, CREATED_AT, READ_AT) VALUES ('0d1bf7ae-5725-45c8-ac81-a60292afb716', 'b4582ada-4434-4034-a6e0-3bb5c52fd119', '0c862291-6d43-47fc-8682-ae358658a5e4', NULL, '0d5dbe4d-1d6a-4682-885e-7ff64fb18220', 'b6ed8c70-912e-4b74-8f5c-520a9ba8e4f8', 'MESSAGE', 'UNREAD', 'New message in channel', '2025-09-19T13:55:00Z', NULL);
INSERT INTO NOTIFICATION (ID, RECIPIENT_USER_ID, ACTOR_USER_ID, DIRECT_CONVERSATION_ID, CHANNEL_ID, MESSAGE_ID, TYPE, STATUS, TEXT, CREATED_AT, READ_AT) VALUES ('c4a35b2a-500d-4073-ac8c-467ff7dba4c1', '0c862291-6d43-47fc-8682-ae358658a5e4', 'ea81be69-a79e-406e-9c36-11d10cedf9b2', '72f71475-98f5-4153-bb9f-79def375ff77', NULL, '2f893644-514a-4f17-b004-fe25e52acea4', 'MESSAGE', 'READ', 'You have a new direct message', '2025-09-19T14:38:00Z', '2025-09-19T14:31:00Z');
INSERT INTO NOTIFICATION (ID, RECIPIENT_USER_ID, ACTOR_USER_ID, DIRECT_CONVERSATION_ID, CHANNEL_ID, MESSAGE_ID, TYPE, STATUS, TEXT, CREATED_AT, READ_AT) VALUES ('520866aa-0659-4453-8ab2-841a9cea2c3b', 'a8807234-9776-45af-87c6-c67aee3e62d8', '10d16b3e-565a-4579-8643-03578e8be901', NULL, 'e50989e4-ed60-4957-8b7c-54d307deb060', 'e23d10a6-f353-4d35-ba79-d9b8e3407103', 'MESSAGE', 'UNREAD', 'New message in channel', '2025-09-19T13:49:00Z', NULL);
INSERT INTO NOTIFICATION (ID, RECIPIENT_USER_ID, ACTOR_USER_ID, DIRECT_CONVERSATION_ID, CHANNEL_ID, MESSAGE_ID, TYPE, STATUS, TEXT, CREATED_AT, READ_AT) VALUES ('5cd1698c-6f5e-45e5-aaa8-2433cf0ce6f3', '4391c62b-ac08-4b9a-8330-286f29a96afd', '1aa8e23d-6846-4fa4-a252-e28a3ca685f2', NULL, 'e50989e4-ed60-4957-8b7c-54d307deb060', 'e23d10a6-f353-4d35-ba79-d9b8e3407103', 'MESSAGE', 'UNREAD', 'New message in channel', '2025-09-19T16:13:00Z', NULL);
INSERT INTO NOTIFICATION (ID, RECIPIENT_USER_ID, ACTOR_USER_ID, DIRECT_CONVERSATION_ID, CHANNEL_ID, MESSAGE_ID, TYPE, STATUS, TEXT, CREATED_AT, READ_AT) VALUES ('95afc088-cd60-447b-893b-fbe2aa5fa235', 'e5a05139-c46c-41f4-bac0-99d5653e5804', '10d16b3e-565a-4579-8643-03578e8be901', NULL, 'def4decc-edd4-4a94-9ee5-dce940ada25c', '53f76fa6-8ed6-4450-8179-bd22159e8d52', 'MESSAGE', 'READ', 'New message in channel', '2025-09-19T13:30:00Z', '2025-09-19T16:33:00Z');
INSERT INTO NOTIFICATION (ID, RECIPIENT_USER_ID, ACTOR_USER_ID, DIRECT_CONVERSATION_ID, CHANNEL_ID, MESSAGE_ID, TYPE, STATUS, TEXT, CREATED_AT, READ_AT) VALUES ('818eceed-0eb8-4354-a4d3-5f13b5c4d8a3', '6fd28d64-d799-49d6-a786-42379b81a92f', '11e73f2c-8c74-4a46-be69-276e0ca4b092', NULL, 'def4decc-edd4-4a94-9ee5-dce940ada25c', '53f76fa6-8ed6-4450-8179-bd22159e8d52', 'MESSAGE', 'READ', 'New message in channel', '2025-09-19T15:40:00Z', '2025-09-19T16:46:00Z');
INSERT INTO NOTIFICATION (ID, RECIPIENT_USER_ID, ACTOR_USER_ID, DIRECT_CONVERSATION_ID, CHANNEL_ID, MESSAGE_ID, TYPE, STATUS, TEXT, CREATED_AT, READ_AT) VALUES ('9fd8b645-01b9-4916-8c15-15870b0eeef7', 'b4582ada-4434-4034-a6e0-3bb5c52fd119', '3be336ff-fa43-4f51-baab-0f05457184ef', NULL, 'e50989e4-ed60-4957-8b7c-54d307deb060', '43c4f924-cba8-42cd-8a5e-8c37001f4858', 'MESSAGE', 'READ', 'New message in channel', '2025-09-19T14:03:00Z', '2025-09-19T15:39:00Z');
INSERT INTO NOTIFICATION (ID, RECIPIENT_USER_ID, ACTOR_USER_ID, DIRECT_CONVERSATION_ID, CHANNEL_ID, MESSAGE_ID, TYPE, STATUS, TEXT, CREATED_AT, READ_AT) VALUES ('4fbdd670-b8fe-4c16-ab70-636cf6cf34f0', '45877c9d-14ba-4ef6-8ce3-2034cec82fd3', '0a743332-50d7-41f3-8b6a-a63cec503b96', NULL, 'ae9c0f68-598b-498e-9014-a095436f7ca4', 'e007a6be-b771-4d51-9f93-27e7c8184167', 'MESSAGE', 'READ', 'New message in channel', '2025-09-19T15:08:00Z', '2025-09-19T14:45:00Z');
INSERT INTO NOTIFICATION (ID, RECIPIENT_USER_ID, ACTOR_USER_ID, DIRECT_CONVERSATION_ID, CHANNEL_ID, MESSAGE_ID, TYPE, STATUS, TEXT, CREATED_AT, READ_AT) VALUES ('358fe294-3684-478d-b888-7473c560110e', 'e47beacf-c098-4286-b417-3d45c94bd968', '68973614-94db-4f98-9729-0712e0c5c0fa', NULL, 'ae9c0f68-598b-498e-9014-a095436f7ca4', 'e007a6be-b771-4d51-9f93-27e7c8184167', 'MESSAGE', 'READ', 'New message in channel', '2025-09-19T15:38:00Z', '2025-09-19T15:59:00Z');
INSERT INTO NOTIFICATION (ID, RECIPIENT_USER_ID, ACTOR_USER_ID, DIRECT_CONVERSATION_ID, CHANNEL_ID, MESSAGE_ID, TYPE, STATUS, TEXT, CREATED_AT, READ_AT) VALUES ('7b217538-866d-414b-bfd0-89c77b040432', 'b4582ada-4434-4034-a6e0-3bb5c52fd119', 'a44b01b8-7db1-4291-a75e-dc046ca12372', NULL, '73802fd1-12b5-4abd-bdec-a92b8bdf9061', 'db0b7b6c-5dec-4d8e-91c3-1a8996f658c5', 'MESSAGE', 'READ', 'New message in channel', '2025-09-19T16:19:00Z', '2025-09-19T14:45:00Z');
INSERT INTO NOTIFICATION (ID, RECIPIENT_USER_ID, ACTOR_USER_ID, DIRECT_CONVERSATION_ID, CHANNEL_ID, MESSAGE_ID, TYPE, STATUS, TEXT, CREATED_AT, READ_AT) VALUES ('91eca0de-c0c5-469c-a116-80abc8684023', '0d9d27d6-8977-46d8-b00a-2464a932aafe', '2330f28c-71ad-4bd9-be36-b44ee56f6727', NULL, '7ca28667-23cd-4e1c-bf9f-449e0df8ad2b', 'ab342d20-4cd5-4b79-bb56-f6bff887485b', 'MESSAGE', 'UNREAD', 'New message in channel', '2025-09-19T13:17:00Z', NULL);
INSERT INTO NOTIFICATION (ID, RECIPIENT_USER_ID, ACTOR_USER_ID, DIRECT_CONVERSATION_ID, CHANNEL_ID, MESSAGE_ID, TYPE, STATUS, TEXT, CREATED_AT, READ_AT) VALUES ('b00a2d8c-caed-438b-babc-1267cb6c5c5f', '0a743332-50d7-41f3-8b6a-a63cec503b96', 'dcf7d233-454a-4eab-a1d9-895cbcf73dbd', 'a84367f8-b2cb-4d3e-bd71-3351536b2a88', NULL, '2544d81a-f1fd-4963-b926-525b0e96a735', 'MESSAGE', 'READ', 'You have a new direct message', '2025-09-19T13:23:00Z', '2025-09-19T16:09:00Z');
INSERT INTO NOTIFICATION (ID, RECIPIENT_USER_ID, ACTOR_USER_ID, DIRECT_CONVERSATION_ID, CHANNEL_ID, MESSAGE_ID, TYPE, STATUS, TEXT, CREATED_AT, READ_AT) VALUES ('72d6c2c3-e232-453a-abe3-ed45d5f5eab8', 'e47beacf-c098-4286-b417-3d45c94bd968', '3ea561d3-a6be-4658-90a7-1267f9a3f31a', 'a6e99ea0-2d43-408d-8046-6c76753b37b6', NULL, '189e0a96-a5ca-4b4c-a1b2-5406eb15bd22', 'MESSAGE', 'UNREAD', 'You have a new direct message', '2025-09-19T13:10:00Z', NULL);
INSERT INTO NOTIFICATION (ID, RECIPIENT_USER_ID, ACTOR_USER_ID, DIRECT_CONVERSATION_ID, CHANNEL_ID, MESSAGE_ID, TYPE, STATUS, TEXT, CREATED_AT, READ_AT) VALUES ('9ab9d115-a597-4eb6-b3f4-79022b308e3e', 'a44b01b8-7db1-4291-a75e-dc046ca12372', 'ae2d64e5-d825-49fc-91bb-f530be88ca84', 'a6e99ea0-2d43-408d-8046-6c76753b37b6', NULL, '189e0a96-a5ca-4b4c-a1b2-5406eb15bd22', 'MESSAGE', 'UNREAD', 'You have a new direct message', '2025-09-19T14:20:00Z', NULL);
INSERT INTO NOTIFICATION (ID, RECIPIENT_USER_ID, ACTOR_USER_ID, DIRECT_CONVERSATION_ID, CHANNEL_ID, MESSAGE_ID, TYPE, STATUS, TEXT, CREATED_AT, READ_AT) VALUES ('3049c101-0566-43a3-968a-560965a1a83c', '2330f28c-71ad-4bd9-be36-b44ee56f6727', '1aa8e23d-6846-4fa4-a252-e28a3ca685f2', NULL, '7c42e885-1211-491a-9bfc-c1ed825f549f', '73723509-1ae0-44cf-83f1-46b048a2dc18', 'MESSAGE', 'UNREAD', 'New message in channel', '2025-09-19T15:47:00Z', NULL);
INSERT INTO NOTIFICATION (ID, RECIPIENT_USER_ID, ACTOR_USER_ID, DIRECT_CONVERSATION_ID, CHANNEL_ID, MESSAGE_ID, TYPE, STATUS, TEXT, CREATED_AT, READ_AT) VALUES ('e5f2b38d-91f9-4646-b9da-113e83c5e92f', '1aa8e23d-6846-4fa4-a252-e28a3ca685f2', '68973614-94db-4f98-9729-0712e0c5c0fa', NULL, '7c42e885-1211-491a-9bfc-c1ed825f549f', '73723509-1ae0-44cf-83f1-46b048a2dc18', 'MESSAGE', 'UNREAD', 'New message in channel', '2025-09-19T13:16:00Z', NULL);
INSERT INTO NOTIFICATION (ID, RECIPIENT_USER_ID, ACTOR_USER_ID, DIRECT_CONVERSATION_ID, CHANNEL_ID, MESSAGE_ID, TYPE, STATUS, TEXT, CREATED_AT, READ_AT) VALUES ('fc9d221c-e610-46f4-8417-5e2d7af5bccf', '10d16b3e-565a-4579-8643-03578e8be901', '3be336ff-fa43-4f51-baab-0f05457184ef', NULL, '0d5dbe4d-1d6a-4682-885e-7ff64fb18220', 'e47b93ab-27a6-4869-9997-4dd4cbaec2fd', 'MESSAGE', 'UNREAD', 'New message in channel', '2025-09-19T13:42:00Z', NULL);
INSERT INTO NOTIFICATION (ID, RECIPIENT_USER_ID, ACTOR_USER_ID, DIRECT_CONVERSATION_ID, CHANNEL_ID, MESSAGE_ID, TYPE, STATUS, TEXT, CREATED_AT, READ_AT) VALUES ('08e4b5e1-da9b-4316-928f-f419a78c5eff', '65f37860-80c6-4e1e-b1b0-62993c0ca5df', 'b4582ada-4434-4034-a6e0-3bb5c52fd119', NULL, '2f65aa0b-3685-4081-be75-7b116a8100a7', '05689778-ff9c-41ee-a9cb-a880d8c26cc9', 'MESSAGE', 'UNREAD', 'New message in channel', '2025-09-19T14:04:00Z', NULL);
INSERT INTO NOTIFICATION (ID, RECIPIENT_USER_ID, ACTOR_USER_ID, DIRECT_CONVERSATION_ID, CHANNEL_ID, MESSAGE_ID, TYPE, STATUS, TEXT, CREATED_AT, READ_AT) VALUES ('8f0bd0d7-51b9-4049-b6b8-d960609b004e', 'b4582ada-4434-4034-a6e0-3bb5c52fd119', '1aa8e23d-6846-4fa4-a252-e28a3ca685f2', NULL, '5bc82da6-8d9d-48cb-827c-957384893bab', '2f6532db-18b8-48db-8f9b-488f5ea23444', 'MESSAGE', 'READ', 'New message in channel', '2025-09-19T14:10:00Z', '2025-09-19T14:36:00Z');
INSERT INTO NOTIFICATION (ID, RECIPIENT_USER_ID, ACTOR_USER_ID, DIRECT_CONVERSATION_ID, CHANNEL_ID, MESSAGE_ID, TYPE, STATUS, TEXT, CREATED_AT, READ_AT) VALUES ('c472430e-52eb-4d71-bb0b-c8c0165edc62', '45877c9d-14ba-4ef6-8ce3-2034cec82fd3', 'ea81be69-a79e-406e-9c36-11d10cedf9b2', NULL, 'faecdb32-9123-480a-8a72-7d75b83857c5', '4a8ad5f7-08d7-4db1-89ef-09934b2138c0', 'MESSAGE', 'READ', 'New message in channel', '2025-09-19T13:53:00Z', '2025-09-19T16:37:00Z');
INSERT INTO NOTIFICATION (ID, RECIPIENT_USER_ID, ACTOR_USER_ID, DIRECT_CONVERSATION_ID, CHANNEL_ID, MESSAGE_ID, TYPE, STATUS, TEXT, CREATED_AT, READ_AT) VALUES ('7811e41b-b96e-4524-b3a1-d41dbfe92a7c', '0a743332-50d7-41f3-8b6a-a63cec503b96', '927bb721-e8e5-41a7-9a4a-d04201713d45', 'a2f5cfdf-92b7-414f-97d2-0ceceb8182a6', NULL, '6400c5a9-bf70-4c93-a5f0-1b94b499ed63', 'MESSAGE', 'UNREAD', 'You have a new direct message', '2025-09-19T14:35:00Z', NULL);
INSERT INTO NOTIFICATION (ID, RECIPIENT_USER_ID, ACTOR_USER_ID, DIRECT_CONVERSATION_ID, CHANNEL_ID, MESSAGE_ID, TYPE, STATUS, TEXT, CREATED_AT, READ_AT) VALUES ('afd3a89c-2e70-430d-ac9b-98b89d2aa557', '0c862291-6d43-47fc-8682-ae358658a5e4', '2915dd6e-8c44-4355-8f1b-f7c8c8b0f48d', 'a2f5cfdf-92b7-414f-97d2-0ceceb8182a6', NULL, '6400c5a9-bf70-4c93-a5f0-1b94b499ed63', 'MESSAGE', 'UNREAD', 'You have a new direct message', '2025-09-19T14:43:00Z', NULL);
INSERT INTO NOTIFICATION (ID, RECIPIENT_USER_ID, ACTOR_USER_ID, DIRECT_CONVERSATION_ID, CHANNEL_ID, MESSAGE_ID, TYPE, STATUS, TEXT, CREATED_AT, READ_AT) VALUES ('a4eae73b-bcfe-492e-a2f0-2e7a83cb5402', 'fff673d0-c4be-49fc-8342-6554a25d19ee', 'a8807234-9776-45af-87c6-c67aee3e62d8', NULL, 'e757b5b9-e261-430f-b2d0-d178dcd6e2dc', '3e936fdb-326a-426c-aefd-5cb4d0c6586d', 'MESSAGE', 'READ', 'New message in channel', '2025-09-19T15:53:00Z', '2025-09-19T15:36:00Z');
INSERT INTO NOTIFICATION (ID, RECIPIENT_USER_ID, ACTOR_USER_ID, DIRECT_CONVERSATION_ID, CHANNEL_ID, MESSAGE_ID, TYPE, STATUS, TEXT, CREATED_AT, READ_AT) VALUES ('509f3bf6-daba-4e02-ba22-a1251d7ed794', '10d16b3e-565a-4579-8643-03578e8be901', '0c862291-6d43-47fc-8682-ae358658a5e4', NULL, 'e757b5b9-e261-430f-b2d0-d178dcd6e2dc', '3e936fdb-326a-426c-aefd-5cb4d0c6586d', 'MESSAGE', 'READ', 'New message in channel', '2025-09-19T16:20:00Z', '2025-09-19T14:29:00Z');
INSERT INTO NOTIFICATION (ID, RECIPIENT_USER_ID, ACTOR_USER_ID, DIRECT_CONVERSATION_ID, CHANNEL_ID, MESSAGE_ID, TYPE, STATUS, TEXT, CREATED_AT, READ_AT) VALUES ('6a5e0458-d77e-49e8-b6e0-5988c3b3cdce', '3ea561d3-a6be-4658-90a7-1267f9a3f31a', 'e47beacf-c098-4286-b417-3d45c94bd968', NULL, '44e5b8d7-decd-45bc-9bd4-02856902c986', 'f2e033c4-c66f-40d1-9868-81aeea1472ff', 'MESSAGE', 'READ', 'New message in channel', '2025-09-19T14:32:00Z', '2025-09-19T16:22:00Z');
INSERT INTO NOTIFICATION (ID, RECIPIENT_USER_ID, ACTOR_USER_ID, DIRECT_CONVERSATION_ID, CHANNEL_ID, MESSAGE_ID, TYPE, STATUS, TEXT, CREATED_AT, READ_AT) VALUES ('353c3672-a765-45fc-b93f-cf8ac9babe0e', 'b4582ada-4434-4034-a6e0-3bb5c52fd119', 'ea81be69-a79e-406e-9c36-11d10cedf9b2', NULL, '44e5b8d7-decd-45bc-9bd4-02856902c986', 'f2e033c4-c66f-40d1-9868-81aeea1472ff', 'MESSAGE', 'UNREAD', 'New message in channel', '2025-09-19T15:56:00Z', NULL);
INSERT INTO NOTIFICATION (ID, RECIPIENT_USER_ID, ACTOR_USER_ID, DIRECT_CONVERSATION_ID, CHANNEL_ID, MESSAGE_ID, TYPE, STATUS, TEXT, CREATED_AT, READ_AT) VALUES ('a45324ab-a52f-406b-810d-841b52707fed', '3ea561d3-a6be-4658-90a7-1267f9a3f31a', '4391c62b-ac08-4b9a-8330-286f29a96afd', '3a0190c3-6745-4196-8e61-824a7296f298', NULL, 'cc00da49-fd59-40ea-9ff7-6aa9e121d8cd', 'MESSAGE', 'READ', 'You have a new direct message', '2025-09-19T14:40:00Z', '2025-09-19T15:07:00Z');
INSERT INTO NOTIFICATION (ID, RECIPIENT_USER_ID, ACTOR_USER_ID, DIRECT_CONVERSATION_ID, CHANNEL_ID, MESSAGE_ID, TYPE, STATUS, TEXT, CREATED_AT, READ_AT) VALUES ('88677e26-3d64-4ac3-b00a-73ca9ecb20d0', 'b4582ada-4434-4034-a6e0-3bb5c52fd119', '0a743332-50d7-41f3-8b6a-a63cec503b96', NULL, '700c1676-696d-4cae-9231-5dcc76bf0ee4', '2d8a0b63-235d-4fcc-a15f-487720baa621', 'MESSAGE', 'READ', 'New message in channel', '2025-09-19T13:37:00Z', '2025-09-19T15:24:00Z');
INSERT INTO NOTIFICATION (ID, RECIPIENT_USER_ID, ACTOR_USER_ID, DIRECT_CONVERSATION_ID, CHANNEL_ID, MESSAGE_ID, TYPE, STATUS, TEXT, CREATED_AT, READ_AT) VALUES ('d5136feb-028a-4b2f-9c67-eec81d3a4e08', '0c862291-6d43-47fc-8682-ae358658a5e4', '927bb721-e8e5-41a7-9a4a-d04201713d45', NULL, 'df7b437c-eebb-4d30-871c-6a5f1e228df8', 'daa333d5-f7c0-4235-853e-0908d62e43d8', 'MESSAGE', 'UNREAD', 'New message in channel', '2025-09-19T15:37:00Z', NULL);
INSERT INTO NOTIFICATION (ID, RECIPIENT_USER_ID, ACTOR_USER_ID, DIRECT_CONVERSATION_ID, CHANNEL_ID, MESSAGE_ID, TYPE, STATUS, TEXT, CREATED_AT, READ_AT) VALUES ('5ebc7439-7ca3-4c71-85a6-e5316e036d02', 'ea81be69-a79e-406e-9c36-11d10cedf9b2', '10d16b3e-565a-4579-8643-03578e8be901', NULL, '5bc82da6-8d9d-48cb-827c-957384893bab', '5349d085-ce58-44ac-acef-7ffa5945a604', 'MESSAGE', 'READ', 'New message in channel', '2025-09-19T14:04:00Z', '2025-09-19T16:43:00Z');
INSERT INTO NOTIFICATION (ID, RECIPIENT_USER_ID, ACTOR_USER_ID, DIRECT_CONVERSATION_ID, CHANNEL_ID, MESSAGE_ID, TYPE, STATUS, TEXT, CREATED_AT, READ_AT) VALUES ('d38184df-4e91-46a3-b16a-894814a154e6', '3ea561d3-a6be-4658-90a7-1267f9a3f31a', 'a8807234-9776-45af-87c6-c67aee3e62d8', NULL, '7c6fbef3-6e9c-4e5a-8294-fa8d0e00b68e', '59e7a691-24bf-4075-8fa8-498ddfe30211', 'MESSAGE', 'UNREAD', 'New message in channel', '2025-09-19T14:20:00Z', NULL);
INSERT INTO NOTIFICATION (ID, RECIPIENT_USER_ID, ACTOR_USER_ID, DIRECT_CONVERSATION_ID, CHANNEL_ID, MESSAGE_ID, TYPE, STATUS, TEXT, CREATED_AT, READ_AT) VALUES ('8028c3e6-4091-4427-911c-a98cd2174512', 'e47beacf-c098-4286-b417-3d45c94bd968', '9fd43d24-8c7c-460b-814b-fa56373db5ed', NULL, '7c6fbef3-6e9c-4e5a-8294-fa8d0e00b68e', '59e7a691-24bf-4075-8fa8-498ddfe30211', 'MESSAGE', 'UNREAD', 'New message in channel', '2025-09-19T13:56:00Z', NULL);
INSERT INTO NOTIFICATION (ID, RECIPIENT_USER_ID, ACTOR_USER_ID, DIRECT_CONVERSATION_ID, CHANNEL_ID, MESSAGE_ID, TYPE, STATUS, TEXT, CREATED_AT, READ_AT) VALUES ('e900dc72-19d4-4c9f-a79c-49dda44447cf', '3ea561d3-a6be-4658-90a7-1267f9a3f31a', 'b4582ada-4434-4034-a6e0-3bb5c52fd119', NULL, '7c6fbef3-6e9c-4e5a-8294-fa8d0e00b68e', 'b0c383e5-a4ae-4162-bc78-225ade25c425', 'MESSAGE', 'READ', 'New message in channel', '2025-09-19T14:50:00Z', '2025-09-19T16:11:00Z');
INSERT INTO NOTIFICATION (ID, RECIPIENT_USER_ID, ACTOR_USER_ID, DIRECT_CONVERSATION_ID, CHANNEL_ID, MESSAGE_ID, TYPE, STATUS, TEXT, CREATED_AT, READ_AT) VALUES ('64be65ae-9f39-47ef-b5fc-caef6c8d7495', 'e47beacf-c098-4286-b417-3d45c94bd968', '1aa8e23d-6846-4fa4-a252-e28a3ca685f2', 'f9753faa-1433-4fd8-ac75-30a348674892', NULL, '4dba3ee3-eb13-4c50-9a05-53056a515940', 'MESSAGE', 'READ', 'You have a new direct message', '2025-09-19T13:33:00Z', '2025-09-19T14:58:00Z');
INSERT INTO NOTIFICATION (ID, RECIPIENT_USER_ID, ACTOR_USER_ID, DIRECT_CONVERSATION_ID, CHANNEL_ID, MESSAGE_ID, TYPE, STATUS, TEXT, CREATED_AT, READ_AT) VALUES ('7f7def10-673d-4965-a8cc-0d69d8279664', 'e47beacf-c098-4286-b417-3d45c94bd968', '962f18a5-f888-4886-b93d-a763ff8c9d98', NULL, 'dc9cb57e-6b8e-4e76-9086-2a9d1c9e8599', '57f8af2e-ed50-4cf3-8731-afb0f0ee9cda', 'MESSAGE', 'UNREAD', 'New message in channel', '2025-09-19T13:05:00Z', NULL);
INSERT INTO NOTIFICATION (ID, RECIPIENT_USER_ID, ACTOR_USER_ID, DIRECT_CONVERSATION_ID, CHANNEL_ID, MESSAGE_ID, TYPE, STATUS, TEXT, CREATED_AT, READ_AT) VALUES ('e54c327b-6681-497c-8c48-0fdc9b10a0a2', 'b4582ada-4434-4034-a6e0-3bb5c52fd119', '68973614-94db-4f98-9729-0712e0c5c0fa', NULL, 'dc9cb57e-6b8e-4e76-9086-2a9d1c9e8599', '57f8af2e-ed50-4cf3-8731-afb0f0ee9cda', 'MESSAGE', 'READ', 'New message in channel', '2025-09-19T14:30:00Z', '2025-09-19T14:27:00Z');
INSERT INTO NOTIFICATION (ID, RECIPIENT_USER_ID, ACTOR_USER_ID, DIRECT_CONVERSATION_ID, CHANNEL_ID, MESSAGE_ID, TYPE, STATUS, TEXT, CREATED_AT, READ_AT) VALUES ('ff7732b6-e586-4216-bbc6-f4bccebe907b', '6fd28d64-d799-49d6-a786-42379b81a92f', '0a743332-50d7-41f3-8b6a-a63cec503b96', NULL, 'dc9cb57e-6b8e-4e76-9086-2a9d1c9e8599', '59826e33-f0f2-47c1-a2ad-492b3aa04e48', 'MESSAGE', 'READ', 'New message in channel', '2025-09-19T13:57:00Z', '2025-09-19T16:29:00Z');
INSERT INTO NOTIFICATION (ID, RECIPIENT_USER_ID, ACTOR_USER_ID, DIRECT_CONVERSATION_ID, CHANNEL_ID, MESSAGE_ID, TYPE, STATUS, TEXT, CREATED_AT, READ_AT) VALUES ('0231dbcb-4087-4d0b-8ffd-abcc6a0f9605', 'b4582ada-4434-4034-a6e0-3bb5c52fd119', '3be336ff-fa43-4f51-baab-0f05457184ef', NULL, 'dc9cb57e-6b8e-4e76-9086-2a9d1c9e8599', '59826e33-f0f2-47c1-a2ad-492b3aa04e48', 'MESSAGE', 'UNREAD', 'New message in channel', '2025-09-19T13:34:00Z', NULL);
INSERT INTO NOTIFICATION (ID, RECIPIENT_USER_ID, ACTOR_USER_ID, DIRECT_CONVERSATION_ID, CHANNEL_ID, MESSAGE_ID, TYPE, STATUS, TEXT, CREATED_AT, READ_AT) VALUES ('75a96e66-1746-404f-ab92-1f8f060dac8e', 'b72e8dbf-922e-43ce-ba07-7dbe3eb2ba42', 'b4582ada-4434-4034-a6e0-3bb5c52fd119', NULL, 'ae9c0f68-598b-498e-9014-a095436f7ca4', '65154980-00f1-42a0-9620-2f34b4a5bab4', 'MESSAGE', 'UNREAD', 'New message in channel', '2025-09-19T15:01:00Z', NULL);
INSERT INTO NOTIFICATION (ID, RECIPIENT_USER_ID, ACTOR_USER_ID, DIRECT_CONVERSATION_ID, CHANNEL_ID, MESSAGE_ID, TYPE, STATUS, TEXT, CREATED_AT, READ_AT) VALUES ('7e499a89-f081-4976-a76e-bfa1933fc829', '45877c9d-14ba-4ef6-8ce3-2034cec82fd3', 'cc58e483-1807-4ab2-83ce-fb2336da1cfd', 'd0af7751-89fe-451f-ae20-7fa803580b9a', NULL, 'ffa99beb-f907-46ad-b797-0a18a56d9276', 'MESSAGE', 'UNREAD', 'You have a new direct message', '2025-09-19T13:24:00Z', NULL);
INSERT INTO NOTIFICATION (ID, RECIPIENT_USER_ID, ACTOR_USER_ID, DIRECT_CONVERSATION_ID, CHANNEL_ID, MESSAGE_ID, TYPE, STATUS, TEXT, CREATED_AT, READ_AT) VALUES ('d678a4b7-1621-4bdd-a9dd-ef88df4ca56a', 'cc58e483-1807-4ab2-83ce-fb2336da1cfd', '962f18a5-f888-4886-b93d-a763ff8c9d98', 'd0af7751-89fe-451f-ae20-7fa803580b9a', NULL, 'ffa99beb-f907-46ad-b797-0a18a56d9276', 'MESSAGE', 'READ', 'You have a new direct message', '2025-09-19T15:50:00Z', '2025-09-19T15:42:00Z');
INSERT INTO NOTIFICATION (ID, RECIPIENT_USER_ID, ACTOR_USER_ID, DIRECT_CONVERSATION_ID, CHANNEL_ID, MESSAGE_ID, TYPE, STATUS, TEXT, CREATED_AT, READ_AT) VALUES ('f5c81ad0-cb28-4424-99b5-b58d61438c37', 'ae2d64e5-d825-49fc-91bb-f530be88ca84', '68973614-94db-4f98-9729-0712e0c5c0fa', NULL, '0d5dbe4d-1d6a-4682-885e-7ff64fb18220', '7eb07a74-7eff-496f-b62e-fe89a794c857', 'MESSAGE', 'READ', 'New message in channel', '2025-09-19T15:45:00Z', '2025-09-19T16:32:00Z');
INSERT INTO NOTIFICATION (ID, RECIPIENT_USER_ID, ACTOR_USER_ID, DIRECT_CONVERSATION_ID, CHANNEL_ID, MESSAGE_ID, TYPE, STATUS, TEXT, CREATED_AT, READ_AT) VALUES ('cf08e18b-c947-40f1-b380-79a1d5e45c75', '11e73f2c-8c74-4a46-be69-276e0ca4b092', '6fd28d64-d799-49d6-a786-42379b81a92f', NULL, 'def4decc-edd4-4a94-9ee5-dce940ada25c', '54f2aeda-63e2-4a5e-af2d-d34f4e04d6dc', 'MESSAGE', 'READ', 'New message in channel', '2025-09-19T15:34:00Z', '2025-09-19T15:03:00Z');
INSERT INTO NOTIFICATION (ID, RECIPIENT_USER_ID, ACTOR_USER_ID, DIRECT_CONVERSATION_ID, CHANNEL_ID, MESSAGE_ID, TYPE, STATUS, TEXT, CREATED_AT, READ_AT) VALUES ('30a1a0b1-54d4-45e9-824f-95c147fcd808', 'a8807234-9776-45af-87c6-c67aee3e62d8', '0c862291-6d43-47fc-8682-ae358658a5e4', NULL, 'def4decc-edd4-4a94-9ee5-dce940ada25c', '54f2aeda-63e2-4a5e-af2d-d34f4e04d6dc', 'MESSAGE', 'UNREAD', 'New message in channel', '2025-09-19T13:00:00Z', NULL);
INSERT INTO NOTIFICATION (ID, RECIPIENT_USER_ID, ACTOR_USER_ID, DIRECT_CONVERSATION_ID, CHANNEL_ID, MESSAGE_ID, TYPE, STATUS, TEXT, CREATED_AT, READ_AT) VALUES ('ff79dee6-b37f-4b83-8769-6c574d83aff9', 'dcf7d233-454a-4eab-a1d9-895cbcf73dbd', '68973614-94db-4f98-9729-0712e0c5c0fa', '17f0a5e1-7fb0-4183-bebe-5e514205dae3', NULL, 'bd8d1611-3d74-4a85-912f-d56809d658eb', 'MESSAGE', 'UNREAD', 'You have a new direct message', '2025-09-19T13:47:00Z', NULL);
INSERT INTO NOTIFICATION (ID, RECIPIENT_USER_ID, ACTOR_USER_ID, DIRECT_CONVERSATION_ID, CHANNEL_ID, MESSAGE_ID, TYPE, STATUS, TEXT, CREATED_AT, READ_AT) VALUES ('d4d500b6-b288-48ab-bd53-23dec6d417f2', 'e47beacf-c098-4286-b417-3d45c94bd968', '0c862291-6d43-47fc-8682-ae358658a5e4', '17f0a5e1-7fb0-4183-bebe-5e514205dae3', NULL, 'bd8d1611-3d74-4a85-912f-d56809d658eb', 'MESSAGE', 'UNREAD', 'You have a new direct message', '2025-09-19T16:19:00Z', NULL);
INSERT INTO NOTIFICATION (ID, RECIPIENT_USER_ID, ACTOR_USER_ID, DIRECT_CONVERSATION_ID, CHANNEL_ID, MESSAGE_ID, TYPE, STATUS, TEXT, CREATED_AT, READ_AT) VALUES ('8dca5f81-c016-4f9e-9a05-726fac4340fc', '7d3e50a8-7831-4589-8676-abfeb06ef3aa', '4391c62b-ac08-4b9a-8330-286f29a96afd', 'e2e0eb46-ccf5-4c10-89c3-4c3ede1b1f68', NULL, '24cffd2e-79d0-4d19-a548-e8243c62fc54', 'MESSAGE', 'UNREAD', 'You have a new direct message', '2025-09-19T13:50:00Z', NULL);
INSERT INTO NOTIFICATION (ID, RECIPIENT_USER_ID, ACTOR_USER_ID, DIRECT_CONVERSATION_ID, CHANNEL_ID, MESSAGE_ID, TYPE, STATUS, TEXT, CREATED_AT, READ_AT) VALUES ('829bcc06-43b0-42e3-9135-f1bc7d795287', '2915dd6e-8c44-4355-8f1b-f7c8c8b0f48d', 'dcf7d233-454a-4eab-a1d9-895cbcf73dbd', 'e2e0eb46-ccf5-4c10-89c3-4c3ede1b1f68', NULL, '24cffd2e-79d0-4d19-a548-e8243c62fc54', 'MESSAGE', 'READ', 'You have a new direct message', '2025-09-19T15:12:00Z', '2025-09-19T16:36:00Z');
INSERT INTO NOTIFICATION (ID, RECIPIENT_USER_ID, ACTOR_USER_ID, DIRECT_CONVERSATION_ID, CHANNEL_ID, MESSAGE_ID, TYPE, STATUS, TEXT, CREATED_AT, READ_AT) VALUES ('edc15392-c642-475d-92ff-31f023783408', 'ae2d64e5-d825-49fc-91bb-f530be88ca84', '3be336ff-fa43-4f51-baab-0f05457184ef', '1df80162-73ec-4658-8163-0941bf2a2e40', NULL, '4628f55f-0922-4a31-9757-d192980a4e8d', 'MESSAGE', 'UNREAD', 'You have a new direct message', '2025-09-19T14:16:00Z', NULL);
INSERT INTO NOTIFICATION (ID, RECIPIENT_USER_ID, ACTOR_USER_ID, DIRECT_CONVERSATION_ID, CHANNEL_ID, MESSAGE_ID, TYPE, STATUS, TEXT, CREATED_AT, READ_AT) VALUES ('30c2964e-9c55-43db-9b65-f734a44a3493', '9fd43d24-8c7c-460b-814b-fa56373db5ed', '1aa8e23d-6846-4fa4-a252-e28a3ca685f2', '1df80162-73ec-4658-8163-0941bf2a2e40', NULL, '4628f55f-0922-4a31-9757-d192980a4e8d', 'MESSAGE', 'READ', 'You have a new direct message', '2025-09-19T16:20:00Z', '2025-09-19T17:03:00Z');
INSERT INTO NOTIFICATION (ID, RECIPIENT_USER_ID, ACTOR_USER_ID, DIRECT_CONVERSATION_ID, CHANNEL_ID, MESSAGE_ID, TYPE, STATUS, TEXT, CREATED_AT, READ_AT) VALUES ('4b15b9d5-7487-4701-bb89-cfd35f65e2ba', 'dcf7d233-454a-4eab-a1d9-895cbcf73dbd', '68973614-94db-4f98-9729-0712e0c5c0fa', '91aa8cfd-0997-4730-8dc1-b93c34840630', NULL, 'ccb52fb1-6c31-4b11-980f-d4510450def9', 'MESSAGE', 'READ', 'You have a new direct message', '2025-09-19T14:51:00Z', '2025-09-19T14:20:00Z');
INSERT INTO NOTIFICATION (ID, RECIPIENT_USER_ID, ACTOR_USER_ID, DIRECT_CONVERSATION_ID, CHANNEL_ID, MESSAGE_ID, TYPE, STATUS, TEXT, CREATED_AT, READ_AT) VALUES ('620c3eb7-624b-43ee-88da-7cf017a7eeca', '962f18a5-f888-4886-b93d-a763ff8c9d98', '9fd43d24-8c7c-460b-814b-fa56373db5ed', '91aa8cfd-0997-4730-8dc1-b93c34840630', NULL, 'ccb52fb1-6c31-4b11-980f-d4510450def9', 'MESSAGE', 'UNREAD', 'You have a new direct message', '2025-09-19T14:55:00Z', NULL);
INSERT INTO NOTIFICATION (ID, RECIPIENT_USER_ID, ACTOR_USER_ID, DIRECT_CONVERSATION_ID, CHANNEL_ID, MESSAGE_ID, TYPE, STATUS, TEXT, CREATED_AT, READ_AT) VALUES ('49032f92-46a7-4ff0-a6ba-0c65fe26f6b6', '3ea561d3-a6be-4658-90a7-1267f9a3f31a', '927bb721-e8e5-41a7-9a4a-d04201713d45', NULL, '7c42e885-1211-491a-9bfc-c1ed825f549f', '19586605-aa6f-4f9b-9956-7543e99aa51c', 'MESSAGE', 'UNREAD', 'New message in channel', '2025-09-19T13:09:00Z', NULL);
INSERT INTO NOTIFICATION (ID, RECIPIENT_USER_ID, ACTOR_USER_ID, DIRECT_CONVERSATION_ID, CHANNEL_ID, MESSAGE_ID, TYPE, STATUS, TEXT, CREATED_AT, READ_AT) VALUES ('97114c87-2eba-47b9-85bd-ad399ff86099', '9fd43d24-8c7c-460b-814b-fa56373db5ed', '1aa8e23d-6846-4fa4-a252-e28a3ca685f2', NULL, 'b8990372-fd6f-41a3-9f08-9baf64f20b2d', '3b016652-bbe5-4dc5-88b8-c2f2054910ab', 'MESSAGE', 'READ', 'New message in channel', '2025-09-19T15:57:00Z', '2025-09-19T17:02:00Z');
INSERT INTO NOTIFICATION (ID, RECIPIENT_USER_ID, ACTOR_USER_ID, DIRECT_CONVERSATION_ID, CHANNEL_ID, MESSAGE_ID, TYPE, STATUS, TEXT, CREATED_AT, READ_AT) VALUES ('6479cade-a637-4934-881b-7ffe1820515d', '4391c62b-ac08-4b9a-8330-286f29a96afd', '962f18a5-f888-4886-b93d-a763ff8c9d98', NULL, 'e50989e4-ed60-4957-8b7c-54d307deb060', '8319540f-c868-4e6f-8f5e-a01ce5e25952', 'MESSAGE', 'READ', 'New message in channel', '2025-09-19T15:53:00Z', '2025-09-19T16:55:00Z');
INSERT INTO NOTIFICATION (ID, RECIPIENT_USER_ID, ACTOR_USER_ID, DIRECT_CONVERSATION_ID, CHANNEL_ID, MESSAGE_ID, TYPE, STATUS, TEXT, CREATED_AT, READ_AT) VALUES ('7ad64725-e56c-4e47-9f7d-91adea39b178', 'e5a05139-c46c-41f4-bac0-99d5653e5804', 'fff673d0-c4be-49fc-8342-6554a25d19ee', NULL, '5bc82da6-8d9d-48cb-827c-957384893bab', '30f10d7d-10e3-462c-89db-e981f72f10a1', 'MESSAGE', 'UNREAD', 'New message in channel', '2025-09-19T15:44:00Z', NULL);
INSERT INTO NOTIFICATION (ID, RECIPIENT_USER_ID, ACTOR_USER_ID, DIRECT_CONVERSATION_ID, CHANNEL_ID, MESSAGE_ID, TYPE, STATUS, TEXT, CREATED_AT, READ_AT) VALUES ('ad2007f9-5fbc-4645-bdf3-991c2b47ce7f', 'a8807234-9776-45af-87c6-c67aee3e62d8', 'ae2d64e5-d825-49fc-91bb-f530be88ca84', NULL, '5bc82da6-8d9d-48cb-827c-957384893bab', '30f10d7d-10e3-462c-89db-e981f72f10a1', 'MESSAGE', 'UNREAD', 'New message in channel', '2025-09-19T15:09:00Z', NULL);
INSERT INTO NOTIFICATION (ID, RECIPIENT_USER_ID, ACTOR_USER_ID, DIRECT_CONVERSATION_ID, CHANNEL_ID, MESSAGE_ID, TYPE, STATUS, TEXT, CREATED_AT, READ_AT) VALUES ('e49495e8-f8c1-49b5-9870-97f65a062ef0', '927bb721-e8e5-41a7-9a4a-d04201713d45', '1aa8e23d-6846-4fa4-a252-e28a3ca685f2', NULL, '2f65aa0b-3685-4081-be75-7b116a8100a7', '037ccf5c-f6e1-4464-8ba0-178215a11cd2', 'MESSAGE', 'UNREAD', 'New message in channel', '2025-09-19T16:10:00Z', NULL);
INSERT INTO NOTIFICATION (ID, RECIPIENT_USER_ID, ACTOR_USER_ID, DIRECT_CONVERSATION_ID, CHANNEL_ID, MESSAGE_ID, TYPE, STATUS, TEXT, CREATED_AT, READ_AT) VALUES ('0d11ed66-c189-4134-833c-b41b89bc723a', 'e5a05139-c46c-41f4-bac0-99d5653e5804', 'a8807234-9776-45af-87c6-c67aee3e62d8', NULL, '63353300-1058-42be-a3c5-09e03f829391', '84936811-2f9e-4f40-a6bd-68e2908b715e', 'MESSAGE', 'READ', 'New message in channel', '2025-09-19T13:49:00Z', '2025-09-19T15:24:00Z');
INSERT INTO NOTIFICATION (ID, RECIPIENT_USER_ID, ACTOR_USER_ID, DIRECT_CONVERSATION_ID, CHANNEL_ID, MESSAGE_ID, TYPE, STATUS, TEXT, CREATED_AT, READ_AT) VALUES ('0af0183d-6356-4a97-b86f-2f908028e638', '927bb721-e8e5-41a7-9a4a-d04201713d45', 'b4582ada-4434-4034-a6e0-3bb5c52fd119', NULL, '63353300-1058-42be-a3c5-09e03f829391', '84936811-2f9e-4f40-a6bd-68e2908b715e', 'MESSAGE', 'READ', 'New message in channel', '2025-09-19T14:37:00Z', '2025-09-19T16:00:00Z');
INSERT INTO NOTIFICATION (ID, RECIPIENT_USER_ID, ACTOR_USER_ID, DIRECT_CONVERSATION_ID, CHANNEL_ID, MESSAGE_ID, TYPE, STATUS, TEXT, CREATED_AT, READ_AT) VALUES ('6526a08a-4068-4dfc-bbd9-30b461dac27a', '68973614-94db-4f98-9729-0712e0c5c0fa', '7d3e50a8-7831-4589-8676-abfeb06ef3aa', NULL, 'ae9c0f68-598b-498e-9014-a095436f7ca4', '29e57905-f14c-4e96-ba8c-0155eda2bc97', 'MESSAGE', 'READ', 'New message in channel', '2025-09-19T13:06:00Z', '2025-09-19T17:05:00Z');
INSERT INTO NOTIFICATION (ID, RECIPIENT_USER_ID, ACTOR_USER_ID, DIRECT_CONVERSATION_ID, CHANNEL_ID, MESSAGE_ID, TYPE, STATUS, TEXT, CREATED_AT, READ_AT) VALUES ('1226c951-7293-4955-8c87-4ce323110343', 'b4582ada-4434-4034-a6e0-3bb5c52fd119', '927bb721-e8e5-41a7-9a4a-d04201713d45', NULL, 'ae9c0f68-598b-498e-9014-a095436f7ca4', '29e57905-f14c-4e96-ba8c-0155eda2bc97', 'MESSAGE', 'UNREAD', 'New message in channel', '2025-09-19T14:18:00Z', NULL);
INSERT INTO NOTIFICATION (ID, RECIPIENT_USER_ID, ACTOR_USER_ID, DIRECT_CONVERSATION_ID, CHANNEL_ID, MESSAGE_ID, TYPE, STATUS, TEXT, CREATED_AT, READ_AT) VALUES ('9fbda0d5-4ba1-476f-b244-cdd5c69e6af5', '6fd28d64-d799-49d6-a786-42379b81a92f', 'b4582ada-4434-4034-a6e0-3bb5c52fd119', NULL, 'ae9c0f68-598b-498e-9014-a095436f7ca4', '1a176cb2-677c-476d-83b6-d74e738916aa', 'MESSAGE', 'UNREAD', 'New message in channel', '2025-09-19T13:19:00Z', NULL);
INSERT INTO NOTIFICATION (ID, RECIPIENT_USER_ID, ACTOR_USER_ID, DIRECT_CONVERSATION_ID, CHANNEL_ID, MESSAGE_ID, TYPE, STATUS, TEXT, CREATED_AT, READ_AT) VALUES ('a5743cd4-410f-4d4c-847c-5d71d59a584d', '0c862291-6d43-47fc-8682-ae358658a5e4', 'a8807234-9776-45af-87c6-c67aee3e62d8', '3a0190c3-6745-4196-8e61-824a7296f298', NULL, '0d367362-1360-46a6-9d30-7fbc38c7b134', 'MESSAGE', 'UNREAD', 'You have a new direct message', '2025-09-19T14:28:00Z', NULL);
INSERT INTO NOTIFICATION (ID, RECIPIENT_USER_ID, ACTOR_USER_ID, DIRECT_CONVERSATION_ID, CHANNEL_ID, MESSAGE_ID, TYPE, STATUS, TEXT, CREATED_AT, READ_AT) VALUES ('f8d0b49c-8c90-4b0d-99a7-ec28e7f00724', '68973614-94db-4f98-9729-0712e0c5c0fa', '7d3e50a8-7831-4589-8676-abfeb06ef3aa', '3a0190c3-6745-4196-8e61-824a7296f298', NULL, '0d367362-1360-46a6-9d30-7fbc38c7b134', 'MESSAGE', 'UNREAD', 'You have a new direct message', '2025-09-19T13:07:00Z', NULL);
INSERT INTO NOTIFICATION (ID, RECIPIENT_USER_ID, ACTOR_USER_ID, DIRECT_CONVERSATION_ID, CHANNEL_ID, MESSAGE_ID, TYPE, STATUS, TEXT, CREATED_AT, READ_AT) VALUES ('0a82e072-8d36-4a61-9fb0-cd29f3b631c2', '3ea561d3-a6be-4658-90a7-1267f9a3f31a', '962f18a5-f888-4886-b93d-a763ff8c9d98', '6928aed1-c22e-4742-b14b-17d88bf89764', NULL, '3ab8ed72-4f8b-4274-8291-e68591a56344', 'MESSAGE', 'UNREAD', 'You have a new direct message', '2025-09-19T13:10:00Z', NULL);
INSERT INTO NOTIFICATION (ID, RECIPIENT_USER_ID, ACTOR_USER_ID, DIRECT_CONVERSATION_ID, CHANNEL_ID, MESSAGE_ID, TYPE, STATUS, TEXT, CREATED_AT, READ_AT) VALUES ('cb22d86d-75fb-447b-a30b-860f7dd1fc0f', 'e47beacf-c098-4286-b417-3d45c94bd968', '9fd43d24-8c7c-460b-814b-fa56373db5ed', '6928aed1-c22e-4742-b14b-17d88bf89764', NULL, '3ab8ed72-4f8b-4274-8291-e68591a56344', 'MESSAGE', 'READ', 'You have a new direct message', '2025-09-19T13:16:00Z', '2025-09-19T14:51:00Z');
INSERT INTO NOTIFICATION (ID, RECIPIENT_USER_ID, ACTOR_USER_ID, DIRECT_CONVERSATION_ID, CHANNEL_ID, MESSAGE_ID, TYPE, STATUS, TEXT, CREATED_AT, READ_AT) VALUES ('3ef796b1-ed65-4708-8440-edc2beca809a', '3ea561d3-a6be-4658-90a7-1267f9a3f31a', '1aa8e23d-6846-4fa4-a252-e28a3ca685f2', NULL, 'def4decc-edd4-4a94-9ee5-dce940ada25c', '9b9d7db3-9384-4c29-8e82-d05b17febb21', 'MESSAGE', 'READ', 'New message in channel', '2025-09-19T13:16:00Z', '2025-09-19T14:27:00Z');
INSERT INTO NOTIFICATION (ID, RECIPIENT_USER_ID, ACTOR_USER_ID, DIRECT_CONVERSATION_ID, CHANNEL_ID, MESSAGE_ID, TYPE, STATUS, TEXT, CREATED_AT, READ_AT) VALUES ('ab6084d1-4867-4bcb-a1d7-4a90410c2465', '2915dd6e-8c44-4355-8f1b-f7c8c8b0f48d', '927bb721-e8e5-41a7-9a4a-d04201713d45', NULL, 'def4decc-edd4-4a94-9ee5-dce940ada25c', '9b9d7db3-9384-4c29-8e82-d05b17febb21', 'MESSAGE', 'UNREAD', 'New message in channel', '2025-09-19T13:52:00Z', NULL);
INSERT INTO NOTIFICATION (ID, RECIPIENT_USER_ID, ACTOR_USER_ID, DIRECT_CONVERSATION_ID, CHANNEL_ID, MESSAGE_ID, TYPE, STATUS, TEXT, CREATED_AT, READ_AT) VALUES ('f73b48b0-b327-4766-b446-30e60c687ed0', 'b72e8dbf-922e-43ce-ba07-7dbe3eb2ba42', 'ae2d64e5-d825-49fc-91bb-f530be88ca84', NULL, '63353300-1058-42be-a3c5-09e03f829391', 'ae293d13-8fd8-4ebe-ab16-3b62c681908c', 'MESSAGE', 'READ', 'New message in channel', '2025-09-19T16:12:00Z', '2025-09-19T16:02:00Z');
INSERT INTO NOTIFICATION (ID, RECIPIENT_USER_ID, ACTOR_USER_ID, DIRECT_CONVERSATION_ID, CHANNEL_ID, MESSAGE_ID, TYPE, STATUS, TEXT, CREATED_AT, READ_AT) VALUES ('eb2bb3a4-78ea-4a67-967d-3b164dadefa0', '0c862291-6d43-47fc-8682-ae358658a5e4', '0d9d27d6-8977-46d8-b00a-2464a932aafe', NULL, '63353300-1058-42be-a3c5-09e03f829391', 'ae293d13-8fd8-4ebe-ab16-3b62c681908c', 'MESSAGE', 'UNREAD', 'New message in channel', '2025-09-19T13:25:00Z', NULL);
INSERT INTO NOTIFICATION (ID, RECIPIENT_USER_ID, ACTOR_USER_ID, DIRECT_CONVERSATION_ID, CHANNEL_ID, MESSAGE_ID, TYPE, STATUS, TEXT, CREATED_AT, READ_AT) VALUES ('75df4856-579a-4d71-8693-4b7cc1254220', '0a743332-50d7-41f3-8b6a-a63cec503b96', 'e5a05139-c46c-41f4-bac0-99d5653e5804', NULL, '700c1676-696d-4cae-9231-5dcc76bf0ee4', 'db9ba3e2-6098-48dd-bde2-01babe1120de', 'MESSAGE', 'READ', 'New message in channel', '2025-09-19T14:48:00Z', '2025-09-19T14:05:00Z');
INSERT INTO NOTIFICATION (ID, RECIPIENT_USER_ID, ACTOR_USER_ID, DIRECT_CONVERSATION_ID, CHANNEL_ID, MESSAGE_ID, TYPE, STATUS, TEXT, CREATED_AT, READ_AT) VALUES ('7b7aab4a-b024-4725-976d-1b238ab08fc0', 'e5a05139-c46c-41f4-bac0-99d5653e5804', 'fff673d0-c4be-49fc-8342-6554a25d19ee', '445bad2a-43d2-4a2b-b747-22fb1197de18', NULL, 'a13b03ce-bb84-49cd-a44c-18a3ea0eb061', 'MESSAGE', 'READ', 'You have a new direct message', '2025-09-19T13:12:00Z', '2025-09-19T15:22:00Z');
INSERT INTO NOTIFICATION (ID, RECIPIENT_USER_ID, ACTOR_USER_ID, DIRECT_CONVERSATION_ID, CHANNEL_ID, MESSAGE_ID, TYPE, STATUS, TEXT, CREATED_AT, READ_AT) VALUES ('8ac5c3fd-a8d6-41d1-865f-d6b69ba26b76', '45877c9d-14ba-4ef6-8ce3-2034cec82fd3', 'ea81be69-a79e-406e-9c36-11d10cedf9b2', NULL, '5bc82da6-8d9d-48cb-827c-957384893bab', 'b9191de6-6cb0-407a-8f63-0466caa5d42a', 'MESSAGE', 'UNREAD', 'New message in channel', '2025-09-19T14:13:00Z', NULL);
INSERT INTO NOTIFICATION (ID, RECIPIENT_USER_ID, ACTOR_USER_ID, DIRECT_CONVERSATION_ID, CHANNEL_ID, MESSAGE_ID, TYPE, STATUS, TEXT, CREATED_AT, READ_AT) VALUES ('62ea8e1c-c131-4760-a69c-73e2815f6099', 'dcf7d233-454a-4eab-a1d9-895cbcf73dbd', '65f37860-80c6-4e1e-b1b0-62993c0ca5df', NULL, '5bc82da6-8d9d-48cb-827c-957384893bab', 'b9191de6-6cb0-407a-8f63-0466caa5d42a', 'MESSAGE', 'READ', 'New message in channel', '2025-09-19T13:07:00Z', '2025-09-19T16:12:00Z');
INSERT INTO NOTIFICATION (ID, RECIPIENT_USER_ID, ACTOR_USER_ID, DIRECT_CONVERSATION_ID, CHANNEL_ID, MESSAGE_ID, TYPE, STATUS, TEXT, CREATED_AT, READ_AT) VALUES ('7be59a2e-8b33-4203-b0cf-950db8d746a9', '9fd43d24-8c7c-460b-814b-fa56373db5ed', '45877c9d-14ba-4ef6-8ce3-2034cec82fd3', 'f9753faa-1433-4fd8-ac75-30a348674892', NULL, '731a7e01-2095-4100-a64b-b692141c985c', 'MESSAGE', 'UNREAD', 'You have a new direct message', '2025-09-19T13:12:00Z', NULL);
INSERT INTO NOTIFICATION (ID, RECIPIENT_USER_ID, ACTOR_USER_ID, DIRECT_CONVERSATION_ID, CHANNEL_ID, MESSAGE_ID, TYPE, STATUS, TEXT, CREATED_AT, READ_AT) VALUES ('2122b60a-c7fe-4c3b-b02c-c4372d21702a', '10d16b3e-565a-4579-8643-03578e8be901', 'b72e8dbf-922e-43ce-ba07-7dbe3eb2ba42', NULL, '7ca28667-23cd-4e1c-bf9f-449e0df8ad2b', 'f414157a-0196-4fc8-bf02-ecd673477890', 'MESSAGE', 'READ', 'New message in channel', '2025-09-19T13:23:00Z', '2025-09-19T14:43:00Z');
INSERT INTO NOTIFICATION (ID, RECIPIENT_USER_ID, ACTOR_USER_ID, DIRECT_CONVERSATION_ID, CHANNEL_ID, MESSAGE_ID, TYPE, STATUS, TEXT, CREATED_AT, READ_AT) VALUES ('9c9c070e-1607-4756-9d12-9451caa750e0', '68973614-94db-4f98-9729-0712e0c5c0fa', 'dcf7d233-454a-4eab-a1d9-895cbcf73dbd', NULL, '7ca28667-23cd-4e1c-bf9f-449e0df8ad2b', 'f414157a-0196-4fc8-bf02-ecd673477890', 'MESSAGE', 'UNREAD', 'New message in channel', '2025-09-19T15:14:00Z', NULL);
INSERT INTO NOTIFICATION (ID, RECIPIENT_USER_ID, ACTOR_USER_ID, DIRECT_CONVERSATION_ID, CHANNEL_ID, MESSAGE_ID, TYPE, STATUS, TEXT, CREATED_AT, READ_AT) VALUES ('391428c9-a13d-4d7e-a1c0-619fb9c0edb2', '65f37860-80c6-4e1e-b1b0-62993c0ca5df', 'a44b01b8-7db1-4291-a75e-dc046ca12372', NULL, 'def4decc-edd4-4a94-9ee5-dce940ada25c', 'c0bce9b9-bf7b-4d96-98d1-627744b42ff4', 'MESSAGE', 'UNREAD', 'New message in channel', '2025-09-19T13:13:00Z', NULL);
INSERT INTO NOTIFICATION (ID, RECIPIENT_USER_ID, ACTOR_USER_ID, DIRECT_CONVERSATION_ID, CHANNEL_ID, MESSAGE_ID, TYPE, STATUS, TEXT, CREATED_AT, READ_AT) VALUES ('d3712fc3-c7c4-4104-beb0-813f96fbc8e6', '0d9d27d6-8977-46d8-b00a-2464a932aafe', '45877c9d-14ba-4ef6-8ce3-2034cec82fd3', NULL, '44e5b8d7-decd-45bc-9bd4-02856902c986', '59057d73-3214-4c59-8fb5-e72de0bb4e46', 'MESSAGE', 'UNREAD', 'New message in channel', '2025-09-19T15:05:00Z', NULL);
INSERT INTO KANBAN_BOARD (ID, NAME, DESCRIPTION, OWNER_ID, CREATED_AT, UPDATED_AT) VALUES ('b3c58a4d-76ca-4ce5-8131-2e169379de8c', 'Frontend Sprint 3', 'Tasks and planning for frontend sprint 3.', '45877c9d-14ba-4ef6-8ce3-2034cec82fd3', '2025-09-19T14:00:00Z', '2025-09-19T14:00:00Z');
INSERT INTO KANBAN_BOARD (ID, NAME, DESCRIPTION, OWNER_ID, CREATED_AT, UPDATED_AT) VALUES ('93f0285d-5fc2-44f9-9eb1-4eb8f3320879', 'Backend Refactor Q4', 'Tasks and planning for backend refactor q4.', '6fd28d64-d799-49d6-a786-42379b81a92f', '2025-09-19T14:10:00Z', '2025-09-19T14:10:00Z');
INSERT INTO KANBAN_BOARD (ID, NAME, DESCRIPTION, OWNER_ID, CREATED_AT, UPDATED_AT) VALUES ('f315d190-0158-40f9-a002-7e5507b9ef89', 'Platform Reliability', 'Tasks and planning for platform reliability.', '0a743332-50d7-41f3-8b6a-a63cec503b96', '2025-09-19T14:20:00Z', '2025-09-19T14:20:00Z');
INSERT INTO KANBAN_BOARD (ID, NAME, DESCRIPTION, OWNER_ID, CREATED_AT, UPDATED_AT) VALUES ('e3c04aff-9fba-4fee-a965-403e92b0a231', 'Security Hardening', 'Tasks and planning for security hardening.', '10d16b3e-565a-4579-8643-03578e8be901', '2025-09-19T14:30:00Z', '2025-09-19T14:30:00Z');
INSERT INTO KANBAN_BOARD (ID, NAME, DESCRIPTION, OWNER_ID, CREATED_AT, UPDATED_AT) VALUES ('95d701cd-87a7-4e20-947c-4426752d7626', 'Mobile 2.3 Release', 'Tasks and planning for mobile 2.3 release.', 'ea81be69-a79e-406e-9c36-11d10cedf9b2', '2025-09-19T14:40:00Z', '2025-09-19T14:40:00Z');
INSERT INTO KANBAN_BOARD (ID, NAME, DESCRIPTION, OWNER_ID, CREATED_AT, UPDATED_AT) VALUES ('8fbed45f-1a81-4abe-acaf-c32be606b470', 'Docs Catch-up', 'Tasks and planning for docs catch-up.', 'fff673d0-c4be-49fc-8342-6554a25d19ee', '2025-09-19T14:50:00Z', '2025-09-19T14:50:00Z');
INSERT INTO KANBAN_BOARD (ID, NAME, DESCRIPTION, OWNER_ID, CREATED_AT, UPDATED_AT) VALUES ('beb0a9c1-9dfc-4c58-8c5c-c0ed68fdfbeb', 'Payments Integration', 'Tasks and planning for payments integration.', '6fd28d64-d799-49d6-a786-42379b81a92f', '2025-09-19T15:00:00Z', '2025-09-19T15:00:00Z');
INSERT INTO BOARD_COLUMN (ID, BOARD_ID, POSITION_ORDER, NAME, CREATED_AT, UPDATED_AT) VALUES ('4dfce984-170f-47c4-9f67-047ea7e431e9', 'b3c58a4d-76ca-4ce5-8131-2e169379de8c', 0, 'To Do', '2025-09-19T14:10:00Z', '2025-09-19T14:10:00Z');
INSERT INTO BOARD_COLUMN (ID, BOARD_ID, POSITION_ORDER, NAME, CREATED_AT, UPDATED_AT) VALUES ('ece20a41-315e-4c5c-a6e4-8229c88da24a', 'b3c58a4d-76ca-4ce5-8131-2e169379de8c', 1, 'In Progress', '2025-09-19T14:18:00Z', '2025-09-19T14:18:00Z');
INSERT INTO BOARD_COLUMN (ID, BOARD_ID, POSITION_ORDER, NAME, CREATED_AT, UPDATED_AT) VALUES ('c66f8429-bb6c-4378-990a-b1db2cd64125', 'b3c58a4d-76ca-4ce5-8131-2e169379de8c', 2, 'Done', '2025-09-19T14:13:00Z', '2025-09-19T14:13:00Z');
INSERT INTO BOARD_COLUMN (ID, BOARD_ID, POSITION_ORDER, NAME, CREATED_AT, UPDATED_AT) VALUES ('7d8db6bb-c8fa-4db3-a0fb-e2225f7efae0', '93f0285d-5fc2-44f9-9eb1-4eb8f3320879', 0, 'To Do', '2025-09-19T14:44:00Z', '2025-09-19T14:44:00Z');
INSERT INTO BOARD_COLUMN (ID, BOARD_ID, POSITION_ORDER, NAME, CREATED_AT, UPDATED_AT) VALUES ('958c3992-4ad5-41b0-8de7-189f4fad55f2', '93f0285d-5fc2-44f9-9eb1-4eb8f3320879', 1, 'In Progress', '2025-09-19T14:14:00Z', '2025-09-19T14:14:00Z');
INSERT INTO BOARD_COLUMN (ID, BOARD_ID, POSITION_ORDER, NAME, CREATED_AT, UPDATED_AT) VALUES ('4cd1be82-b5cd-41c8-a05b-855466c2c544', '93f0285d-5fc2-44f9-9eb1-4eb8f3320879', 2, 'Done', '2025-09-19T14:31:00Z', '2025-09-19T14:31:00Z');
INSERT INTO BOARD_COLUMN (ID, BOARD_ID, POSITION_ORDER, NAME, CREATED_AT, UPDATED_AT) VALUES ('cdbf2b1a-0582-4147-ac9d-c65ba843b33d', 'f315d190-0158-40f9-a002-7e5507b9ef89', 0, 'To Do', '2025-09-19T14:10:00Z', '2025-09-19T14:10:00Z');
INSERT INTO BOARD_COLUMN (ID, BOARD_ID, POSITION_ORDER, NAME, CREATED_AT, UPDATED_AT) VALUES ('d3005820-38ec-478b-af23-39a3634d19d8', 'f315d190-0158-40f9-a002-7e5507b9ef89', 1, 'In Progress', '2025-09-19T14:07:00Z', '2025-09-19T14:07:00Z');
INSERT INTO BOARD_COLUMN (ID, BOARD_ID, POSITION_ORDER, NAME, CREATED_AT, UPDATED_AT) VALUES ('75ec36f4-9cd1-432d-95a0-e367506d447b', 'f315d190-0158-40f9-a002-7e5507b9ef89', 2, 'Done', '2025-09-19T14:40:00Z', '2025-09-19T14:40:00Z');
INSERT INTO BOARD_COLUMN (ID, BOARD_ID, POSITION_ORDER, NAME, CREATED_AT, UPDATED_AT) VALUES ('4f4ee1e7-2fc0-4ab6-af32-218d2a321de6', 'e3c04aff-9fba-4fee-a965-403e92b0a231', 0, 'To Do', '2025-09-19T14:49:00Z', '2025-09-19T14:49:00Z');
INSERT INTO BOARD_COLUMN (ID, BOARD_ID, POSITION_ORDER, NAME, CREATED_AT, UPDATED_AT) VALUES ('c8d848e8-4f0f-455d-a37b-bec043db9b92', 'e3c04aff-9fba-4fee-a965-403e92b0a231', 1, 'In Progress', '2025-09-19T14:05:00Z', '2025-09-19T14:05:00Z');
INSERT INTO BOARD_COLUMN (ID, BOARD_ID, POSITION_ORDER, NAME, CREATED_AT, UPDATED_AT) VALUES ('8bb83166-ee05-4d99-8e83-28ea158cd2f8', 'e3c04aff-9fba-4fee-a965-403e92b0a231', 2, 'Done', '2025-09-19T14:31:00Z', '2025-09-19T14:31:00Z');
INSERT INTO BOARD_COLUMN (ID, BOARD_ID, POSITION_ORDER, NAME, CREATED_AT, UPDATED_AT) VALUES ('0857c33d-79dc-4b51-8685-0ce907240883', '95d701cd-87a7-4e20-947c-4426752d7626', 0, 'To Do', '2025-09-19T14:50:00Z', '2025-09-19T14:50:00Z');
INSERT INTO BOARD_COLUMN (ID, BOARD_ID, POSITION_ORDER, NAME, CREATED_AT, UPDATED_AT) VALUES ('05698c46-2f38-4f48-8e64-cf4ee8b06080', '95d701cd-87a7-4e20-947c-4426752d7626', 1, 'In Progress', '2025-09-19T14:44:00Z', '2025-09-19T14:44:00Z');
INSERT INTO BOARD_COLUMN (ID, BOARD_ID, POSITION_ORDER, NAME, CREATED_AT, UPDATED_AT) VALUES ('e87a674c-9cde-41d6-88a4-8bb2b1c0e9db', '95d701cd-87a7-4e20-947c-4426752d7626', 2, 'Done', '2025-09-19T14:35:00Z', '2025-09-19T14:35:00Z');
INSERT INTO BOARD_COLUMN (ID, BOARD_ID, POSITION_ORDER, NAME, CREATED_AT, UPDATED_AT) VALUES ('27d5d8ea-c34d-4298-a2c7-43adc88302e3', '8fbed45f-1a81-4abe-acaf-c32be606b470', 0, 'To Do', '2025-09-19T14:50:00Z', '2025-09-19T14:50:00Z');
INSERT INTO BOARD_COLUMN (ID, BOARD_ID, POSITION_ORDER, NAME, CREATED_AT, UPDATED_AT) VALUES ('267a5341-59e3-4c73-9b7b-9340f9f4eef2', '8fbed45f-1a81-4abe-acaf-c32be606b470', 1, 'In Progress', '2025-09-19T14:06:00Z', '2025-09-19T14:06:00Z');
INSERT INTO BOARD_COLUMN (ID, BOARD_ID, POSITION_ORDER, NAME, CREATED_AT, UPDATED_AT) VALUES ('6a9165ed-37cf-4ffc-b97c-f92df2f9c32c', '8fbed45f-1a81-4abe-acaf-c32be606b470', 2, 'Done', '2025-09-19T14:40:00Z', '2025-09-19T14:40:00Z');
INSERT INTO BOARD_COLUMN (ID, BOARD_ID, POSITION_ORDER, NAME, CREATED_AT, UPDATED_AT) VALUES ('d54e842c-741e-440e-8812-f81db904e45e', 'beb0a9c1-9dfc-4c58-8c5c-c0ed68fdfbeb', 0, 'To Do', '2025-09-19T14:20:00Z', '2025-09-19T14:20:00Z');
INSERT INTO BOARD_COLUMN (ID, BOARD_ID, POSITION_ORDER, NAME, CREATED_AT, UPDATED_AT) VALUES ('43b43390-78db-4001-8717-89aabf2e8c5e', 'beb0a9c1-9dfc-4c58-8c5c-c0ed68fdfbeb', 1, 'In Progress', '2025-09-19T14:22:00Z', '2025-09-19T14:22:00Z');
INSERT INTO BOARD_COLUMN (ID, BOARD_ID, POSITION_ORDER, NAME, CREATED_AT, UPDATED_AT) VALUES ('d8ee1c65-328e-42de-80d7-23ed65c3fe1b', 'beb0a9c1-9dfc-4c58-8c5c-c0ed68fdfbeb', 2, 'Done', '2025-09-19T14:06:00Z', '2025-09-19T14:06:00Z');
INSERT INTO CARD_PRIORITY (ID, PRIORITY_KEY, LABEL, SORT_ORDER, COLOR_HEX) VALUES ('b1f3b3d8-3f5b-4b1d-8b01-2b00b0e35798', 'HIGH', 'High', 0, '#ef4444');
INSERT INTO CARD_PRIORITY (ID, PRIORITY_KEY, LABEL, SORT_ORDER, COLOR_HEX) VALUES ('1f0f4b3e-5b1a-4b9e-9b62-1b1a7d6e6d1b', 'MEDIUM', 'Medium', 1, '#f59e0b');
INSERT INTO CARD_PRIORITY (ID, PRIORITY_KEY, LABEL, SORT_ORDER, COLOR_HEX) VALUES ('a2e0c1b0-9b3e-4b8d-8f2c-5b0c9e2d3b2a', 'LOW', 'Low', 2, '#10b981');
INSERT INTO CARD (ID, COLUMN_ID, PRIORITY_ID, TITLE, DESCRIPTION, POSITION_ORDER, CREATED_BY, ARCHIVED, CREATED_AT, UPDATED_AT) VALUES ('a9fb5143-4d4b-43ba-96ee-88a58f3a6464', 'ece20a41-315e-4c5c-a6e4-8229c88da24a', 'a2e0c1b0-9b3e-4b8d-8f2c-5b0c9e2d3b2a', 'Design Database Schema', 'Security flagged an outdated dependency.', 0, '1aa8e23d-6846-4fa4-a252-e28a3ca685f2', FALSE, '2025-09-19T16:22:00Z', '2025-09-19T16:22:00Z');
INSERT INTO CARD (ID, COLUMN_ID, PRIORITY_ID, TITLE, DESCRIPTION, POSITION_ORDER, CREATED_BY, ARCHIVED, CREATED_AT, UPDATED_AT) VALUES ('d4486fee-c6ae-4ca4-b0f0-58611eafb4d1', '4dfce984-170f-47c4-9f67-047ea7e431e9', '1f0f4b3e-5b1a-4b9e-9b62-1b1a7d6e6d1b', 'Add rate limiting', 'K8s rollout paused; investigating health checks.', 1, 'fff673d0-c4be-49fc-8342-6554a25d19ee', FALSE, '2025-09-19T15:54:00Z', '2025-09-19T15:54:00Z');
INSERT INTO CARD (ID, COLUMN_ID, PRIORITY_ID, TITLE, DESCRIPTION, POSITION_ORDER, CREATED_BY, ARCHIVED, CREATED_AT, UPDATED_AT) VALUES ('eb2ecc4e-4ae5-420d-8dee-ebbb0ca368ec', 'c66f8429-bb6c-4378-990a-b1db2cd64125', 'a2e0c1b0-9b3e-4b8d-8f2c-5b0c9e2d3b2a', 'Refactor analytics pipeline', 'Frontend build is 30% faster now.', 2, '1aa8e23d-6846-4fa4-a252-e28a3ca685f2', FALSE, '2025-09-19T16:20:00Z', '2025-09-19T16:20:00Z');
INSERT INTO CARD (ID, COLUMN_ID, PRIORITY_ID, TITLE, DESCRIPTION, POSITION_ORDER, CREATED_BY, ARCHIVED, CREATED_AT, UPDATED_AT) VALUES ('9a50511d-1215-4d20-ab48-8df175efe707', '4dfce984-170f-47c4-9f67-047ea7e431e9', '1f0f4b3e-5b1a-4b9e-9b62-1b1a7d6e6d1b', 'Fix OAuth callback bug', 'Can someone sanity check the SQL?', 3, 'b4582ada-4434-4034-a6e0-3bb5c52fd119', FALSE, '2025-09-19T16:36:00Z', '2025-09-19T16:36:00Z');
INSERT INTO CARD (ID, COLUMN_ID, PRIORITY_ID, TITLE, DESCRIPTION, POSITION_ORDER, CREATED_BY, ARCHIVED, CREATED_AT, UPDATED_AT) VALUES ('afcd0643-0afc-433d-9707-be13a8e60e7c', 'c66f8429-bb6c-4378-990a-b1db2cd64125', 'a2e0c1b0-9b3e-4b8d-8f2c-5b0c9e2d3b2a', 'Set up WebSocket connection', 'Specs updated in the docs folder.', 4, '6fd28d64-d799-49d6-a786-42379b81a92f', FALSE, '2025-09-19T15:41:00Z', '2025-09-19T15:41:00Z');
INSERT INTO CARD (ID, COLUMN_ID, PRIORITY_ID, TITLE, DESCRIPTION, POSITION_ORDER, CREATED_BY, ARCHIVED, CREATED_AT, UPDATED_AT) VALUES ('e1f58d55-ad23-4ba6-b544-31d4c7a4b3ad', 'c66f8429-bb6c-4378-990a-b1db2cd64125', 'b1f3b3d8-3f5b-4b1d-8b01-2b00b0e35798', 'Cache hot endpoints', 'Can someone sanity check the SQL?', 5, '9fd43d24-8c7c-460b-814b-fa56373db5ed', FALSE, '2025-09-19T15:41:00Z', '2025-09-19T15:41:00Z');
INSERT INTO CARD (ID, COLUMN_ID, PRIORITY_ID, TITLE, DESCRIPTION, POSITION_ORDER, CREATED_BY, ARCHIVED, CREATED_AT, UPDATED_AT) VALUES ('fb9c18db-056b-4490-8740-0aab8b7522d0', '4dfce984-170f-47c4-9f67-047ea7e431e9', '1f0f4b3e-5b1a-4b9e-9b62-1b1a7d6e6d1b', 'Cache hot endpoints', 'Reminder to add unit tests for the parser.', 6, '6fd28d64-d799-49d6-a786-42379b81a92f', FALSE, '2025-09-19T15:29:00Z', '2025-09-19T15:29:00Z');
INSERT INTO CARD (ID, COLUMN_ID, PRIORITY_ID, TITLE, DESCRIPTION, POSITION_ORDER, CREATED_BY, ARCHIVED, CREATED_AT, UPDATED_AT) VALUES ('c9f55972-24cb-49a8-8871-35af1f315f97', '4dfce984-170f-47c4-9f67-047ea7e431e9', '1f0f4b3e-5b1a-4b9e-9b62-1b1a7d6e6d1b', 'Cache hot endpoints', 'Design sync moved to 2PM ET.', 7, 'ea81be69-a79e-406e-9c36-11d10cedf9b2', FALSE, '2025-09-19T15:24:00Z', '2025-09-19T15:24:00Z');
INSERT INTO CARD (ID, COLUMN_ID, PRIORITY_ID, TITLE, DESCRIPTION, POSITION_ORDER, CREATED_BY, ARCHIVED, CREATED_AT, UPDATED_AT) VALUES ('52e4f8c2-8ec3-4e02-a0cf-c153cbdbd282', 'ece20a41-315e-4c5c-a6e4-8229c88da24a', '1f0f4b3e-5b1a-4b9e-9b62-1b1a7d6e6d1b', 'Document retry strategy', 'CI is red due to a flaky test, re-running.', 8, '9fd43d24-8c7c-460b-814b-fa56373db5ed', FALSE, '2025-09-19T15:19:00Z', '2025-09-19T15:19:00Z');
INSERT INTO CARD (ID, COLUMN_ID, PRIORITY_ID, TITLE, DESCRIPTION, POSITION_ORDER, CREATED_BY, ARCHIVED, CREATED_AT, UPDATED_AT) VALUES ('eb07f926-c38f-4a13-8a11-ee6f9a97c0a7', '4cd1be82-b5cd-41c8-a05b-855466c2c544', '1f0f4b3e-5b1a-4b9e-9b62-1b1a7d6e6d1b', 'Document retry strategy', 'Type errors resolved in utils.ts.', 0, '0a743332-50d7-41f3-8b6a-a63cec503b96', FALSE, '2025-09-19T15:20:00Z', '2025-09-19T15:20:00Z');
INSERT INTO CARD (ID, COLUMN_ID, PRIORITY_ID, TITLE, DESCRIPTION, POSITION_ORDER, CREATED_BY, ARCHIVED, CREATED_AT, UPDATED_AT) VALUES ('89cc5852-7270-4803-ae14-f1df73bff291', '7d8db6bb-c8fa-4db3-a0fb-e2225f7efae0', '1f0f4b3e-5b1a-4b9e-9b62-1b1a7d6e6d1b', 'Add rate limiting', 'Reminder to add unit tests for the parser.', 1, '9fd43d24-8c7c-460b-814b-fa56373db5ed', FALSE, '2025-09-19T15:13:00Z', '2025-09-19T15:13:00Z');
INSERT INTO CARD (ID, COLUMN_ID, PRIORITY_ID, TITLE, DESCRIPTION, POSITION_ORDER, CREATED_BY, ARCHIVED, CREATED_AT, UPDATED_AT) VALUES ('b0602e05-5b8c-43c1-a4e6-4fd6b67c4bf0', '7d8db6bb-c8fa-4db3-a0fb-e2225f7efae0', 'a2e0c1b0-9b3e-4b8d-8f2c-5b0c9e2d3b2a', 'Add dark mode toggle', 'Can we backport this to the LTS branch?', 2, '2330f28c-71ad-4bd9-be36-b44ee56f6727', FALSE, '2025-09-19T15:19:00Z', '2025-09-19T15:19:00Z');
INSERT INTO CARD (ID, COLUMN_ID, PRIORITY_ID, TITLE, DESCRIPTION, POSITION_ORDER, CREATED_BY, ARCHIVED, CREATED_AT, UPDATED_AT) VALUES ('445459fa-ce86-413a-9817-b9448d13acb1', '7d8db6bb-c8fa-4db3-a0fb-e2225f7efae0', '1f0f4b3e-5b1a-4b9e-9b62-1b1a7d6e6d1b', 'Optimize image loading', 'Security flagged an outdated dependency.', 3, 'fff673d0-c4be-49fc-8342-6554a25d19ee', FALSE, '2025-09-19T15:25:00Z', '2025-09-19T15:25:00Z');
INSERT INTO CARD (ID, COLUMN_ID, PRIORITY_ID, TITLE, DESCRIPTION, POSITION_ORDER, CREATED_BY, ARCHIVED, CREATED_AT, UPDATED_AT) VALUES ('d38408a0-5691-419c-b582-6f50e1fb1e08', '7d8db6bb-c8fa-4db3-a0fb-e2225f7efae0', 'a2e0c1b0-9b3e-4b8d-8f2c-5b0c9e2d3b2a', 'Add dark mode toggle', 'Reminder to add unit tests for the parser.', 4, '2915dd6e-8c44-4355-8f1b-f7c8c8b0f48d', FALSE, '2025-09-19T16:53:00Z', '2025-09-19T16:53:00Z');
INSERT INTO CARD (ID, COLUMN_ID, PRIORITY_ID, TITLE, DESCRIPTION, POSITION_ORDER, CREATED_BY, ARCHIVED, CREATED_AT, UPDATED_AT) VALUES ('8403eca4-5a19-43af-9722-51164514fff8', '958c3992-4ad5-41b0-8de7-189f4fad55f2', '1f0f4b3e-5b1a-4b9e-9b62-1b1a7d6e6d1b', 'Set up WebSocket connection', 'Morning team  standup in 10.', 5, '2330f28c-71ad-4bd9-be36-b44ee56f6727', FALSE, '2025-09-19T16:49:00Z', '2025-09-19T16:49:00Z');
INSERT INTO CARD (ID, COLUMN_ID, PRIORITY_ID, TITLE, DESCRIPTION, POSITION_ORDER, CREATED_BY, ARCHIVED, CREATED_AT, UPDATED_AT) VALUES ('7bf214b0-948a-4bb8-8108-3b7be82b6c34', '958c3992-4ad5-41b0-8de7-189f4fad55f2', 'a2e0c1b0-9b3e-4b8d-8f2c-5b0c9e2d3b2a', 'Migrate to Postgres 15', 'Type errors resolved in utils.ts.', 6, '962f18a5-f888-4886-b93d-a763ff8c9d98', FALSE, '2025-09-19T15:37:00Z', '2025-09-19T15:37:00Z');
INSERT INTO CARD (ID, COLUMN_ID, PRIORITY_ID, TITLE, DESCRIPTION, POSITION_ORDER, CREATED_BY, ARCHIVED, CREATED_AT, UPDATED_AT) VALUES ('f2539690-0557-4023-a5fc-e7f357caf29a', '958c3992-4ad5-41b0-8de7-189f4fad55f2', 'b1f3b3d8-3f5b-4b1d-8b01-2b00b0e35798', 'Fix OAuth callback bug', 'Reminder to add unit tests for the parser.', 7, 'b4582ada-4434-4034-a6e0-3bb5c52fd119', FALSE, '2025-09-19T16:34:00Z', '2025-09-19T16:34:00Z');
INSERT INTO CARD (ID, COLUMN_ID, PRIORITY_ID, TITLE, DESCRIPTION, POSITION_ORDER, CREATED_BY, ARCHIVED, CREATED_AT, UPDATED_AT) VALUES ('89a9a238-17ab-4e6e-8b77-eb152fb57afa', 'cdbf2b1a-0582-4147-ac9d-c65ba843b33d', 'a2e0c1b0-9b3e-4b8d-8f2c-5b0c9e2d3b2a', 'Migrate to Postgres 15', 'Security flagged an outdated dependency.', 0, '7d3e50a8-7831-4589-8676-abfeb06ef3aa', FALSE, '2025-09-19T16:13:00Z', '2025-09-19T16:13:00Z');
INSERT INTO CARD (ID, COLUMN_ID, PRIORITY_ID, TITLE, DESCRIPTION, POSITION_ORDER, CREATED_BY, ARCHIVED, CREATED_AT, UPDATED_AT) VALUES ('2aec3009-3325-41c3-99c2-e9f5239886d7', '75ec36f4-9cd1-432d-95a0-e367506d447b', 'a2e0c1b0-9b3e-4b8d-8f2c-5b0c9e2d3b2a', 'Add audit logging', 'Design sync moved to 2PM ET.', 1, '3ea561d3-a6be-4658-90a7-1267f9a3f31a', FALSE, '2025-09-19T16:32:00Z', '2025-09-19T16:32:00Z');
INSERT INTO CARD (ID, COLUMN_ID, PRIORITY_ID, TITLE, DESCRIPTION, POSITION_ORDER, CREATED_BY, ARCHIVED, CREATED_AT, UPDATED_AT) VALUES ('0802617e-978d-4c03-ba45-e5a7f79fda6e', '75ec36f4-9cd1-432d-95a0-e367506d447b', 'a2e0c1b0-9b3e-4b8d-8f2c-5b0c9e2d3b2a', 'Implement sticky sessions', 'Design sync moved to 2PM ET.', 2, '3ea561d3-a6be-4658-90a7-1267f9a3f31a', FALSE, '2025-09-19T15:23:00Z', '2025-09-19T15:23:00Z');
INSERT INTO CARD (ID, COLUMN_ID, PRIORITY_ID, TITLE, DESCRIPTION, POSITION_ORDER, CREATED_BY, ARCHIVED, CREATED_AT, UPDATED_AT) VALUES ('17bf77a8-0143-4126-86c9-694b3998f4a2', '75ec36f4-9cd1-432d-95a0-e367506d447b', 'b1f3b3d8-3f5b-4b1d-8b01-2b00b0e35798', 'Cache hot endpoints', 'Security flagged an outdated dependency.', 3, 'e5a05139-c46c-41f4-bac0-99d5653e5804', FALSE, '2025-09-19T15:33:00Z', '2025-09-19T15:33:00Z');
INSERT INTO CARD (ID, COLUMN_ID, PRIORITY_ID, TITLE, DESCRIPTION, POSITION_ORDER, CREATED_BY, ARCHIVED, CREATED_AT, UPDATED_AT) VALUES ('d5c07225-00ad-4d89-8c0a-b083ac7ea268', '75ec36f4-9cd1-432d-95a0-e367506d447b', 'a2e0c1b0-9b3e-4b8d-8f2c-5b0c9e2d3b2a', 'Add dark mode toggle', 'Security flagged an outdated dependency.', 4, '927bb721-e8e5-41a7-9a4a-d04201713d45', FALSE, '2025-09-19T16:40:00Z', '2025-09-19T16:40:00Z');
INSERT INTO CARD (ID, COLUMN_ID, PRIORITY_ID, TITLE, DESCRIPTION, POSITION_ORDER, CREATED_BY, ARCHIVED, CREATED_AT, UPDATED_AT) VALUES ('6e91bd79-5a24-4d67-bed0-3c9ef55839e7', 'd3005820-38ec-478b-af23-39a3634d19d8', 'a2e0c1b0-9b3e-4b8d-8f2c-5b0c9e2d3b2a', 'Refactor analytics pipeline', 'Reminder to add unit tests for the parser.', 5, 'b72e8dbf-922e-43ce-ba07-7dbe3eb2ba42', FALSE, '2025-09-19T15:54:00Z', '2025-09-19T15:54:00Z');
INSERT INTO CARD (ID, COLUMN_ID, PRIORITY_ID, TITLE, DESCRIPTION, POSITION_ORDER, CREATED_BY, ARCHIVED, CREATED_AT, UPDATED_AT) VALUES ('341efea2-28f7-4021-916d-fb0b71a6fd04', 'd3005820-38ec-478b-af23-39a3634d19d8', '1f0f4b3e-5b1a-4b9e-9b62-1b1a7d6e6d1b', 'Implement Login Page UI', 'Great job on the demo today!', 6, 'b72e8dbf-922e-43ce-ba07-7dbe3eb2ba42', FALSE, '2025-09-19T15:52:00Z', '2025-09-19T15:52:00Z');
INSERT INTO CARD (ID, COLUMN_ID, PRIORITY_ID, TITLE, DESCRIPTION, POSITION_ORDER, CREATED_BY, ARCHIVED, CREATED_AT, UPDATED_AT) VALUES ('f769e715-28ae-4178-b3b7-d9b6c183bcd5', '75ec36f4-9cd1-432d-95a0-e367506d447b', 'a2e0c1b0-9b3e-4b8d-8f2c-5b0c9e2d3b2a', 'Refactor analytics pipeline', 'Ill take the oncall handoff at 5.', 7, 'a44b01b8-7db1-4291-a75e-dc046ca12372', FALSE, '2025-09-19T15:01:00Z', '2025-09-19T15:01:00Z');
INSERT INTO CARD (ID, COLUMN_ID, PRIORITY_ID, TITLE, DESCRIPTION, POSITION_ORDER, CREATED_BY, ARCHIVED, CREATED_AT, UPDATED_AT) VALUES ('676aae9e-f7f5-4bda-85a1-976ff8d4ff70', 'd3005820-38ec-478b-af23-39a3634d19d8', '1f0f4b3e-5b1a-4b9e-9b62-1b1a7d6e6d1b', 'Add dark mode toggle', 'Pushed a fix to the feature branch.', 8, 'fff673d0-c4be-49fc-8342-6554a25d19ee', FALSE, '2025-09-19T16:09:00Z', '2025-09-19T16:09:00Z');
INSERT INTO CARD (ID, COLUMN_ID, PRIORITY_ID, TITLE, DESCRIPTION, POSITION_ORDER, CREATED_BY, ARCHIVED, CREATED_AT, UPDATED_AT) VALUES ('89af0a42-f504-42ae-8139-e7333f87ab83', '4f4ee1e7-2fc0-4ab6-af32-218d2a321de6', 'a2e0c1b0-9b3e-4b8d-8f2c-5b0c9e2d3b2a', 'Add rate limiting', 'Type errors resolved in utils.ts.', 0, '0a743332-50d7-41f3-8b6a-a63cec503b96', FALSE, '2025-09-19T15:12:00Z', '2025-09-19T15:12:00Z');
INSERT INTO CARD (ID, COLUMN_ID, PRIORITY_ID, TITLE, DESCRIPTION, POSITION_ORDER, CREATED_BY, ARCHIVED, CREATED_AT, UPDATED_AT) VALUES ('4dc1d399-263d-4404-b766-ba94f83a0031', '8bb83166-ee05-4d99-8e83-28ea158cd2f8', '1f0f4b3e-5b1a-4b9e-9b62-1b1a7d6e6d1b', 'Upgrade React & Vite', 'Can we backport this to the LTS branch?', 1, '7d3e50a8-7831-4589-8676-abfeb06ef3aa', FALSE, '2025-09-19T16:00:00Z', '2025-09-19T16:00:00Z');
INSERT INTO CARD (ID, COLUMN_ID, PRIORITY_ID, TITLE, DESCRIPTION, POSITION_ORDER, CREATED_BY, ARCHIVED, CREATED_AT, UPDATED_AT) VALUES ('b6e5d919-941f-47cb-8167-c6d26f1431fc', '8bb83166-ee05-4d99-8e83-28ea158cd2f8', 'b1f3b3d8-3f5b-4b1d-8b01-2b00b0e35798', 'Write integration tests', 'Type errors resolved in utils.ts.', 2, 'e5a05139-c46c-41f4-bac0-99d5653e5804', FALSE, '2025-09-19T15:52:00Z', '2025-09-19T15:52:00Z');
INSERT INTO CARD (ID, COLUMN_ID, PRIORITY_ID, TITLE, DESCRIPTION, POSITION_ORDER, CREATED_BY, ARCHIVED, CREATED_AT, UPDATED_AT) VALUES ('c9e9bbaa-83d2-4a2a-9d23-dad8aa1e2701', '8bb83166-ee05-4d99-8e83-28ea158cd2f8', '1f0f4b3e-5b1a-4b9e-9b62-1b1a7d6e6d1b', 'Add rate limiting', 'Ship it! ', 3, '2330f28c-71ad-4bd9-be36-b44ee56f6727', FALSE, '2025-09-19T16:05:00Z', '2025-09-19T16:05:00Z');
INSERT INTO CARD (ID, COLUMN_ID, PRIORITY_ID, TITLE, DESCRIPTION, POSITION_ORDER, CREATED_BY, ARCHIVED, CREATED_AT, UPDATED_AT) VALUES ('c73275ef-2f63-4b6f-8c82-5cb3b8c11b71', '4f4ee1e7-2fc0-4ab6-af32-218d2a321de6', 'a2e0c1b0-9b3e-4b8d-8f2c-5b0c9e2d3b2a', 'Document retry strategy', 'Specs updated in the docs folder.', 4, '962f18a5-f888-4886-b93d-a763ff8c9d98', FALSE, '2025-09-19T15:07:00Z', '2025-09-19T15:07:00Z');
INSERT INTO CARD (ID, COLUMN_ID, PRIORITY_ID, TITLE, DESCRIPTION, POSITION_ORDER, CREATED_BY, ARCHIVED, CREATED_AT, UPDATED_AT) VALUES ('9334249d-132e-4028-857a-61cb8e381b6d', 'c8d848e8-4f0f-455d-a37b-bec043db9b92', '1f0f4b3e-5b1a-4b9e-9b62-1b1a7d6e6d1b', 'Implement feature flags', 'Frontend build is 30% faster now.', 5, 'e47beacf-c098-4286-b417-3d45c94bd968', FALSE, '2025-09-19T15:01:00Z', '2025-09-19T15:01:00Z');
INSERT INTO CARD (ID, COLUMN_ID, PRIORITY_ID, TITLE, DESCRIPTION, POSITION_ORDER, CREATED_BY, ARCHIVED, CREATED_AT, UPDATED_AT) VALUES ('e60a4766-770a-4092-b3d7-e50cff3ab6ef', '4f4ee1e7-2fc0-4ab6-af32-218d2a321de6', '1f0f4b3e-5b1a-4b9e-9b62-1b1a7d6e6d1b', 'Add audit logging', 'Specs updated in the docs folder.', 6, '6fd28d64-d799-49d6-a786-42379b81a92f', FALSE, '2025-09-19T15:33:00Z', '2025-09-19T15:33:00Z');
INSERT INTO CARD (ID, COLUMN_ID, PRIORITY_ID, TITLE, DESCRIPTION, POSITION_ORDER, CREATED_BY, ARCHIVED, CREATED_AT, UPDATED_AT) VALUES ('e598961e-06f7-47c3-969a-b0fb38f24992', '4f4ee1e7-2fc0-4ab6-af32-218d2a321de6', 'b1f3b3d8-3f5b-4b1d-8b01-2b00b0e35798', 'Optimize image loading', 'Frontend build is 30% faster now.', 7, 'ea81be69-a79e-406e-9c36-11d10cedf9b2', FALSE, '2025-09-19T15:28:00Z', '2025-09-19T15:28:00Z');
INSERT INTO CARD (ID, COLUMN_ID, PRIORITY_ID, TITLE, DESCRIPTION, POSITION_ORDER, CREATED_BY, ARCHIVED, CREATED_AT, UPDATED_AT) VALUES ('84bffdd5-fef6-4457-b951-fc752ebf9c2e', '05698c46-2f38-4f48-8e64-cf4ee8b06080', 'b1f3b3d8-3f5b-4b1d-8b01-2b00b0e35798', 'Refactor analytics pipeline', 'CI is red due to a flaky test, re-running.', 0, 'a8807234-9776-45af-87c6-c67aee3e62d8', FALSE, '2025-09-19T16:39:00Z', '2025-09-19T16:39:00Z');
INSERT INTO CARD (ID, COLUMN_ID, PRIORITY_ID, TITLE, DESCRIPTION, POSITION_ORDER, CREATED_BY, ARCHIVED, CREATED_AT, UPDATED_AT) VALUES ('19108ab0-717b-49f3-b961-e4454aa2e882', '0857c33d-79dc-4b51-8685-0ce907240883', 'a2e0c1b0-9b3e-4b8d-8f2c-5b0c9e2d3b2a', 'Add rate limiting', 'Added metrics for request retries.', 1, '962f18a5-f888-4886-b93d-a763ff8c9d98', FALSE, '2025-09-19T16:11:00Z', '2025-09-19T16:11:00Z');
INSERT INTO CARD (ID, COLUMN_ID, PRIORITY_ID, TITLE, DESCRIPTION, POSITION_ORDER, CREATED_BY, ARCHIVED, CREATED_AT, UPDATED_AT) VALUES ('abaa33d4-25e3-4c9a-a0a6-e183bc633aeb', 'e87a674c-9cde-41d6-88a4-8bb2b1c0e9db', 'b1f3b3d8-3f5b-4b1d-8b01-2b00b0e35798', 'Fix OAuth callback bug', 'Specs updated in the docs folder.', 2, '3ea561d3-a6be-4658-90a7-1267f9a3f31a', FALSE, '2025-09-19T16:21:00Z', '2025-09-19T16:21:00Z');
INSERT INTO CARD (ID, COLUMN_ID, PRIORITY_ID, TITLE, DESCRIPTION, POSITION_ORDER, CREATED_BY, ARCHIVED, CREATED_AT, UPDATED_AT) VALUES ('f5393610-00c4-4ca6-83d6-c64a681d7fff', '05698c46-2f38-4f48-8e64-cf4ee8b06080', '1f0f4b3e-5b1a-4b9e-9b62-1b1a7d6e6d1b', 'Optimize image loading', 'Can someone sanity check the SQL?', 3, '962f18a5-f888-4886-b93d-a763ff8c9d98', FALSE, '2025-09-19T15:16:00Z', '2025-09-19T15:16:00Z');
INSERT INTO CARD (ID, COLUMN_ID, PRIORITY_ID, TITLE, DESCRIPTION, POSITION_ORDER, CREATED_BY, ARCHIVED, CREATED_AT, UPDATED_AT) VALUES ('224532b0-e3da-4e17-8bbb-15af3a312f77', '05698c46-2f38-4f48-8e64-cf4ee8b06080', '1f0f4b3e-5b1a-4b9e-9b62-1b1a7d6e6d1b', 'Migrate to Postgres 15', 'Reminder to add unit tests for the parser.', 4, '7d3e50a8-7831-4589-8676-abfeb06ef3aa', FALSE, '2025-09-19T15:48:00Z', '2025-09-19T15:48:00Z');
INSERT INTO CARD (ID, COLUMN_ID, PRIORITY_ID, TITLE, DESCRIPTION, POSITION_ORDER, CREATED_BY, ARCHIVED, CREATED_AT, UPDATED_AT) VALUES ('5708fb58-f17f-4629-839a-8a55582950fe', 'e87a674c-9cde-41d6-88a4-8bb2b1c0e9db', '1f0f4b3e-5b1a-4b9e-9b62-1b1a7d6e6d1b', 'Add audit logging', 'Ship it! ', 5, '45877c9d-14ba-4ef6-8ce3-2034cec82fd3', FALSE, '2025-09-19T15:00:00Z', '2025-09-19T15:00:00Z');
INSERT INTO CARD (ID, COLUMN_ID, PRIORITY_ID, TITLE, DESCRIPTION, POSITION_ORDER, CREATED_BY, ARCHIVED, CREATED_AT, UPDATED_AT) VALUES ('e3a3d257-f5e1-49c4-b6c7-87f21dc9fc28', 'e87a674c-9cde-41d6-88a4-8bb2b1c0e9db', '1f0f4b3e-5b1a-4b9e-9b62-1b1a7d6e6d1b', 'Write integration tests', 'Design sync moved to 2PM ET.', 6, '962f18a5-f888-4886-b93d-a763ff8c9d98', FALSE, '2025-09-19T15:38:00Z', '2025-09-19T15:38:00Z');
INSERT INTO CARD (ID, COLUMN_ID, PRIORITY_ID, TITLE, DESCRIPTION, POSITION_ORDER, CREATED_BY, ARCHIVED, CREATED_AT, UPDATED_AT) VALUES ('14593787-1a12-4275-8b2b-709d860f3ffc', '05698c46-2f38-4f48-8e64-cf4ee8b06080', '1f0f4b3e-5b1a-4b9e-9b62-1b1a7d6e6d1b', 'Improve 404 page UX', 'Security flagged an outdated dependency.', 7, 'b4582ada-4434-4034-a6e0-3bb5c52fd119', FALSE, '2025-09-19T16:21:00Z', '2025-09-19T16:21:00Z');
INSERT INTO CARD (ID, COLUMN_ID, PRIORITY_ID, TITLE, DESCRIPTION, POSITION_ORDER, CREATED_BY, ARCHIVED, CREATED_AT, UPDATED_AT) VALUES ('4719d8a9-a591-4125-80fc-fc5eff3f11cb', '0857c33d-79dc-4b51-8685-0ce907240883', 'a2e0c1b0-9b3e-4b8d-8f2c-5b0c9e2d3b2a', 'Write integration tests', 'CI is red due to a flaky test, re-running.', 8, 'a8807234-9776-45af-87c6-c67aee3e62d8', FALSE, '2025-09-19T15:38:00Z', '2025-09-19T15:38:00Z');
INSERT INTO CARD (ID, COLUMN_ID, PRIORITY_ID, TITLE, DESCRIPTION, POSITION_ORDER, CREATED_BY, ARCHIVED, CREATED_AT, UPDATED_AT) VALUES ('f1a3772c-2a22-41cb-ad43-20b692be3b02', '27d5d8ea-c34d-4298-a2c7-43adc88302e3', 'b1f3b3d8-3f5b-4b1d-8b01-2b00b0e35798', 'Implement sticky sessions', 'Ill take the oncall handoff at 5.', 0, '65f37860-80c6-4e1e-b1b0-62993c0ca5df', FALSE, '2025-09-19T17:00:00Z', '2025-09-19T17:00:00Z');
INSERT INTO CARD (ID, COLUMN_ID, PRIORITY_ID, TITLE, DESCRIPTION, POSITION_ORDER, CREATED_BY, ARCHIVED, CREATED_AT, UPDATED_AT) VALUES ('1e3da98c-5468-40e7-a8a2-cc576bc7fa39', '27d5d8ea-c34d-4298-a2c7-43adc88302e3', 'a2e0c1b0-9b3e-4b8d-8f2c-5b0c9e2d3b2a', 'Write integration tests', 'Slackbot will post deploy notes.', 1, '68973614-94db-4f98-9729-0712e0c5c0fa', FALSE, '2025-09-19T16:24:00Z', '2025-09-19T16:24:00Z');
INSERT INTO CARD (ID, COLUMN_ID, PRIORITY_ID, TITLE, DESCRIPTION, POSITION_ORDER, CREATED_BY, ARCHIVED, CREATED_AT, UPDATED_AT) VALUES ('3083c5eb-82e1-48c5-bdea-1991c9f7771f', '27d5d8ea-c34d-4298-a2c7-43adc88302e3', 'b1f3b3d8-3f5b-4b1d-8b01-2b00b0e35798', 'Design Database Schema', 'K8s rollout paused; investigating health checks.', 2, 'fff673d0-c4be-49fc-8342-6554a25d19ee', FALSE, '2025-09-19T16:17:00Z', '2025-09-19T16:17:00Z');
INSERT INTO CARD (ID, COLUMN_ID, PRIORITY_ID, TITLE, DESCRIPTION, POSITION_ORDER, CREATED_BY, ARCHIVED, CREATED_AT, UPDATED_AT) VALUES ('2733cd5f-2f59-4658-8993-d008db5809f1', '27d5d8ea-c34d-4298-a2c7-43adc88302e3', 'a2e0c1b0-9b3e-4b8d-8f2c-5b0c9e2d3b2a', 'Fix OAuth callback bug', 'Design sync moved to 2PM ET.', 3, '0c862291-6d43-47fc-8682-ae358658a5e4', FALSE, '2025-09-19T16:39:00Z', '2025-09-19T16:39:00Z');
INSERT INTO CARD (ID, COLUMN_ID, PRIORITY_ID, TITLE, DESCRIPTION, POSITION_ORDER, CREATED_BY, ARCHIVED, CREATED_AT, UPDATED_AT) VALUES ('067eb9bc-dcd1-4009-b8ee-5fb8348b4881', '267a5341-59e3-4c73-9b7b-9340f9f4eef2', '1f0f4b3e-5b1a-4b9e-9b62-1b1a7d6e6d1b', 'Fix OAuth callback bug', 'Can we backport this to the LTS branch?', 4, '1aa8e23d-6846-4fa4-a252-e28a3ca685f2', FALSE, '2025-09-19T15:51:00Z', '2025-09-19T15:51:00Z');
INSERT INTO CARD (ID, COLUMN_ID, PRIORITY_ID, TITLE, DESCRIPTION, POSITION_ORDER, CREATED_BY, ARCHIVED, CREATED_AT, UPDATED_AT) VALUES ('8c0f1f48-51e3-45d2-bd45-639b839c6edd', '6a9165ed-37cf-4ffc-b97c-f92df2f9c32c', 'b1f3b3d8-3f5b-4b1d-8b01-2b00b0e35798', 'Document retry strategy', 'Great job on the demo today!', 5, '65f37860-80c6-4e1e-b1b0-62993c0ca5df', FALSE, '2025-09-19T15:11:00Z', '2025-09-19T15:11:00Z');
INSERT INTO CARD (ID, COLUMN_ID, PRIORITY_ID, TITLE, DESCRIPTION, POSITION_ORDER, CREATED_BY, ARCHIVED, CREATED_AT, UPDATED_AT) VALUES ('40d6aab3-3cd2-4dfb-a058-580faac19c49', '6a9165ed-37cf-4ffc-b97c-f92df2f9c32c', 'a2e0c1b0-9b3e-4b8d-8f2c-5b0c9e2d3b2a', 'Optimize image loading', 'Can we backport this to the LTS branch?', 6, '45877c9d-14ba-4ef6-8ce3-2034cec82fd3', FALSE, '2025-09-19T16:28:00Z', '2025-09-19T16:28:00Z');
INSERT INTO CARD (ID, COLUMN_ID, PRIORITY_ID, TITLE, DESCRIPTION, POSITION_ORDER, CREATED_BY, ARCHIVED, CREATED_AT, UPDATED_AT) VALUES ('13a5259d-fc58-42cb-a008-2d666df4f371', '27d5d8ea-c34d-4298-a2c7-43adc88302e3', 'a2e0c1b0-9b3e-4b8d-8f2c-5b0c9e2d3b2a', 'Design Database Schema', 'DB migration planned for tonights window.', 7, '3ea561d3-a6be-4658-90a7-1267f9a3f31a', FALSE, '2025-09-19T16:52:00Z', '2025-09-19T16:52:00Z');
INSERT INTO CARD (ID, COLUMN_ID, PRIORITY_ID, TITLE, DESCRIPTION, POSITION_ORDER, CREATED_BY, ARCHIVED, CREATED_AT, UPDATED_AT) VALUES ('2b63e773-97b2-4384-aee5-8e8bf72781c8', '27d5d8ea-c34d-4298-a2c7-43adc88302e3', 'a2e0c1b0-9b3e-4b8d-8f2c-5b0c9e2d3b2a', 'Add dark mode toggle', 'Reminder to add unit tests for the parser.', 8, 'dcf7d233-454a-4eab-a1d9-895cbcf73dbd', FALSE, '2025-09-19T15:29:00Z', '2025-09-19T15:29:00Z');
INSERT INTO CARD (ID, COLUMN_ID, PRIORITY_ID, TITLE, DESCRIPTION, POSITION_ORDER, CREATED_BY, ARCHIVED, CREATED_AT, UPDATED_AT) VALUES ('a9a82e26-87af-40c1-afef-622f2e1170cf', '43b43390-78db-4001-8717-89aabf2e8c5e', '1f0f4b3e-5b1a-4b9e-9b62-1b1a7d6e6d1b', 'Upgrade React & Vite', 'Pushed a fix to the feature branch.', 0, '45877c9d-14ba-4ef6-8ce3-2034cec82fd3', FALSE, '2025-09-19T15:59:00Z', '2025-09-19T15:59:00Z');
INSERT INTO CARD (ID, COLUMN_ID, PRIORITY_ID, TITLE, DESCRIPTION, POSITION_ORDER, CREATED_BY, ARCHIVED, CREATED_AT, UPDATED_AT) VALUES ('a427fec4-9509-411d-8df4-161f2ab186ff', 'd54e842c-741e-440e-8812-f81db904e45e', 'a2e0c1b0-9b3e-4b8d-8f2c-5b0c9e2d3b2a', 'Improve 404 page UX', 'Design sync moved to 2PM ET.', 1, '45877c9d-14ba-4ef6-8ce3-2034cec82fd3', FALSE, '2025-09-19T15:21:00Z', '2025-09-19T15:21:00Z');
INSERT INTO CARD (ID, COLUMN_ID, PRIORITY_ID, TITLE, DESCRIPTION, POSITION_ORDER, CREATED_BY, ARCHIVED, CREATED_AT, UPDATED_AT) VALUES ('4a9d710d-6726-484f-97aa-5d38b7ce78a7', 'd8ee1c65-328e-42de-80d7-23ed65c3fe1b', 'a2e0c1b0-9b3e-4b8d-8f2c-5b0c9e2d3b2a', 'Implement Login Page UI', 'Ship it! ', 2, '10d16b3e-565a-4579-8643-03578e8be901', FALSE, '2025-09-19T15:41:00Z', '2025-09-19T15:41:00Z');
INSERT INTO CARD (ID, COLUMN_ID, PRIORITY_ID, TITLE, DESCRIPTION, POSITION_ORDER, CREATED_BY, ARCHIVED, CREATED_AT, UPDATED_AT) VALUES ('a823bfae-1e77-46c3-a419-84f265efcd9b', '43b43390-78db-4001-8717-89aabf2e8c5e', 'a2e0c1b0-9b3e-4b8d-8f2c-5b0c9e2d3b2a', 'Implement sticky sessions', 'Added metrics for request retries.', 3, '3ea561d3-a6be-4658-90a7-1267f9a3f31a', FALSE, '2025-09-19T15:37:00Z', '2025-09-19T15:37:00Z');
INSERT INTO CARD (ID, COLUMN_ID, PRIORITY_ID, TITLE, DESCRIPTION, POSITION_ORDER, CREATED_BY, ARCHIVED, CREATED_AT, UPDATED_AT) VALUES ('dfaf74f3-518c-4a7c-ac48-ae62fe1965a0', '43b43390-78db-4001-8717-89aabf2e8c5e', '1f0f4b3e-5b1a-4b9e-9b62-1b1a7d6e6d1b', 'Add audit logging', 'Security flagged an outdated dependency.', 4, '3ea561d3-a6be-4658-90a7-1267f9a3f31a', FALSE, '2025-09-19T15:09:00Z', '2025-09-19T15:09:00Z');
INSERT INTO CARD (ID, COLUMN_ID, PRIORITY_ID, TITLE, DESCRIPTION, POSITION_ORDER, CREATED_BY, ARCHIVED, CREATED_AT, UPDATED_AT) VALUES ('ddacb8b4-442c-47d9-8627-f58efa0d788c', 'd54e842c-741e-440e-8812-f81db904e45e', 'a2e0c1b0-9b3e-4b8d-8f2c-5b0c9e2d3b2a', 'Write integration tests', 'Morning team  standup in 10.', 5, '68973614-94db-4f98-9729-0712e0c5c0fa', FALSE, '2025-09-19T16:18:00Z', '2025-09-19T16:18:00Z');
INSERT INTO CARD (ID, COLUMN_ID, PRIORITY_ID, TITLE, DESCRIPTION, POSITION_ORDER, CREATED_BY, ARCHIVED, CREATED_AT, UPDATED_AT) VALUES ('7ed4f8c9-256b-4515-956f-96e400bfe708', 'd54e842c-741e-440e-8812-f81db904e45e', 'a2e0c1b0-9b3e-4b8d-8f2c-5b0c9e2d3b2a', 'Add SSO for enterprise', 'Anyone reviewing PR #481?', 6, 'ea81be69-a79e-406e-9c36-11d10cedf9b2', FALSE, '2025-09-19T16:01:00Z', '2025-09-19T16:01:00Z');
INSERT INTO CARD (ID, COLUMN_ID, PRIORITY_ID, TITLE, DESCRIPTION, POSITION_ORDER, CREATED_BY, ARCHIVED, CREATED_AT, UPDATED_AT) VALUES ('3df9d755-da26-43f5-adf8-0aa7cd6e53e6', '43b43390-78db-4001-8717-89aabf2e8c5e', 'b1f3b3d8-3f5b-4b1d-8b01-2b00b0e35798', 'Set up WebSocket connection', 'Can we backport this to the LTS branch?', 7, '7d3e50a8-7831-4589-8676-abfeb06ef3aa', FALSE, '2025-09-19T15:53:00Z', '2025-09-19T15:53:00Z');
INSERT INTO CARD_ASSIGNMENT (ID, CARD_ID, ASSIGNEE_ID, ASSIGNED_AT) VALUES ('7b3cb06e-e340-4f18-aeb0-d3348fab510f', 'a9fb5143-4d4b-43ba-96ee-88a58f3a6464', 'e5a05139-c46c-41f4-bac0-99d5653e5804', '2025-09-19T15:24:00Z');
INSERT INTO CARD_ASSIGNMENT (ID, CARD_ID, ASSIGNEE_ID, ASSIGNED_AT) VALUES ('b09c9286-ac3d-4cda-9c6e-d6e49b43b425', 'd4486fee-c6ae-4ca4-b0f0-58611eafb4d1', 'e5a05139-c46c-41f4-bac0-99d5653e5804', '2025-09-19T17:01:00Z');
INSERT INTO CARD_ASSIGNMENT (ID, CARD_ID, ASSIGNEE_ID, ASSIGNED_AT) VALUES ('916c7b9c-7e8b-4b76-8d02-f9d1ee570a09', 'd4486fee-c6ae-4ca4-b0f0-58611eafb4d1', 'a44b01b8-7db1-4291-a75e-dc046ca12372', '2025-09-19T17:14:00Z');
INSERT INTO CARD_ASSIGNMENT (ID, CARD_ID, ASSIGNEE_ID, ASSIGNED_AT) VALUES ('e05eccd1-c983-429e-93e8-d8f07948a9b6', 'eb2ecc4e-4ae5-420d-8dee-ebbb0ca368ec', '3be336ff-fa43-4f51-baab-0f05457184ef', '2025-09-19T16:51:00Z');
INSERT INTO CARD_ASSIGNMENT (ID, CARD_ID, ASSIGNEE_ID, ASSIGNED_AT) VALUES ('587dc74c-b3ed-4c30-869c-3906bba694f3', '9a50511d-1215-4d20-ab48-8df175efe707', 'dcf7d233-454a-4eab-a1d9-895cbcf73dbd', '2025-09-19T16:04:00Z');
INSERT INTO CARD_ASSIGNMENT (ID, CARD_ID, ASSIGNEE_ID, ASSIGNED_AT) VALUES ('d87467e3-014e-4fa9-b9b0-00aea0322a4e', '9a50511d-1215-4d20-ab48-8df175efe707', '4391c62b-ac08-4b9a-8330-286f29a96afd', '2025-09-19T15:13:00Z');
INSERT INTO CARD_ASSIGNMENT (ID, CARD_ID, ASSIGNEE_ID, ASSIGNED_AT) VALUES ('6b80e709-a64f-41fa-a179-75aca91daca4', 'afcd0643-0afc-433d-9707-be13a8e60e7c', '3be336ff-fa43-4f51-baab-0f05457184ef', '2025-09-19T16:30:00Z');
INSERT INTO CARD_ASSIGNMENT (ID, CARD_ID, ASSIGNEE_ID, ASSIGNED_AT) VALUES ('31c25028-be54-489f-9d5d-384a7ea711a8', 'afcd0643-0afc-433d-9707-be13a8e60e7c', '10d16b3e-565a-4579-8643-03578e8be901', '2025-09-19T17:06:00Z');
INSERT INTO CARD_ASSIGNMENT (ID, CARD_ID, ASSIGNEE_ID, ASSIGNED_AT) VALUES ('01b0fa39-71bc-4f28-bf60-0cb65117bf2d', 'e1f58d55-ad23-4ba6-b544-31d4c7a4b3ad', 'e5a05139-c46c-41f4-bac0-99d5653e5804', '2025-09-19T17:08:00Z');
INSERT INTO CARD_ASSIGNMENT (ID, CARD_ID, ASSIGNEE_ID, ASSIGNED_AT) VALUES ('33ae6f5a-1de6-4028-a09f-37059cdf6079', 'e1f58d55-ad23-4ba6-b544-31d4c7a4b3ad', 'fff673d0-c4be-49fc-8342-6554a25d19ee', '2025-09-19T17:09:00Z');
INSERT INTO CARD_ASSIGNMENT (ID, CARD_ID, ASSIGNEE_ID, ASSIGNED_AT) VALUES ('5cfe4ef3-5c1a-4fdb-9414-d32659fdea30', 'fb9c18db-056b-4490-8740-0aab8b7522d0', '2915dd6e-8c44-4355-8f1b-f7c8c8b0f48d', '2025-09-19T17:06:00Z');
INSERT INTO CARD_ASSIGNMENT (ID, CARD_ID, ASSIGNEE_ID, ASSIGNED_AT) VALUES ('8ffcf70a-c384-4540-bc3e-9705f02416ff', 'fb9c18db-056b-4490-8740-0aab8b7522d0', '65f37860-80c6-4e1e-b1b0-62993c0ca5df', '2025-09-19T15:30:00Z');
INSERT INTO CARD_ASSIGNMENT (ID, CARD_ID, ASSIGNEE_ID, ASSIGNED_AT) VALUES ('0c7af267-25e0-4239-8390-04252b52febb', 'c9f55972-24cb-49a8-8871-35af1f315f97', '2915dd6e-8c44-4355-8f1b-f7c8c8b0f48d', '2025-09-19T16:21:00Z');
INSERT INTO CARD_ASSIGNMENT (ID, CARD_ID, ASSIGNEE_ID, ASSIGNED_AT) VALUES ('e3b3694a-f87f-4562-8b6c-92530fcbec3b', 'c9f55972-24cb-49a8-8871-35af1f315f97', '7d3e50a8-7831-4589-8676-abfeb06ef3aa', '2025-09-19T16:16:00Z');
INSERT INTO CARD_ASSIGNMENT (ID, CARD_ID, ASSIGNEE_ID, ASSIGNED_AT) VALUES ('9dbb15df-242e-4ead-a4b0-6b66136297fe', '52e4f8c2-8ec3-4e02-a0cf-c153cbdbd282', '6fd28d64-d799-49d6-a786-42379b81a92f', '2025-09-19T15:22:00Z');
INSERT INTO CARD_ASSIGNMENT (ID, CARD_ID, ASSIGNEE_ID, ASSIGNED_AT) VALUES ('d6996270-7340-4b44-a887-9e0ebd28bba0', 'eb07f926-c38f-4a13-8a11-ee6f9a97c0a7', '2330f28c-71ad-4bd9-be36-b44ee56f6727', '2025-09-19T17:21:00Z');
INSERT INTO CARD_ASSIGNMENT (ID, CARD_ID, ASSIGNEE_ID, ASSIGNED_AT) VALUES ('e864c2fb-66e1-41b8-a832-439710ca379d', '89cc5852-7270-4803-ae14-f1df73bff291', '4391c62b-ac08-4b9a-8330-286f29a96afd', '2025-09-19T17:26:00Z');
INSERT INTO CARD_ASSIGNMENT (ID, CARD_ID, ASSIGNEE_ID, ASSIGNED_AT) VALUES ('4c2c74b2-180c-47fc-8e26-1022181d75b4', '89cc5852-7270-4803-ae14-f1df73bff291', 'e47beacf-c098-4286-b417-3d45c94bd968', '2025-09-19T16:42:00Z');
INSERT INTO CARD_ASSIGNMENT (ID, CARD_ID, ASSIGNEE_ID, ASSIGNED_AT) VALUES ('a9cd1f3c-4c3a-4d3f-96ae-77475abda3c7', 'b0602e05-5b8c-43c1-a4e6-4fd6b67c4bf0', '0d9d27d6-8977-46d8-b00a-2464a932aafe', '2025-09-19T15:01:00Z');
INSERT INTO CARD_ASSIGNMENT (ID, CARD_ID, ASSIGNEE_ID, ASSIGNED_AT) VALUES ('4da42010-f8a2-4b16-a2b0-3326590f3522', 'b0602e05-5b8c-43c1-a4e6-4fd6b67c4bf0', 'e47beacf-c098-4286-b417-3d45c94bd968', '2025-09-19T15:48:00Z');
INSERT INTO CARD_ASSIGNMENT (ID, CARD_ID, ASSIGNEE_ID, ASSIGNED_AT) VALUES ('62b35855-7c29-4c09-aeb7-0bb949c58917', '445459fa-ce86-413a-9817-b9448d13acb1', 'b4582ada-4434-4034-a6e0-3bb5c52fd119', '2025-09-19T15:15:00Z');
INSERT INTO CARD_ASSIGNMENT (ID, CARD_ID, ASSIGNEE_ID, ASSIGNED_AT) VALUES ('0b35719d-6239-493f-8d9f-f083e58a5adb', '445459fa-ce86-413a-9817-b9448d13acb1', '65f37860-80c6-4e1e-b1b0-62993c0ca5df', '2025-09-19T17:08:00Z');
INSERT INTO CARD_ASSIGNMENT (ID, CARD_ID, ASSIGNEE_ID, ASSIGNED_AT) VALUES ('59993580-ab85-4c37-9c24-6ad7ec8ca65f', 'd38408a0-5691-419c-b582-6f50e1fb1e08', 'b4582ada-4434-4034-a6e0-3bb5c52fd119', '2025-09-19T15:37:00Z');
INSERT INTO CARD_ASSIGNMENT (ID, CARD_ID, ASSIGNEE_ID, ASSIGNED_AT) VALUES ('e19989b6-ce54-4f94-bf22-e51aa6ed35af', 'd38408a0-5691-419c-b582-6f50e1fb1e08', '962f18a5-f888-4886-b93d-a763ff8c9d98', '2025-09-19T17:32:00Z');
INSERT INTO CARD_ASSIGNMENT (ID, CARD_ID, ASSIGNEE_ID, ASSIGNED_AT) VALUES ('da4be732-dc90-4244-9f43-9f3ba5f094a9', '8403eca4-5a19-43af-9722-51164514fff8', '2915dd6e-8c44-4355-8f1b-f7c8c8b0f48d', '2025-09-19T15:10:00Z');
INSERT INTO CARD_ASSIGNMENT (ID, CARD_ID, ASSIGNEE_ID, ASSIGNED_AT) VALUES ('094aa1b7-96c2-4234-91c2-b156cf313b91', '7bf214b0-948a-4bb8-8108-3b7be82b6c34', '962f18a5-f888-4886-b93d-a763ff8c9d98', '2025-09-19T15:44:00Z');
INSERT INTO CARD_ASSIGNMENT (ID, CARD_ID, ASSIGNEE_ID, ASSIGNED_AT) VALUES ('899d7f8b-b901-4264-a1ff-1a01fad41be9', '7bf214b0-948a-4bb8-8108-3b7be82b6c34', '0d9d27d6-8977-46d8-b00a-2464a932aafe', '2025-09-19T15:46:00Z');
INSERT INTO CARD_ASSIGNMENT (ID, CARD_ID, ASSIGNEE_ID, ASSIGNED_AT) VALUES ('23126d36-c56c-4b1a-a4bc-f6ee14edd875', 'f2539690-0557-4023-a5fc-e7f357caf29a', 'dcf7d233-454a-4eab-a1d9-895cbcf73dbd', '2025-09-19T15:25:00Z');
INSERT INTO CARD_ASSIGNMENT (ID, CARD_ID, ASSIGNEE_ID, ASSIGNED_AT) VALUES ('f1f4a3eb-0f0a-4aaf-bbea-43c90a87efe0', '89a9a238-17ab-4e6e-8b77-eb152fb57afa', '0a743332-50d7-41f3-8b6a-a63cec503b96', '2025-09-19T15:35:00Z');
INSERT INTO CARD_ASSIGNMENT (ID, CARD_ID, ASSIGNEE_ID, ASSIGNED_AT) VALUES ('f737ae92-c659-4fde-bb02-99059eb1e0d5', '2aec3009-3325-41c3-99c2-e9f5239886d7', '4391c62b-ac08-4b9a-8330-286f29a96afd', '2025-09-19T16:06:00Z');
INSERT INTO CARD_ASSIGNMENT (ID, CARD_ID, ASSIGNEE_ID, ASSIGNED_AT) VALUES ('4317bb63-83c9-49da-aa23-c3048be6069b', '2aec3009-3325-41c3-99c2-e9f5239886d7', 'b72e8dbf-922e-43ce-ba07-7dbe3eb2ba42', '2025-09-19T16:17:00Z');
INSERT INTO CARD_ASSIGNMENT (ID, CARD_ID, ASSIGNEE_ID, ASSIGNED_AT) VALUES ('a67ab1cd-6510-417d-85ec-79ed288719fb', '0802617e-978d-4c03-ba45-e5a7f79fda6e', 'dcf7d233-454a-4eab-a1d9-895cbcf73dbd', '2025-09-19T15:08:00Z');
INSERT INTO CARD_ASSIGNMENT (ID, CARD_ID, ASSIGNEE_ID, ASSIGNED_AT) VALUES ('d5d59fc0-931b-41f0-9162-290978d49d54', '17bf77a8-0143-4126-86c9-694b3998f4a2', '68973614-94db-4f98-9729-0712e0c5c0fa', '2025-09-19T16:50:00Z');
INSERT INTO CARD_ASSIGNMENT (ID, CARD_ID, ASSIGNEE_ID, ASSIGNED_AT) VALUES ('73dba817-b381-4056-b416-3c6188a1372e', '17bf77a8-0143-4126-86c9-694b3998f4a2', '6fd28d64-d799-49d6-a786-42379b81a92f', '2025-09-19T17:28:00Z');
INSERT INTO CARD_ASSIGNMENT (ID, CARD_ID, ASSIGNEE_ID, ASSIGNED_AT) VALUES ('71a8e7ce-50a7-4a10-8f03-634b88f34c85', 'd5c07225-00ad-4d89-8c0a-b083ac7ea268', '45877c9d-14ba-4ef6-8ce3-2034cec82fd3', '2025-09-19T17:25:00Z');
INSERT INTO CARD_ASSIGNMENT (ID, CARD_ID, ASSIGNEE_ID, ASSIGNED_AT) VALUES ('c5653645-8947-44f6-8493-f12403a4ef79', '6e91bd79-5a24-4d67-bed0-3c9ef55839e7', '10d16b3e-565a-4579-8643-03578e8be901', '2025-09-19T15:30:00Z');
INSERT INTO CARD_ASSIGNMENT (ID, CARD_ID, ASSIGNEE_ID, ASSIGNED_AT) VALUES ('c027d1b7-0044-4038-ba82-31831763098c', '341efea2-28f7-4021-916d-fb0b71a6fd04', '6fd28d64-d799-49d6-a786-42379b81a92f', '2025-09-19T16:43:00Z');
INSERT INTO CARD_ASSIGNMENT (ID, CARD_ID, ASSIGNEE_ID, ASSIGNED_AT) VALUES ('5790c378-a422-46b1-a0f3-750972b7dbe5', '341efea2-28f7-4021-916d-fb0b71a6fd04', '11e73f2c-8c74-4a46-be69-276e0ca4b092', '2025-09-19T15:17:00Z');
INSERT INTO CARD_ASSIGNMENT (ID, CARD_ID, ASSIGNEE_ID, ASSIGNED_AT) VALUES ('fc4ada38-0412-468c-86e7-7eaba0629216', 'f769e715-28ae-4178-b3b7-d9b6c183bcd5', '3ea561d3-a6be-4658-90a7-1267f9a3f31a', '2025-09-19T16:39:00Z');
INSERT INTO CARD_ASSIGNMENT (ID, CARD_ID, ASSIGNEE_ID, ASSIGNED_AT) VALUES ('13652985-84b4-48d0-beed-1e53b1bd7215', '676aae9e-f7f5-4bda-85a1-976ff8d4ff70', '45877c9d-14ba-4ef6-8ce3-2034cec82fd3', '2025-09-19T16:45:00Z');
INSERT INTO CARD_ASSIGNMENT (ID, CARD_ID, ASSIGNEE_ID, ASSIGNED_AT) VALUES ('d2406feb-5783-4478-9439-ee10d53f090c', '89af0a42-f504-42ae-8139-e7333f87ab83', 'ae2d64e5-d825-49fc-91bb-f530be88ca84', '2025-09-19T17:00:00Z');
INSERT INTO CARD_ASSIGNMENT (ID, CARD_ID, ASSIGNEE_ID, ASSIGNED_AT) VALUES ('dc782f6e-9ba4-4270-a8e1-668f4a808828', '4dc1d399-263d-4404-b766-ba94f83a0031', '1aa8e23d-6846-4fa4-a252-e28a3ca685f2', '2025-09-19T15:38:00Z');
INSERT INTO CARD_ASSIGNMENT (ID, CARD_ID, ASSIGNEE_ID, ASSIGNED_AT) VALUES ('2f64dd3c-d0e4-4c5b-b2ba-f1c110e5dbfe', 'b6e5d919-941f-47cb-8167-c6d26f1431fc', 'dcf7d233-454a-4eab-a1d9-895cbcf73dbd', '2025-09-19T15:01:00Z');
INSERT INTO CARD_ASSIGNMENT (ID, CARD_ID, ASSIGNEE_ID, ASSIGNED_AT) VALUES ('a58bfb1f-1317-4ab8-a53b-a81ae6df3646', 'c9e9bbaa-83d2-4a2a-9d23-dad8aa1e2701', '3ea561d3-a6be-4658-90a7-1267f9a3f31a', '2025-09-19T15:31:00Z');
INSERT INTO CARD_ASSIGNMENT (ID, CARD_ID, ASSIGNEE_ID, ASSIGNED_AT) VALUES ('e3363641-7fba-40ff-964f-58545b17c3fe', 'c73275ef-2f63-4b6f-8c82-5cb3b8c11b71', '2915dd6e-8c44-4355-8f1b-f7c8c8b0f48d', '2025-09-19T15:31:00Z');
INSERT INTO CARD_ASSIGNMENT (ID, CARD_ID, ASSIGNEE_ID, ASSIGNED_AT) VALUES ('62373e97-3d9c-4eeb-b5c7-2e65bca22546', '9334249d-132e-4028-857a-61cb8e381b6d', '45877c9d-14ba-4ef6-8ce3-2034cec82fd3', '2025-09-19T15:04:00Z');
INSERT INTO CARD_ASSIGNMENT (ID, CARD_ID, ASSIGNEE_ID, ASSIGNED_AT) VALUES ('984f2ad6-b2bb-4577-948c-02713fbb13b7', 'e60a4766-770a-4092-b3d7-e50cff3ab6ef', '9fd43d24-8c7c-460b-814b-fa56373db5ed', '2025-09-19T17:25:00Z');
INSERT INTO CARD_ASSIGNMENT (ID, CARD_ID, ASSIGNEE_ID, ASSIGNED_AT) VALUES ('b78620e1-25b6-4f63-8c77-96f7c707d3b6', 'e60a4766-770a-4092-b3d7-e50cff3ab6ef', '927bb721-e8e5-41a7-9a4a-d04201713d45', '2025-09-19T16:55:00Z');
INSERT INTO CARD_ASSIGNMENT (ID, CARD_ID, ASSIGNEE_ID, ASSIGNED_AT) VALUES ('3eece3ee-9571-49c6-85cc-a830b826e599', 'e598961e-06f7-47c3-969a-b0fb38f24992', 'a8807234-9776-45af-87c6-c67aee3e62d8', '2025-09-19T15:12:00Z');
INSERT INTO CARD_ASSIGNMENT (ID, CARD_ID, ASSIGNEE_ID, ASSIGNED_AT) VALUES ('00d2edd2-e074-424c-a389-391f4185b391', '84bffdd5-fef6-4457-b951-fc752ebf9c2e', 'a44b01b8-7db1-4291-a75e-dc046ca12372', '2025-09-19T15:37:00Z');
INSERT INTO CARD_ASSIGNMENT (ID, CARD_ID, ASSIGNEE_ID, ASSIGNED_AT) VALUES ('561c13f4-85cc-40e1-907b-8479dd9a798c', '84bffdd5-fef6-4457-b951-fc752ebf9c2e', '9fd43d24-8c7c-460b-814b-fa56373db5ed', '2025-09-19T15:21:00Z');
INSERT INTO CARD_ASSIGNMENT (ID, CARD_ID, ASSIGNEE_ID, ASSIGNED_AT) VALUES ('a2fd88fc-4ae2-40d8-95d4-fd21bbc029b8', '19108ab0-717b-49f3-b961-e4454aa2e882', '962f18a5-f888-4886-b93d-a763ff8c9d98', '2025-09-19T17:22:00Z');
INSERT INTO CARD_ASSIGNMENT (ID, CARD_ID, ASSIGNEE_ID, ASSIGNED_AT) VALUES ('6079ddb9-860e-41b9-953e-f1d68565a069', '19108ab0-717b-49f3-b961-e4454aa2e882', '7d3e50a8-7831-4589-8676-abfeb06ef3aa', '2025-09-19T17:07:00Z');
INSERT INTO CARD_ASSIGNMENT (ID, CARD_ID, ASSIGNEE_ID, ASSIGNED_AT) VALUES ('bfb15f27-a24d-42c5-8105-d9945dfb7c45', 'abaa33d4-25e3-4c9a-a0a6-e183bc633aeb', '3ea561d3-a6be-4658-90a7-1267f9a3f31a', '2025-09-19T16:05:00Z');
INSERT INTO CARD_ASSIGNMENT (ID, CARD_ID, ASSIGNEE_ID, ASSIGNED_AT) VALUES ('b2b52a32-3dce-471a-84c9-99f5037f99fc', 'abaa33d4-25e3-4c9a-a0a6-e183bc633aeb', 'a8807234-9776-45af-87c6-c67aee3e62d8', '2025-09-19T15:13:00Z');
INSERT INTO CARD_ASSIGNMENT (ID, CARD_ID, ASSIGNEE_ID, ASSIGNED_AT) VALUES ('a3199d31-0813-470f-b131-a8cd00d336e3', 'f5393610-00c4-4ca6-83d6-c64a681d7fff', '68973614-94db-4f98-9729-0712e0c5c0fa', '2025-09-19T15:15:00Z');
INSERT INTO CARD_ASSIGNMENT (ID, CARD_ID, ASSIGNEE_ID, ASSIGNED_AT) VALUES ('e4c80815-8f1b-4147-ba40-1668d99e6cbe', '224532b0-e3da-4e17-8bbb-15af3a312f77', '1aa8e23d-6846-4fa4-a252-e28a3ca685f2', '2025-09-19T17:38:00Z');
INSERT INTO CARD_ASSIGNMENT (ID, CARD_ID, ASSIGNEE_ID, ASSIGNED_AT) VALUES ('5a417ce3-da01-4599-9f0c-a06e6626c6e0', '5708fb58-f17f-4629-839a-8a55582950fe', '2330f28c-71ad-4bd9-be36-b44ee56f6727', '2025-09-19T16:19:00Z');
INSERT INTO CARD_ASSIGNMENT (ID, CARD_ID, ASSIGNEE_ID, ASSIGNED_AT) VALUES ('294c3f1d-78d4-4210-bcff-413293d2f52c', 'e3a3d257-f5e1-49c4-b6c7-87f21dc9fc28', '9fd43d24-8c7c-460b-814b-fa56373db5ed', '2025-09-19T17:33:00Z');
INSERT INTO CARD_ASSIGNMENT (ID, CARD_ID, ASSIGNEE_ID, ASSIGNED_AT) VALUES ('a3670a64-6897-4f2e-bdf5-df791b7940cd', 'e3a3d257-f5e1-49c4-b6c7-87f21dc9fc28', '0c862291-6d43-47fc-8682-ae358658a5e4', '2025-09-19T17:04:00Z');
INSERT INTO CARD_ASSIGNMENT (ID, CARD_ID, ASSIGNEE_ID, ASSIGNED_AT) VALUES ('a3eea69d-4c95-48a8-bb7b-095b9803d712', '14593787-1a12-4275-8b2b-709d860f3ffc', 'e5a05139-c46c-41f4-bac0-99d5653e5804', '2025-09-19T16:34:00Z');
INSERT INTO CARD_ASSIGNMENT (ID, CARD_ID, ASSIGNEE_ID, ASSIGNED_AT) VALUES ('6ace502d-224f-4acf-8fa1-e9a2d23da84a', '4719d8a9-a591-4125-80fc-fc5eff3f11cb', '45877c9d-14ba-4ef6-8ce3-2034cec82fd3', '2025-09-19T15:42:00Z');
INSERT INTO CARD_ASSIGNMENT (ID, CARD_ID, ASSIGNEE_ID, ASSIGNED_AT) VALUES ('5aa798c3-d5b8-4d0f-bd8d-91662f0a8f71', '4719d8a9-a591-4125-80fc-fc5eff3f11cb', 'cc58e483-1807-4ab2-83ce-fb2336da1cfd', '2025-09-19T15:29:00Z');
INSERT INTO CARD_ASSIGNMENT (ID, CARD_ID, ASSIGNEE_ID, ASSIGNED_AT) VALUES ('de6a7460-1c15-4ed6-8ca7-af3b2d4970c3', 'f1a3772c-2a22-41cb-ad43-20b692be3b02', '962f18a5-f888-4886-b93d-a763ff8c9d98', '2025-09-19T15:41:00Z');
INSERT INTO CARD_ASSIGNMENT (ID, CARD_ID, ASSIGNEE_ID, ASSIGNED_AT) VALUES ('b3b3ef61-5b24-427a-ae07-bc0a88c9a16b', '1e3da98c-5468-40e7-a8a2-cc576bc7fa39', '2330f28c-71ad-4bd9-be36-b44ee56f6727', '2025-09-19T16:55:00Z');
INSERT INTO CARD_ASSIGNMENT (ID, CARD_ID, ASSIGNEE_ID, ASSIGNED_AT) VALUES ('dab5f645-070a-47d3-b221-8a2cdb24b3ba', '1e3da98c-5468-40e7-a8a2-cc576bc7fa39', 'fff673d0-c4be-49fc-8342-6554a25d19ee', '2025-09-19T17:25:00Z');
INSERT INTO CARD_ASSIGNMENT (ID, CARD_ID, ASSIGNEE_ID, ASSIGNED_AT) VALUES ('1a0bd3da-7f7d-490e-8eca-ffaff3e93b03', '3083c5eb-82e1-48c5-bdea-1991c9f7771f', '3be336ff-fa43-4f51-baab-0f05457184ef', '2025-09-19T16:11:00Z');
INSERT INTO CARD_ASSIGNMENT (ID, CARD_ID, ASSIGNEE_ID, ASSIGNED_AT) VALUES ('40fe06d4-c02b-4b05-9fbc-4c7241e57a5c', '3083c5eb-82e1-48c5-bdea-1991c9f7771f', 'e47beacf-c098-4286-b417-3d45c94bd968', '2025-09-19T17:39:00Z');
INSERT INTO CARD_ASSIGNMENT (ID, CARD_ID, ASSIGNEE_ID, ASSIGNED_AT) VALUES ('4e61e198-65d3-4eb1-9cb2-2d3e50f20cd1', '2733cd5f-2f59-4658-8993-d008db5809f1', 'b72e8dbf-922e-43ce-ba07-7dbe3eb2ba42', '2025-09-19T17:35:00Z');
INSERT INTO CARD_ASSIGNMENT (ID, CARD_ID, ASSIGNEE_ID, ASSIGNED_AT) VALUES ('d2b7ab80-c7b8-4516-a7e2-33df40277140', '2733cd5f-2f59-4658-8993-d008db5809f1', '9fd43d24-8c7c-460b-814b-fa56373db5ed', '2025-09-19T15:03:00Z');
INSERT INTO CARD_ASSIGNMENT (ID, CARD_ID, ASSIGNEE_ID, ASSIGNED_AT) VALUES ('6e4ca89e-d60e-49a7-830e-e533881b9a90', '067eb9bc-dcd1-4009-b8ee-5fb8348b4881', 'b4582ada-4434-4034-a6e0-3bb5c52fd119', '2025-09-19T16:19:00Z');
INSERT INTO CARD_ASSIGNMENT (ID, CARD_ID, ASSIGNEE_ID, ASSIGNED_AT) VALUES ('3742db55-6426-42ec-9be9-2ea82c371982', '8c0f1f48-51e3-45d2-bd45-639b839c6edd', '1aa8e23d-6846-4fa4-a252-e28a3ca685f2', '2025-09-19T16:03:00Z');
INSERT INTO CARD_ASSIGNMENT (ID, CARD_ID, ASSIGNEE_ID, ASSIGNED_AT) VALUES ('ce0fcae7-db11-4279-ad0d-5c2e597a7d09', '8c0f1f48-51e3-45d2-bd45-639b839c6edd', '2330f28c-71ad-4bd9-be36-b44ee56f6727', '2025-09-19T16:39:00Z');
INSERT INTO CARD_ASSIGNMENT (ID, CARD_ID, ASSIGNEE_ID, ASSIGNED_AT) VALUES ('f185cc4e-d575-48a9-a660-6007e0a53b59', '40d6aab3-3cd2-4dfb-a058-580faac19c49', 'b4582ada-4434-4034-a6e0-3bb5c52fd119', '2025-09-19T15:59:00Z');
INSERT INTO CARD_ASSIGNMENT (ID, CARD_ID, ASSIGNEE_ID, ASSIGNED_AT) VALUES ('243ed090-5cfb-4025-9e2a-04f76a41ca9a', '40d6aab3-3cd2-4dfb-a058-580faac19c49', '65f37860-80c6-4e1e-b1b0-62993c0ca5df', '2025-09-19T16:55:00Z');
INSERT INTO CARD_ASSIGNMENT (ID, CARD_ID, ASSIGNEE_ID, ASSIGNED_AT) VALUES ('b33a85fb-1cd2-493a-9278-7f070e467723', '13a5259d-fc58-42cb-a008-2d666df4f371', '7d3e50a8-7831-4589-8676-abfeb06ef3aa', '2025-09-19T15:00:00Z');
INSERT INTO CARD_ASSIGNMENT (ID, CARD_ID, ASSIGNEE_ID, ASSIGNED_AT) VALUES ('9386610c-8d66-4677-aba6-66b70b060935', '13a5259d-fc58-42cb-a008-2d666df4f371', 'e5a05139-c46c-41f4-bac0-99d5653e5804', '2025-09-19T16:07:00Z');
INSERT INTO CARD_ASSIGNMENT (ID, CARD_ID, ASSIGNEE_ID, ASSIGNED_AT) VALUES ('3ae774d2-8302-40eb-830b-c73fbbcde529', '2b63e773-97b2-4384-aee5-8e8bf72781c8', 'dcf7d233-454a-4eab-a1d9-895cbcf73dbd', '2025-09-19T15:40:00Z');
INSERT INTO CARD_ASSIGNMENT (ID, CARD_ID, ASSIGNEE_ID, ASSIGNED_AT) VALUES ('f60df89d-6694-41f8-b376-53c50c501883', '2b63e773-97b2-4384-aee5-8e8bf72781c8', '6fd28d64-d799-49d6-a786-42379b81a92f', '2025-09-19T15:10:00Z');
INSERT INTO CARD_ASSIGNMENT (ID, CARD_ID, ASSIGNEE_ID, ASSIGNED_AT) VALUES ('bef98a56-95a8-4c5a-a50e-39a8ca69f202', 'a9a82e26-87af-40c1-afef-622f2e1170cf', '10d16b3e-565a-4579-8643-03578e8be901', '2025-09-19T15:36:00Z');
INSERT INTO CARD_ASSIGNMENT (ID, CARD_ID, ASSIGNEE_ID, ASSIGNED_AT) VALUES ('813c8202-51c3-4f94-ba5b-b05cb8c1e82b', 'a9a82e26-87af-40c1-afef-622f2e1170cf', '65f37860-80c6-4e1e-b1b0-62993c0ca5df', '2025-09-19T17:26:00Z');
INSERT INTO CARD_ASSIGNMENT (ID, CARD_ID, ASSIGNEE_ID, ASSIGNED_AT) VALUES ('04652a5f-0794-4b43-8b17-6d9f701f6955', 'a427fec4-9509-411d-8df4-161f2ab186ff', 'fff673d0-c4be-49fc-8342-6554a25d19ee', '2025-09-19T17:20:00Z');
INSERT INTO CARD_ASSIGNMENT (ID, CARD_ID, ASSIGNEE_ID, ASSIGNED_AT) VALUES ('870b4661-7546-4761-b5f5-4529bf6986b5', '4a9d710d-6726-484f-97aa-5d38b7ce78a7', '0a743332-50d7-41f3-8b6a-a63cec503b96', '2025-09-19T17:16:00Z');
INSERT INTO CARD_ASSIGNMENT (ID, CARD_ID, ASSIGNEE_ID, ASSIGNED_AT) VALUES ('d3c7e72f-20be-4790-874d-c027f7f4b204', '4a9d710d-6726-484f-97aa-5d38b7ce78a7', 'ae2d64e5-d825-49fc-91bb-f530be88ca84', '2025-09-19T17:18:00Z');
INSERT INTO CARD_ASSIGNMENT (ID, CARD_ID, ASSIGNEE_ID, ASSIGNED_AT) VALUES ('725a6aac-7b43-49d6-a5e9-07e364cb15d8', 'a823bfae-1e77-46c3-a419-84f265efcd9b', '65f37860-80c6-4e1e-b1b0-62993c0ca5df', '2025-09-19T16:37:00Z');
INSERT INTO CARD_ASSIGNMENT (ID, CARD_ID, ASSIGNEE_ID, ASSIGNED_AT) VALUES ('2649cf9d-95f0-4bf4-9a43-0fd23e61393c', 'a823bfae-1e77-46c3-a419-84f265efcd9b', '2915dd6e-8c44-4355-8f1b-f7c8c8b0f48d', '2025-09-19T15:59:00Z');
INSERT INTO CARD_ASSIGNMENT (ID, CARD_ID, ASSIGNEE_ID, ASSIGNED_AT) VALUES ('87d40faa-f9aa-4b96-a350-51408cd0c460', 'dfaf74f3-518c-4a7c-ac48-ae62fe1965a0', 'b4582ada-4434-4034-a6e0-3bb5c52fd119', '2025-09-19T15:14:00Z');
INSERT INTO CARD_ASSIGNMENT (ID, CARD_ID, ASSIGNEE_ID, ASSIGNED_AT) VALUES ('de4b20a1-9856-4257-8ce9-36bec466c492', 'dfaf74f3-518c-4a7c-ac48-ae62fe1965a0', '3ea561d3-a6be-4658-90a7-1267f9a3f31a', '2025-09-19T16:41:00Z');
INSERT INTO CARD_ASSIGNMENT (ID, CARD_ID, ASSIGNEE_ID, ASSIGNED_AT) VALUES ('0dd9b24b-57dc-4120-bbcc-c71f96859ba5', 'ddacb8b4-442c-47d9-8627-f58efa0d788c', '7d3e50a8-7831-4589-8676-abfeb06ef3aa', '2025-09-19T15:52:00Z');
INSERT INTO CARD_ASSIGNMENT (ID, CARD_ID, ASSIGNEE_ID, ASSIGNED_AT) VALUES ('6348fa1f-a273-4b1b-be1b-5ad616911996', 'ddacb8b4-442c-47d9-8627-f58efa0d788c', 'a8807234-9776-45af-87c6-c67aee3e62d8', '2025-09-19T16:05:00Z');
INSERT INTO CARD_ASSIGNMENT (ID, CARD_ID, ASSIGNEE_ID, ASSIGNED_AT) VALUES ('955fd2d7-a5ed-4452-933d-17e5282a61b9', '7ed4f8c9-256b-4515-956f-96e400bfe708', '65f37860-80c6-4e1e-b1b0-62993c0ca5df', '2025-09-19T16:38:00Z');
INSERT INTO CARD_ASSIGNMENT (ID, CARD_ID, ASSIGNEE_ID, ASSIGNED_AT) VALUES ('20d52af2-cd9c-4f20-9d4f-bb1a7afe5a2a', '3df9d755-da26-43f5-adf8-0aa7cd6e53e6', '4391c62b-ac08-4b9a-8330-286f29a96afd', '2025-09-19T15:22:00Z');
INSERT INTO CANVASES (ID, TITLE, CHANNEL_ID, BOARD_ID, ZOOM, PANX, PANY, CREATED_BY_USER_ID, CREATED_TIMESTAMP, UPDATED_TIMESTAMP) VALUES ('b2f79e0b-5369-49ed-a65b-1609b4e14f94', 'Passion Project', '7c6fbef3-6e9c-4e5a-8294-fa8d0e00b68e', 'e3c04aff-9fba-4fee-a965-403e92b0a231', 1.1, 2.1, -24.0, '10d16b3e-565a-4579-8643-03578e8be901', '2025-09-19T16:00:00Z', '2025-09-19T16:00:00Z');
INSERT INTO CANVASES (ID, TITLE, CHANNEL_ID, BOARD_ID, ZOOM, PANX, PANY, CREATED_BY_USER_ID, CREATED_TIMESTAMP, UPDATED_TIMESTAMP) VALUES ('833c155d-d801-4e06-9252-d27a6f1255b7', 'Froilan Farms', 'e50989e4-ed60-4957-8b7c-54d307deb060', '95d701cd-87a7-4e20-947c-4426752d7626', 1.1, -29.8, -28.7, 'ae2d64e5-d825-49fc-91bb-f530be88ca84', '2025-09-19T16:05:00Z', '2025-09-19T16:05:00Z');
INSERT INTO CANVASES (ID, TITLE, CHANNEL_ID, BOARD_ID, ZOOM, PANX, PANY, CREATED_BY_USER_ID, CREATED_TIMESTAMP, UPDATED_TIMESTAMP) VALUES ('07bffea8-2b0d-47bd-9956-59d7cc9598e4', 'Casino Project', '0d5dbe4d-1d6a-4682-885e-7ff64fb18220', 'f315d190-0158-40f9-a002-7e5507b9ef89', 1.1, 6.4, -9.8, 'ea81be69-a79e-406e-9c36-11d10cedf9b2', '2025-09-19T16:10:00Z', '2025-09-19T16:10:00Z');
INSERT INTO NODES (ID, CANVAS_ID, KIND, X, Y, WIDTH, HEIGHT, TEXT, CREATED_TIMESTAMP, UPDATED_TIMESTAMP) VALUES ('36cb6f5c-e32d-441f-946f-b9d0fe924e38', 'b2f79e0b-5369-49ed-a65b-1609b4e14f94', 'TEXT', 135.9, 259.0, 228.3, 60.8, 'User Service', '2025-09-19T16:12:00Z', '2025-09-19T16:12:00Z');
INSERT INTO NODES (ID, CANVAS_ID, KIND, X, Y, WIDTH, HEIGHT, TEXT, CREATED_TIMESTAMP, UPDATED_TIMESTAMP) VALUES ('d6eed808-d221-4cc6-9fbf-02969233fb57', 'b2f79e0b-5369-49ed-a65b-1609b4e14f94', 'TEXT', 162.6, 354.8, 259.2, 63.5, 'Database', '2025-09-19T16:33:00Z', '2025-09-19T16:33:00Z');
INSERT INTO NODES (ID, CANVAS_ID, KIND, X, Y, WIDTH, HEIGHT, TEXT, CREATED_TIMESTAMP, UPDATED_TIMESTAMP) VALUES ('f9960512-15ee-4e4e-9435-e18839030adb', 'b2f79e0b-5369-49ed-a65b-1609b4e14f94', 'SHAPE', 284.3, 381.3, 287.4, 72.8, 'Gateway', '2025-09-19T16:32:00Z', '2025-09-19T16:32:00Z');
INSERT INTO NODES (ID, CANVAS_ID, KIND, X, Y, WIDTH, HEIGHT, TEXT, CREATED_TIMESTAMP, UPDATED_TIMESTAMP) VALUES ('537d9419-4698-430e-94cd-7257c93fbe51', 'b2f79e0b-5369-49ed-a65b-1609b4e14f94', 'TEXT', 236.4, 398.1, 232.9, 41.1, 'User Service', '2025-09-19T17:11:00Z', '2025-09-19T17:11:00Z');
INSERT INTO NODES (ID, CANVAS_ID, KIND, X, Y, WIDTH, HEIGHT, TEXT, CREATED_TIMESTAMP, UPDATED_TIMESTAMP) VALUES ('5c41a3cd-4ac3-4a33-8ca2-72751eec9cbe', '833c155d-d801-4e06-9252-d27a6f1255b7', 'SHAPE', 317.8, 346.0, 305.3, 74.5, 'Cache', '2025-09-19T16:15:00Z', '2025-09-19T16:15:00Z');
INSERT INTO NODES (ID, CANVAS_ID, KIND, X, Y, WIDTH, HEIGHT, TEXT, CREATED_TIMESTAMP, UPDATED_TIMESTAMP) VALUES ('22fdb9a5-c499-4ab7-a4a4-93f9a0f1ee60', '833c155d-d801-4e06-9252-d27a6f1255b7', 'TEXT', 191.5, 247.6, 269.7, 78.3, 'Cache', '2025-09-19T16:23:00Z', '2025-09-19T16:23:00Z');
INSERT INTO NODES (ID, CANVAS_ID, KIND, X, Y, WIDTH, HEIGHT, TEXT, CREATED_TIMESTAMP, UPDATED_TIMESTAMP) VALUES ('a3e040d2-d728-45ed-bd2c-e9b281babdb2', '833c155d-d801-4e06-9252-d27a6f1255b7', 'SHAPE', 517.3, 179.8, 212.9, 68.8, 'Gateway', '2025-09-19T16:04:00Z', '2025-09-19T16:04:00Z');
INSERT INTO NODES (ID, CANVAS_ID, KIND, X, Y, WIDTH, HEIGHT, TEXT, CREATED_TIMESTAMP, UPDATED_TIMESTAMP) VALUES ('16515e0d-8f05-4329-b63b-e869e2800793', '833c155d-d801-4e06-9252-d27a6f1255b7', 'SHAPE', 567.6, 70.7, 257.4, 41.1, 'User Service', '2025-09-19T16:33:00Z', '2025-09-19T16:33:00Z');
INSERT INTO NODES (ID, CANVAS_ID, KIND, X, Y, WIDTH, HEIGHT, TEXT, CREATED_TIMESTAMP, UPDATED_TIMESTAMP) VALUES ('3cc68dff-00fc-4e88-9132-de10c48f4f30', '07bffea8-2b0d-47bd-9956-59d7cc9598e4', 'SHAPE', 80.7, 100.7, 285.7, 77.6, 'Metrics', '2025-09-19T17:15:00Z', '2025-09-19T17:15:00Z');
INSERT INTO NODES (ID, CANVAS_ID, KIND, X, Y, WIDTH, HEIGHT, TEXT, CREATED_TIMESTAMP, UPDATED_TIMESTAMP) VALUES ('68bf8fa0-0860-4826-be2b-2a156ffba688', '07bffea8-2b0d-47bd-9956-59d7cc9598e4', 'SHAPE', 466.8, 86.9, 225.3, 50.3, 'Auth Service', '2025-09-19T16:47:00Z', '2025-09-19T16:47:00Z');
INSERT INTO NODES (ID, CANVAS_ID, KIND, X, Y, WIDTH, HEIGHT, TEXT, CREATED_TIMESTAMP, UPDATED_TIMESTAMP) VALUES ('661f058b-3002-4e6f-a5f5-63402709ca87', '07bffea8-2b0d-47bd-9956-59d7cc9598e4', 'SHAPE', 258.8, 204.5, 293.1, 76.6, 'User Service', '2025-09-19T16:59:00Z', '2025-09-19T16:59:00Z');
INSERT INTO NODES (ID, CANVAS_ID, KIND, X, Y, WIDTH, HEIGHT, TEXT, CREATED_TIMESTAMP, UPDATED_TIMESTAMP) VALUES ('53cb6fb7-39af-4460-9cdc-15cf63a3764f', '07bffea8-2b0d-47bd-9956-59d7cc9598e4', 'TEXT', 489.4, 104.9, 296.6, 43.1, 'Queue', '2025-09-19T16:17:00Z', '2025-09-19T16:17:00Z');
INSERT INTO NODES (ID, CANVAS_ID, KIND, X, Y, WIDTH, HEIGHT, TEXT, CREATED_TIMESTAMP, UPDATED_TIMESTAMP) VALUES ('4968087f-fc6f-486e-8fa0-c497c3c53f6b', '07bffea8-2b0d-47bd-9956-59d7cc9598e4', 'SHAPE', 576.9, 374.1, 233.9, 40.9, 'Auth Service', '2025-09-19T16:57:00Z', '2025-09-19T16:57:00Z');
INSERT INTO NODES (ID, CANVAS_ID, KIND, X, Y, WIDTH, HEIGHT, TEXT, CREATED_TIMESTAMP, UPDATED_TIMESTAMP) VALUES ('a71308aa-14cc-404a-b595-bfc44b20bcfb', '1bccb92d-ecca-4740-ad4c-3450636dcd69', 'SHAPE', 502.7, 217.1, 267.9, 45.7, 'Database', '2025-09-19T16:07:00Z', '2025-09-19T16:07:00Z');
INSERT INTO NODES (ID, CANVAS_ID, KIND, X, Y, WIDTH, HEIGHT, TEXT, CREATED_TIMESTAMP, UPDATED_TIMESTAMP) VALUES ('0254957b-c6b9-4433-9d2f-ca2904f0950d', '1bccb92d-ecca-4740-ad4c-3450636dcd69', 'TEXT', 442.5, 243.7, 200.3, 74.8, 'Metrics', '2025-09-19T16:53:00Z', '2025-09-19T16:53:00Z');
INSERT INTO NODES (ID, CANVAS_ID, KIND, X, Y, WIDTH, HEIGHT, TEXT, CREATED_TIMESTAMP, UPDATED_TIMESTAMP) VALUES ('27ebd615-0381-415a-b599-77daeb8ea3d9', '1bccb92d-ecca-4740-ad4c-3450636dcd69', 'SHAPE', 185.7, 58.9, 259.9, 51.9, 'Gateway', '2025-09-19T16:33:00Z', '2025-09-19T16:33:00Z');
INSERT INTO NODES (ID, CANVAS_ID, KIND, X, Y, WIDTH, HEIGHT, TEXT, CREATED_TIMESTAMP, UPDATED_TIMESTAMP) VALUES ('f4bfbe8e-e0cc-4ef6-9c80-eb41c444c8b2', '1bccb92d-ecca-4740-ad4c-3450636dcd69', 'SHAPE', 110.1, 209.7, 247.5, 46.1, 'User Service', '2025-09-19T17:20:00Z', '2025-09-19T17:20:00Z');
INSERT INTO EDGES (ID, CANVAS_ID, SOURCE_NODE_ID, TARGET_NODE_ID, KIND, LABEL, CREATED_TIMESTAMP, UPDATED_TIMESTAMP) VALUES ('0744a4f6-9490-4602-b1fd-52186e2e42db', 'b2f79e0b-5369-49ed-a65b-1609b4e14f94', 'd6eed808-d221-4cc6-9fbf-02969233fb57', 'f9960512-15ee-4e4e-9435-e18839030adb', 'DIRECTIONAL', 'consumes from', '2025-09-19T16:36:00Z', '2025-09-19T16:36:00Z');
INSERT INTO EDGES (ID, CANVAS_ID, SOURCE_NODE_ID, TARGET_NODE_ID, KIND, LABEL, CREATED_TIMESTAMP, UPDATED_TIMESTAMP) VALUES ('3123848f-34d9-4c4f-8dfc-e19ee0dbef70', 'b2f79e0b-5369-49ed-a65b-1609b4e14f94', '36cb6f5c-e32d-441f-946f-b9d0fe924e38', 'd6eed808-d221-4cc6-9fbf-02969233fb57', 'DIRECTIONAL', 'calls', '2025-09-19T16:46:00Z', '2025-09-19T16:46:00Z');
INSERT INTO EDGES (ID, CANVAS_ID, SOURCE_NODE_ID, TARGET_NODE_ID, KIND, LABEL, CREATED_TIMESTAMP, UPDATED_TIMESTAMP) VALUES ('998c6bfc-8ab7-4471-b425-8e32a67a5f31', 'b2f79e0b-5369-49ed-a65b-1609b4e14f94', '537d9419-4698-430e-94cd-7257c93fbe51', 'd6eed808-d221-4cc6-9fbf-02969233fb57', 'DIRECTIONAL', 'calls', '2025-09-19T16:30:00Z', '2025-09-19T16:30:00Z');
INSERT INTO EDGES (ID, CANVAS_ID, SOURCE_NODE_ID, TARGET_NODE_ID, KIND, LABEL, CREATED_TIMESTAMP, UPDATED_TIMESTAMP) VALUES ('5000ac50-a265-481e-8746-7538e0bc8c61', 'b2f79e0b-5369-49ed-a65b-1609b4e14f94', '36cb6f5c-e32d-441f-946f-b9d0fe924e38', 'd6eed808-d221-4cc6-9fbf-02969233fb57', 'DIRECTIONAL', 'publishes to', '2025-09-19T16:53:00Z', '2025-09-19T16:53:00Z');
INSERT INTO EDGES (ID, CANVAS_ID, SOURCE_NODE_ID, TARGET_NODE_ID, KIND, LABEL, CREATED_TIMESTAMP, UPDATED_TIMESTAMP) VALUES ('a4e89042-4ee9-4f26-adec-7310943514f7', '833c155d-d801-4e06-9252-d27a6f1255b7', '5c41a3cd-4ac3-4a33-8ca2-72751eec9cbe', 'a3e040d2-d728-45ed-bd2c-e9b281babdb2', 'DIRECTIONAL', 'publishes to', '2025-09-19T16:18:00Z', '2025-09-19T16:18:00Z');
INSERT INTO EDGES (ID, CANVAS_ID, SOURCE_NODE_ID, TARGET_NODE_ID, KIND, LABEL, CREATED_TIMESTAMP, UPDATED_TIMESTAMP) VALUES ('314ec32d-3d36-4f97-bf58-463e00b6ad02', '833c155d-d801-4e06-9252-d27a6f1255b7', '5c41a3cd-4ac3-4a33-8ca2-72751eec9cbe', '22fdb9a5-c499-4ab7-a4a4-93f9a0f1ee60', 'DIRECTIONAL', 'publishes to', '2025-09-19T17:05:00Z', '2025-09-19T17:05:00Z');
INSERT INTO EDGES (ID, CANVAS_ID, SOURCE_NODE_ID, TARGET_NODE_ID, KIND, LABEL, CREATED_TIMESTAMP, UPDATED_TIMESTAMP) VALUES ('4dfa9fe8-6794-4067-95d4-3e6b20a0a051', '07bffea8-2b0d-47bd-9956-59d7cc9598e4', '53cb6fb7-39af-4460-9cdc-15cf63a3764f', '3cc68dff-00fc-4e88-9132-de10c48f4f30', 'DIRECTIONAL', 'publishes to', '2025-09-19T16:23:00Z', '2025-09-19T16:23:00Z');
INSERT INTO EDGES (ID, CANVAS_ID, SOURCE_NODE_ID, TARGET_NODE_ID, KIND, LABEL, CREATED_TIMESTAMP, UPDATED_TIMESTAMP) VALUES ('bc164720-93b8-4c70-8c53-05680e1fe364', '07bffea8-2b0d-47bd-9956-59d7cc9598e4', '661f058b-3002-4e6f-a5f5-63402709ca87', '53cb6fb7-39af-4460-9cdc-15cf63a3764f', 'DIRECTIONAL', 'reads/writes to', '2025-09-19T16:52:00Z', '2025-09-19T16:52:00Z');
INSERT INTO EDGES (ID, CANVAS_ID, SOURCE_NODE_ID, TARGET_NODE_ID, KIND, LABEL, CREATED_TIMESTAMP, UPDATED_TIMESTAMP) VALUES ('9f61a3ad-d07b-4a95-b8a0-7830aa80d3a8', '1bccb92d-ecca-4740-ad4c-3450636dcd69', '27ebd615-0381-415a-b599-77daeb8ea3d9', 'f4bfbe8e-e0cc-4ef6-9c80-eb41c444c8b2', 'DIRECTIONAL', 'calls', '2025-09-19T16:17:00Z', '2025-09-19T16:17:00Z');
INSERT INTO EDGES (ID, CANVAS_ID, SOURCE_NODE_ID, TARGET_NODE_ID, KIND, LABEL, CREATED_TIMESTAMP, UPDATED_TIMESTAMP) VALUES ('27e42942-86a7-4762-8883-ee15194708cf', '1bccb92d-ecca-4740-ad4c-3450636dcd69', '0254957b-c6b9-4433-9d2f-ca2904f0950d', '27ebd615-0381-415a-b599-77daeb8ea3d9', 'DIRECTIONAL', 'calls', '2025-09-19T16:22:00Z', '2025-09-19T16:22:00Z');