-- -- =============================================
-- -- 1. USERS (Without Passwords)
-- -- =============================================
-- INSERT INTO USERS (ID, USERNAME, DISPLAY_NAME, EMAIL, PROFILE_URL, ACCOUNT_STATUS, CREATED_TIMESTAMP, UPDATED_TIMESTAMP) VALUES ('a1a1a1a1-a1a1-a1a1-a1a1-a1a1a1a1a1a1', 'alice', 'Alice', 'alice@example.com', 'https://i.pravatar.cc/150?u=alice', 'ACTIVE', '2025-09-19T10:00:00Z', '2025-09-19T10:00:00Z');
-- INSERT INTO USERS (ID, USERNAME, DISPLAY_NAME, EMAIL, PROFILE_URL, ACCOUNT_STATUS, CREATED_TIMESTAMP, UPDATED_TIMESTAMP) VALUES ('b2b2b2b2-b2b2-b2b2-b2b2-b2b2b2b2b2b2', 'bob', 'Bob', 'bob@example.com', 'https://i.pravatar.cc/150?u=bob', 'ACTIVE', '2025-09-19T10:05:00Z', '2025-09-19T10:05:00Z');
-- INSERT INTO USERS (ID, USERNAME, DISPLAY_NAME, EMAIL, PROFILE_URL, ACCOUNT_STATUS, CREATED_TIMESTAMP, UPDATED_TIMESTAMP) VALUES ('c3c3c3c3-c3c3-c3c3-c3c3-c3c3c3c3c3c3', 'charlie', 'Charlie', 'charlie@example.com', 'https://i.pravatar.cc/150?u=charlie', 'ACTIVE', '2025-09-19T10:10:00Z', '2025-09-19T10:10:00Z');

-- -- =============================================
-- -- 2. CHANNELS
-- -- =============================================
-- INSERT INTO CHANNELS (ID, NAME, DESCRIPTION, IS_PUBLIC, CREATED_BY, CREATED_AT) VALUES ('1c1c1c1c-1c1c-1c1c-1c1c-1c1c1c1c1c1c', 'general', 'General discussion for everyone.', TRUE, 'a1a1a1a1-a1a1-a1a1-a1a1-a1a1a1a1a1a1', '2025-09-19T11:00:00Z');
-- INSERT INTO CHANNELS (ID, NAME, DESCRIPTION, IS_PUBLIC, CREATED_BY, CREATED_AT) VALUES ('2c2c2c2c-2c2c-2c2c-2c2c-2c2c2c2c2c2c', 'dev-team', 'Private channel for the dev team.', FALSE, 'b2b2b2b2-b2b2-b2b2-b2b2-b2b2b2b2b2b2', '2025-09-19T11:05:00Z');

-- -- =============================================
-- -- 3. CHANNEL_MEMBERS
-- -- =============================================
-- INSERT INTO CHANNEL_MEMBERS (ID, CHANNEL_ID, USER_ID, ROLE, JOINED_AT) VALUES ('33333333-3333-3333-3333-333333333333', '1c1c1c1c-1c1c-1c1c-1c1c-1c1c1c1c1c1c', 'a1a1a1a1-a1a1-a1a1-a1a1-a1a1a1a1a1a1', 'ADMIN', '2025-09-19T11:00:00Z');
-- INSERT INTO CHANNEL_MEMBERS (ID, CHANNEL_ID, USER_ID, ROLE, JOINED_AT) VALUES ('44444444-4444-4444-4444-444444444444', '1c1c1c1c-1c1c-1c1c-1c1c-1c1c1c1c1c1c', 'b2b2b2b2-b2b2-b2b2-b2b2-b2b2b2b2b2b2', 'MEMBER', '2025-09-19T11:01:00Z');
-- INSERT INTO CHANNEL_MEMBERS (ID, CHANNEL_ID, USER_ID, ROLE, JOINED_AT) VALUES ('55555555-5555-5555-5555-555555555555', '1c1c1c1c-1c1c-1c1c-1c1c-1c1c1c1c1c1c', 'c3c3c3c3-c3c3-c3c3-c3c3-c3c3c3c3c3c3', 'MEMBER', '2025-09-19T11:02:00Z');
-- INSERT INTO CHANNEL_MEMBERS (ID, CHANNEL_ID, USER_ID, ROLE, JOINED_AT) VALUES ('66666666-6666-6666-6666-666666666666', '2c2c2c2c-2c2c-2c2c-2c2c-2c2c2c2c2c2c', 'b2b2b2b2-b2b2-b2b2-b2b2-b2b2b2b2b2b2', 'ADMIN', '2025-09-19T11:05:00Z');
-- INSERT INTO CHANNEL_MEMBERS (ID, CHANNEL_ID, USER_ID, ROLE, JOINED_AT) VALUES ('77777777-7777-7777-7777-777777777777', '2c2c2c2c-2c2c-2c2c-2c2c-2c2c2c2c2c2c', 'a1a1a1a1-a1a1-a1a1-a1a1-a1a1a1a1a1a1', 'MEMBER', '2025-09-19T11:06:00Z');

-- -- =============================================
-- -- 4. DIRECT_CONVERSATION
-- -- =============================================
-- INSERT INTO DIRECT_CONVERSATION (ID, IS_GROUP, TITLE, CREATED_BY_USER_ID, CREATED_AT, UPDATED_AT) VALUES ('d1d1d1d1-d1d1-d1d1-d1d1-d1d1d1d1d1d1', FALSE, NULL, 'a1a1a1a1-a1a1-a1a1-a1a1-a1a1a1a1a1a1', '2025-09-19T12:00:00Z', '2025-09-19T12:00:00Z');
-- INSERT INTO DIRECT_CONVERSATION (ID, IS_GROUP, TITLE, CREATED_BY_USER_ID, CREATED_AT, UPDATED_AT) VALUES ('d2d2d2d2-d2d2-d2d2-d2d2-d2d2d2d2d2d2', TRUE, 'Project Phoenix Planning', 'c3c3c3c3-c3c3-c3c3-c3c3-c3c3c3c3c3c3', '2025-09-19T12:05:00Z', '2025-09-19T12:05:00Z');

-- -- =============================================
-- -- 5. DIRECT_PARTICIPANT
-- -- =============================================
-- INSERT INTO DIRECT_PARTICIPANT (ID, DIRECT_CONVERSATION_ID, USER_ID, IS_ADMIN, JOINED_AT, NOTIFY_LEVEL) VALUES ('d7d7d7d7-1111-1111-1111-111111111111', 'd1d1d1d1-d1d1-d1d1-d1d1-d1d1d1d1d1d1', 'a1a1a1a1-a1a1-a1a1-a1a1-a1a1a1a1a1a1', TRUE, '2025-09-19T12:00:00Z', 'ALL');
-- INSERT INTO DIRECT_PARTICIPANT (ID, DIRECT_CONVERSATION_ID, USER_ID, IS_ADMIN, JOINED_AT, NOTIFY_LEVEL) VALUES ('d7d7d7d7-2222-2222-2222-222222222222', 'd1d1d1d1-d1d1-d1d1-d1d1-d1d1d1d1d1d1', 'b2b2b2b2-b2b2-b2b2-b2b2-b2b2b2b2b2b2', FALSE, '2025-09-19T12:00:00Z', 'ALL');
-- INSERT INTO DIRECT_PARTICIPANT (ID, DIRECT_CONVERSATION_ID, USER_ID, IS_ADMIN, JOINED_AT, NOTIFY_LEVEL) VALUES ('d7d7d7d7-3333-3333-3333-333333333333', 'd2d2d2d2-d2d2-d2d2-d2d2-d2d2d2d2d2d2', 'c3c3c3c3-c3c3-c3c3-c3c3-c3c3c3c3c3c3', TRUE, '2025-09-19T12:05:00Z', 'ALL');
-- INSERT INTO DIRECT_PARTICIPANT (ID, DIRECT_CONVERSATION_ID, USER_ID, IS_ADMIN, JOINED_AT, NOTIFY_LEVEL) VALUES ('d7d7d7d7-4444-4444-4444-444444444444', 'd2d2d2d2-d2d2-d2d2-d2d2-d2d2d2d2d2d2', 'a1a1a1a1-a1a1-a1a1-a1a1-a1a1a1a1a1a1', FALSE, '2025-09-19T12:05:00Z', 'MENTIONS_ONLY');
-- INSERT INTO DIRECT_PARTICIPANT (ID, DIRECT_CONVERSATION_ID, USER_ID, IS_ADMIN, JOINED_AT, NOTIFY_LEVEL) VALUES ('d7d7d7d7-5555-5555-5555-555555555555', 'd2d2d2d2-d2d2-d2d2-d2d2-d2d2d2d2d2d2', 'b2b2b2b2-b2b2-b2b2-b2b2-b2b2b2b2b2b2', FALSE, '2025-09-19T12:05:00Z', 'NONE');

-- -- =============================================
-- -- 6. MESSAGE
-- -- =============================================
-- INSERT INTO MESSAGE (ID, CONTENT, CONTENT_TYPE, SENDER_USER_ID, CHANNEL_ID, DIRECT_CONVERSATION_ID, CREATED_AT, DELETED) VALUES ('e1e1e1e1-e1e1-e1e1-e1e1-e1e1e1e1e1e1', 'Hello everyone! Welcome to the general channel.', 'TEXT', 'a1a1a1a1-a1a1-a1a1-a1a1-a1a1a1a1a1a1', '1c1c1c1c-1c1c-1c1c-1c1c-1c1c1c1c1c1c', NULL, '2025-09-19T13:00:00Z', FALSE);
-- INSERT INTO MESSAGE (ID, CONTENT, CONTENT_TYPE, SENDER_USER_ID, CHANNEL_ID, DIRECT_CONVERSATION_ID, CREATED_AT, DELETED) VALUES ('e2e2e2e2-e2e2-e2e2-e2e2-e2e2e2e2e2e2', 'Hey Alice! Glad to be here.', 'TEXT', 'b2b2b2b2-b2b2-b2b2-b2b2-b2b2b2b2b2b2', '1c1c1c1c-1c1c-1c1c-1c1c-1c1c1c1c1c1c', NULL, '2025-09-19T13:02:00Z', FALSE);
-- INSERT INTO MESSAGE (ID, CONTENT, CONTENT_TYPE, SENDER_USER_ID, CHANNEL_ID, DIRECT_CONVERSATION_ID, CREATED_AT, DELETED) VALUES ('e3e3e3e3-e3e3-e3e3-e3e3-e3e3e3e3e3e3', 'Hey Bob, do you have those reports ready?', 'TEXT', 'a1a1a1a1-a1a1-a1a1-a1a1-a1a1a1a1a1a1', NULL, 'd1d1d1d1-d1d1-d1d1-d1d1-d1d1d1d1d1d1', '2025-09-19T13:05:00Z', FALSE);
-- INSERT INTO MESSAGE (ID, CONTENT, CONTENT_TYPE, SENDER_USER_ID, CHANNEL_ID, DIRECT_CONVERSATION_ID, CREATED_AT, DELETED) VALUES ('e4e4e4e4-e4e4-e4e4-e4e4-e4e4e4e4e4e4', 'Morning dev team! Let''s sync up at 10 AM.', 'TEXT', 'a1a1a1a1-a1a1-a1a1-a1a1-a1a1a1a1a1a1', '2c2c2c2c-2c2c-2c2c-2c2c-2c2c2c2c2c2c', NULL, '2025-09-19T13:10:00Z', FALSE);

-- -- =============================================
-- -- 7. NOTIFICATION
-- -- =============================================
-- INSERT INTO NOTIFICATION (ID, RECIPIENT_USER_ID, ACTOR_USER_ID, DIRECT_CONVERSATION_ID, CHANNEL_ID, MESSAGE_ID, TYPE, STATUS, TEXT, CREATED_AT, READ_AT) VALUES ('f1f1f1f1-f1f1-f1f1-f1f1-f1f1f1f1f1f1', 'b2b2b2b2-b2b2-b2b2-b2b2-b2b2b2b2b2b2', 'a1a1a1a1-a1a1-a1a1-a1a1-a1a1a1a1a1a1', NULL, '1c1c1c1c-1c1c-1c1c-1c1c-1c1c1c1c1c1c', 'e1e1e1e1-e1e1-e1e1-e1e1-e1e1e1e1e1e1', 'MESSAGE', 'UNREAD', 'Alice posted in #general', '2025-09-19T13:00:00Z', NULL);
-- INSERT INTO NOTIFICATION (ID, RECIPIENT_USER_ID, ACTOR_USER_ID, DIRECT_CONVERSATION_ID, CHANNEL_ID, MESSAGE_ID, TYPE, STATUS, TEXT, CREATED_AT, READ_AT) VALUES ('f2f2f2f2-f2f2-f2f2-f2f2-f2f2f2f2f2f2', 'b2b2b2b2-b2b2-b2b2-b2b2-b2b2b2b2b2b2', 'a1a1a1a1-a1a1-a1a1-a1a1-a1a1a1a1a1a1', 'd1d1d1d1-d1d1-d1d1-d1d1-d1d1d1d1d1d1', NULL, 'e3e3e3e3-e3e3-e3e3-e3e3-e3e3e3e3e3e3', 'MESSAGE', 'READ', 'You have a new direct message from Alice', '2025-09-19T13:05:00Z', '2025-09-19T14:00:00Z');

-- -- =============================================
-- -- 8. KANBAN_BOARD
-- -- =============================================
-- INSERT INTO KANBAN_BOARD (ID, NAME, DESCRIPTION, OWNER_ID, CREATED_AT, UPDATED_AT) VALUES ('b1b1b1b1-b1b1-b1b1-b1b1-b1b1b1b1b1b1', 'Frontend Sprint 3', 'Tasks for the upcoming frontend release.', 'a1a1a1a1-a1a1-a1a1-a1a1-a1a1a1a1a1a1', '2025-09-19T14:00:00Z', '2025-09-19T14:00:00Z');

-- -- =============================================
-- -- 9. BOARD_COLUMN
-- -- =============================================
-- INSERT INTO BOARD_COLUMN (ID, BOARD_ID, POSITION_ORDER, NAME, CREATED_AT, UPDATED_AT) VALUES ('c01c01c0-c01c-c01c-c01c-c01c01c01c01', 'b1b1b1b1-b1b1-b1b1-b1b1-b1b1b1b1b1b1', 0, 'To Do', '2025-09-19T14:01:00Z', '2025-09-19T14:01:00Z');
-- INSERT INTO BOARD_COLUMN (ID, BOARD_ID, POSITION_ORDER, NAME, CREATED_AT, UPDATED_AT) VALUES ('c02c02c0-c02c-c02c-c02c-c02c02c02c02', 'b1b1b1b1-b1b1-b1b1-b1b1-b1b1b1b1b1b1', 1, 'In Progress', '2025-09-19T14:02:00Z', '2025-09-19T14:02:00Z');
-- INSERT INTO BOARD_COLUMN (ID, BOARD_ID, POSITION_ORDER, NAME, CREATED_AT, UPDATED_AT) VALUES ('c03c03c0-c03c-c03c-c03c-c03c03c03c03', 'b1b1b1b1-b1b1-b1b1-b1b1-b1b1b1b1b1b1', 2, 'Done', '2025-09-19T14:03:00Z', '2025-09-19T14:03:00Z');

-- -- =============================================
-- -- 10. CARD_PRIORITY
-- -- =============================================
-- INSERT INTO CARD_PRIORITY (ID, PRIORITY_KEY, LABEL, SORT_ORDER, COLOR_HEX) VALUES ('b1f3b3d8-3f5b-4b1d-8b01-2b00b0e35798', 'HIGH', 'High', 0, '#ef4444');
-- INSERT INTO CARD_PRIORITY (ID, PRIORITY_KEY, LABEL, SORT_ORDER, COLOR_HEX) VALUES ('1f0f4b3e-5b1a-4b9e-9b62-1b1a7d6e6d1b', 'MEDIUM', 'Medium', 1, '#f59e0b');
-- INSERT INTO CARD_PRIORITY (ID, PRIORITY_KEY, LABEL, SORT_ORDER, COLOR_HEX) VALUES ('a2e0c1b0-9b3e-4b8d-8f2c-5b0c9e2d3b2a', 'LOW', 'Low', 2, '#10b981');

-- -- =============================================
-- -- 11. CARD
-- -- =============================================
-- INSERT INTO CARD (ID, COLUMN_ID, PRIORITY_ID, TITLE, DESCRIPTION, POSITION_ORDER, CREATED_BY, ARCHIVED, CREATED_AT, UPDATED_AT) VALUES ('ca1da1da-ca1d-ca1d-ca1d-ca1da1da1da1', 'c01c01c0-c01c-c01c-c01c-c01c01c01c01', 'b1f3b3d8-3f5b-4b1d-8b01-2b00b0e35798', 'Implement Login Page UI', 'Create the main login form.', 0, 'a1a1a1a1-a1a1-a1a1-a1a1-a1a1a1a1a1a1', FALSE, '2025-09-19T14:10:00Z', '2025-09-19T14:10:00Z');
-- INSERT INTO CARD (ID, COLUMN_ID, PRIORITY_ID, TITLE, DESCRIPTION, POSITION_ORDER, CREATED_BY, ARCHIVED, CREATED_AT, UPDATED_AT) VALUES ('ca2da2da-ca2d-ca2d-ca2d-ca2da2da2da2', 'c02c02c0-c02c-c02c-c02c-c02c02c02c02', '1f0f4b3e-5b1a-4b9e-9b62-1b1a7d6e6d1b', 'Set up WebSocket connection', 'Configure the STOMP client.', 0, 'b2b2b2b2-b2b2-b2b2-b2b2-b2b2b2b2b2b2', FALSE, '2025-09-19T14:11:00Z', '2025-09-19T14:11:00Z');
-- INSERT INTO CARD (ID, COLUMN_ID, PRIORITY_ID, TITLE, DESCRIPTION, POSITION_ORDER, CREATED_BY, ARCHIVED, CREATED_AT, UPDATED_AT) VALUES ('ca3da3da-ca3d-ca3d-ca3d-ca3da3da3da3', 'c03c03c0-c03c-c03c-c03c-c03c03c03c03', 'a2e0c1b0-9b3e-4b8d-8f2c-5b0c9e2d3b2a', 'Design Database Schema', 'Initial design is complete.', 0, 'a1a1a1a1-a1a1-a1a1-a1a1-a1a1a1a1a1a1', FALSE, '2025-09-19T14:12:00Z', '2025-09-19T14:12:00Z');

-- -- =============================================
-- -- 12. CARD_ASSIGNMENT
-- -- =============================================
-- INSERT INTO CARD_ASSIGNMENT (ID, CARD_ID, ASSIGNEE_ID, ASSIGNED_AT) VALUES ('a5a5a5a5-a5a5-a5a5-a5a5-a5a5a5a5a5a5', 'ca1da1da-ca1d-ca1d-ca1d-ca1da1da1da1', 'c3c3c3c3-c3c3-c3c3-c3c3-c3c3c3c3c3c3', '2025-09-19T14:15:00Z');
-- INSERT INTO CARD_ASSIGNMENT (ID, CARD_ID, ASSIGNEE_ID, ASSIGNED_AT) VALUES ('b5b5b5b5-b5b5-b5b5-b5b5-b5b5b5b5b5b5', 'ca2da2da-ca2d-ca2d-ca2d-ca2da2da2da2', 'b2b2b2b2-b2b2-b2b2-b2b2-b2b2b2b2b2b2', '2025-09-19T14:16:00Z');

-- -- =============================================
-- -- 13. CANVASES
-- -- =============================================
-- INSERT INTO CANVASES (ID, TITLE, CHANNEL_ID, BOARD_ID, ZOOM, PANX, PANY, CREATED_BY_USER_ID, CREATED_TIMESTAMP, UPDATED_TIMESTAMP) VALUES ('ca4bfa5b-ca4b-ca4b-ca4b-ca4bfa5bca4b', 'API Architecture Diagram', '2c2c2c2c-2c2c-2c2c-2c2c-2c2c2c2c2c2c', 'b1b1b1b1-b1b1-b1b1-b1b1-b1b1b1b1b1b1', 1.0, 0.0, 0.0, 'a1a1a1a1-a1a1-a1a1-a1a1-a1a1a1a1a1a1', '2025-09-19T15:00:00Z', '2025-09-19T15:00:00Z');

-- -- =============================================
-- -- 14. NODES (Fixed with proper UUIDs)
-- -- =============================================
-- INSERT INTO NODES (ID, CANVAS_ID, KIND, X, Y, WIDTH, HEIGHT, TEXT, CREATED_TIMESTAMP, UPDATED_TIMESTAMP) VALUES ('11111111-1111-1111-1111-111111111111', 'ca4bfa5b-ca4b-ca4b-ca4b-ca4bfa5bca4b', 'TEXT', 100.0, 100.0, 200.0, 50.0, 'User Service', '2025-09-19T15:01:00Z', '2025-09-19T15:01:00Z');
-- INSERT INTO NODES (ID, CANVAS_ID, KIND, X, Y, WIDTH, HEIGHT, TEXT, CREATED_TIMESTAMP, UPDATED_TIMESTAMP) VALUES ('22222222-2222-2222-2222-222222222222', 'ca4bfa5b-ca4b-ca4b-ca4b-ca4bfa5bca4b', 'SHAPE', 400.0, 100.0, 200.0, 50.0, 'Database', '2025-09-19T15:02:00Z', '2025-09-19T15:02:00Z');

-- -- =============================================
-- -- 15. EDGES (Updated to match new node UUIDs)
-- -- =============================================
-- INSERT INTO EDGES (ID, CANVAS_ID, SOURCE_NODE_ID, TARGET_NODE_ID, KIND, LABEL, CREATED_TIMESTAMP, UPDATED_TIMESTAMP) VALUES ('ed9e1111-ed9e-1111-1111-ed9e11111111', 'ca4bfa5b-ca4b-ca4b-ca4b-ca4bfa5bca4b', '11111111-1111-1111-1111-111111111111', '22222222-2222-2222-2222-222222222222', 'DIRECTIONAL', 'reads/writes to', '2025-09-19T15:03:00Z', '2025-09-19T15:03:00Z');


-- Fixed seed data with unique channel names
-- Generated 2025-09-19T16:51:56.492860Z

INSERT INTO USERS (ID, USERNAME, DISPLAY_NAME, EMAIL, PROFILE_URL, ACCOUNT_STATUS, CREATED_TIMESTAMP, UPDATED_TIMESTAMP) VALUES ('c6e06622-5b74-40d3-9333-1d54cefa6846', 'alice1', 'Alice', 'alice1@example.com', 'https://i.pravatar.cc/150?u=alice1', 'ACTIVE', '2025-09-19T10:00:00Z', '2025-09-19T10:00:00Z');
INSERT INTO USERS (ID, USERNAME, DISPLAY_NAME, EMAIL, PROFILE_URL, ACCOUNT_STATUS, CREATED_TIMESTAMP, UPDATED_TIMESTAMP) VALUES ('cca6c986-1c75-4bfc-a91b-b2835b28190f', 'bob2', 'Bob', 'bob2@example.com', 'https://i.pravatar.cc/150?u=bob2', 'ACTIVE', '2025-09-19T10:01:00Z', '2025-09-19T10:01:00Z');
INSERT INTO USERS (ID, USERNAME, DISPLAY_NAME, EMAIL, PROFILE_URL, ACCOUNT_STATUS, CREATED_TIMESTAMP, UPDATED_TIMESTAMP) VALUES ('f655089e-796b-4c37-852e-ac8e05de7649', 'charlie3', 'Charlie', 'charlie3@example.com', 'https://i.pravatar.cc/150?u=charlie3', 'ACTIVE', '2025-09-19T10:02:00Z', '2025-09-19T10:02:00Z');
INSERT INTO USERS (ID, USERNAME, DISPLAY_NAME, EMAIL, PROFILE_URL, ACCOUNT_STATUS, CREATED_TIMESTAMP, UPDATED_TIMESTAMP) VALUES ('c4b984ad-f282-445d-9f0a-cb83b121795c', 'dave4', 'Dave', 'dave4@example.com', 'https://i.pravatar.cc/150?u=dave4', 'ACTIVE', '2025-09-19T10:03:00Z', '2025-09-19T10:03:00Z');
INSERT INTO USERS (ID, USERNAME, DISPLAY_NAME, EMAIL, PROFILE_URL, ACCOUNT_STATUS, CREATED_TIMESTAMP, UPDATED_TIMESTAMP) VALUES ('44f90b5a-04a6-43f0-a4a1-8e5147ed4095', 'emily5', 'Emily', 'emily5@example.com', 'https://i.pravatar.cc/150?u=emily5', 'ACTIVE', '2025-09-19T10:04:00Z', '2025-09-19T10:04:00Z');
INSERT INTO USERS (ID, USERNAME, DISPLAY_NAME, EMAIL, PROFILE_URL, ACCOUNT_STATUS, CREATED_TIMESTAMP, UPDATED_TIMESTAMP) VALUES ('c5c0b469-20b8-453b-9740-dc398257d567', 'frank6', 'Frank', 'frank6@example.com', 'https://i.pravatar.cc/150?u=frank6', 'ACTIVE', '2025-09-19T10:05:00Z', '2025-09-19T10:05:00Z');
INSERT INTO USERS (ID, USERNAME, DISPLAY_NAME, EMAIL, PROFILE_URL, ACCOUNT_STATUS, CREATED_TIMESTAMP, UPDATED_TIMESTAMP) VALUES ('76b42678-1324-4c0a-b3c2-4faf5543bf5a', 'grace7', 'Grace', 'grace7@example.com', 'https://i.pravatar.cc/150?u=grace7', 'ACTIVE', '2025-09-19T10:06:00Z', '2025-09-19T10:06:00Z');
INSERT INTO USERS (ID, USERNAME, DISPLAY_NAME, EMAIL, PROFILE_URL, ACCOUNT_STATUS, CREATED_TIMESTAMP, UPDATED_TIMESTAMP) VALUES ('823504e6-70c0-42d9-9bd3-aeb1182cbf26', 'henry8', 'Henry', 'henry8@example.com', 'https://i.pravatar.cc/150?u=henry8', 'ACTIVE', '2025-09-19T10:07:00Z', '2025-09-19T10:07:00Z');
INSERT INTO USERS (ID, USERNAME, DISPLAY_NAME, EMAIL, PROFILE_URL, ACCOUNT_STATUS, CREATED_TIMESTAMP, UPDATED_TIMESTAMP) VALUES ('b0f6e83a-f898-4f41-9f1a-f3a4a17095be', 'isabel9', 'Isabel', 'isabel9@example.com', 'https://i.pravatar.cc/150?u=isabel9', 'ACTIVE', '2025-09-19T10:08:00Z', '2025-09-19T10:08:00Z');
INSERT INTO USERS (ID, USERNAME, DISPLAY_NAME, EMAIL, PROFILE_URL, ACCOUNT_STATUS, CREATED_TIMESTAMP, UPDATED_TIMESTAMP) VALUES ('0dfbd74c-4e6f-4f54-bd6b-b95305d22a0a', 'jack10', 'Jack', 'jack10@example.com', 'https://i.pravatar.cc/150?u=jack10', 'ACTIVE', '2025-09-19T10:09:00Z', '2025-09-19T10:09:00Z');
INSERT INTO USERS (ID, USERNAME, DISPLAY_NAME, EMAIL, PROFILE_URL, ACCOUNT_STATUS, CREATED_TIMESTAMP, UPDATED_TIMESTAMP) VALUES ('47ee2352-787e-4c24-882c-94c962f4b1e1', 'karen11', 'Karen', 'karen11@example.com', 'https://i.pravatar.cc/150?u=karen11', 'ACTIVE', '2025-09-19T10:10:00Z', '2025-09-19T10:10:00Z');
INSERT INTO USERS (ID, USERNAME, DISPLAY_NAME, EMAIL, PROFILE_URL, ACCOUNT_STATUS, CREATED_TIMESTAMP, UPDATED_TIMESTAMP) VALUES ('de40e6fa-13ad-42a4-a2c5-2e4e1469aa60', 'liam12', 'Liam', 'liam12@example.com', 'https://i.pravatar.cc/150?u=liam12', 'ACTIVE', '2025-09-19T10:11:00Z', '2025-09-19T10:11:00Z');
INSERT INTO USERS (ID, USERNAME, DISPLAY_NAME, EMAIL, PROFILE_URL, ACCOUNT_STATUS, CREATED_TIMESTAMP, UPDATED_TIMESTAMP) VALUES ('454b4808-719e-46c4-aa9d-e7cf013f1adf', 'maya13', 'Maya', 'maya13@example.com', 'https://i.pravatar.cc/150?u=maya13', 'ACTIVE', '2025-09-19T10:12:00Z', '2025-09-19T10:12:00Z');
INSERT INTO USERS (ID, USERNAME, DISPLAY_NAME, EMAIL, PROFILE_URL, ACCOUNT_STATUS, CREATED_TIMESTAMP, UPDATED_TIMESTAMP) VALUES ('cf869f21-163a-4c5f-8ec8-8a3841b41ff4', 'nathan14', 'Nathan', 'nathan14@example.com', 'https://i.pravatar.cc/150?u=nathan14', 'ACTIVE', '2025-09-19T10:13:00Z', '2025-09-19T10:13:00Z');
INSERT INTO USERS (ID, USERNAME, DISPLAY_NAME, EMAIL, PROFILE_URL, ACCOUNT_STATUS, CREATED_TIMESTAMP, UPDATED_TIMESTAMP) VALUES ('3fc5eb3f-bccc-42cd-b3fc-b09b72d068a9', 'olivia15', 'Olivia', 'olivia15@example.com', 'https://i.pravatar.cc/150?u=olivia15', 'ACTIVE', '2025-09-19T10:14:00Z', '2025-09-19T10:14:00Z');
INSERT INTO USERS (ID, USERNAME, DISPLAY_NAME, EMAIL, PROFILE_URL, ACCOUNT_STATUS, CREATED_TIMESTAMP, UPDATED_TIMESTAMP) VALUES ('8f1cfd3f-c558-4153-a980-408082fb1a45', 'paul16', 'Paul', 'paul16@example.com', 'https://i.pravatar.cc/150?u=paul16', 'ACTIVE', '2025-09-19T10:15:00Z', '2025-09-19T10:15:00Z');
INSERT INTO USERS (ID, USERNAME, DISPLAY_NAME, EMAIL, PROFILE_URL, ACCOUNT_STATUS, CREATED_TIMESTAMP, UPDATED_TIMESTAMP) VALUES ('46bdf558-8628-4174-9609-116858e46f8d', 'quinn17', 'Quinn', 'quinn17@example.com', 'https://i.pravatar.cc/150?u=quinn17', 'ACTIVE', '2025-09-19T10:16:00Z', '2025-09-19T10:16:00Z');
INSERT INTO USERS (ID, USERNAME, DISPLAY_NAME, EMAIL, PROFILE_URL, ACCOUNT_STATUS, CREATED_TIMESTAMP, UPDATED_TIMESTAMP) VALUES ('b8b89a9f-af2c-4060-bdc7-25cf110aae87', 'ravi18', 'Ravi', 'ravi18@example.com', 'https://i.pravatar.cc/150?u=ravi18', 'ACTIVE', '2025-09-19T10:17:00Z', '2025-09-19T10:17:00Z');
INSERT INTO USERS (ID, USERNAME, DISPLAY_NAME, EMAIL, PROFILE_URL, ACCOUNT_STATUS, CREATED_TIMESTAMP, UPDATED_TIMESTAMP) VALUES ('d236d842-4dee-4fb0-95ae-e4e1e139bbca', 'sara19', 'Sara', 'sara19@example.com', 'https://i.pravatar.cc/150?u=sara19', 'ACTIVE', '2025-09-19T10:18:00Z', '2025-09-19T10:18:00Z');
INSERT INTO USERS (ID, USERNAME, DISPLAY_NAME, EMAIL, PROFILE_URL, ACCOUNT_STATUS, CREATED_TIMESTAMP, UPDATED_TIMESTAMP) VALUES ('8c89450e-998a-44c0-9683-e04ba5f229b4', 'tom20', 'Tom', 'tom20@example.com', 'https://i.pravatar.cc/150?u=tom20', 'ACTIVE', '2025-09-19T10:19:00Z', '2025-09-19T10:19:00Z');
INSERT INTO USERS (ID, USERNAME, DISPLAY_NAME, EMAIL, PROFILE_URL, ACCOUNT_STATUS, CREATED_TIMESTAMP, UPDATED_TIMESTAMP) VALUES ('40106d51-51a2-4198-8da1-39d1b8a20da2', 'uma21', 'Uma', 'uma21@example.com', 'https://i.pravatar.cc/150?u=uma21', 'ACTIVE', '2025-09-19T10:20:00Z', '2025-09-19T10:20:00Z');
INSERT INTO USERS (ID, USERNAME, DISPLAY_NAME, EMAIL, PROFILE_URL, ACCOUNT_STATUS, CREATED_TIMESTAMP, UPDATED_TIMESTAMP) VALUES ('fe39ad73-8dd2-49fb-99b8-54c35e928bfd', 'victor22', 'Victor', 'victor22@example.com', 'https://i.pravatar.cc/150?u=victor22', 'ACTIVE', '2025-09-19T10:21:00Z', '2025-09-19T10:21:00Z');
INSERT INTO USERS (ID, USERNAME, DISPLAY_NAME, EMAIL, PROFILE_URL, ACCOUNT_STATUS, CREATED_TIMESTAMP, UPDATED_TIMESTAMP) VALUES ('68aa5609-d104-41c7-b7b7-a43c4e7863a2', 'wendy23', 'Wendy', 'wendy23@example.com', 'https://i.pravatar.cc/150?u=wendy23', 'ACTIVE', '2025-09-19T10:22:00Z', '2025-09-19T10:22:00Z');
INSERT INTO USERS (ID, USERNAME, DISPLAY_NAME, EMAIL, PROFILE_URL, ACCOUNT_STATUS, CREATED_TIMESTAMP, UPDATED_TIMESTAMP) VALUES ('46d7f304-4b15-48c8-93df-26db81861596', 'xavier24', 'Xavier', 'xavier24@example.com', 'https://i.pravatar.cc/150?u=xavier24', 'ACTIVE', '2025-09-19T10:23:00Z', '2025-09-19T10:23:00Z');
INSERT INTO USERS (ID, USERNAME, DISPLAY_NAME, EMAIL, PROFILE_URL, ACCOUNT_STATUS, CREATED_TIMESTAMP, UPDATED_TIMESTAMP) VALUES ('1eefb0c8-3f57-40e4-af5c-b7961356d8d7', 'yara25', 'Yara', 'yara25@example.com', 'https://i.pravatar.cc/150?u=yara25', 'ACTIVE', '2025-09-19T10:24:00Z', '2025-09-19T10:24:00Z');
INSERT INTO USERS (ID, USERNAME, DISPLAY_NAME, EMAIL, PROFILE_URL, ACCOUNT_STATUS, CREATED_TIMESTAMP, UPDATED_TIMESTAMP) VALUES ('b5ff1129-847c-436f-947f-9677ef6e9295', 'zach26', 'Zach', 'zach26@example.com', 'https://i.pravatar.cc/150?u=zach26', 'ACTIVE', '2025-09-19T10:25:00Z', '2025-09-19T10:25:00Z');
INSERT INTO USERS (ID, USERNAME, DISPLAY_NAME, EMAIL, PROFILE_URL, ACCOUNT_STATUS, CREATED_TIMESTAMP, UPDATED_TIMESTAMP) VALUES ('91aca6c5-4c31-4977-87e1-d46478665c89', 'noah27', 'Noah', 'noah27@example.com', 'https://i.pravatar.cc/150?u=noah27', 'ACTIVE', '2025-09-19T10:26:00Z', '2025-09-19T10:26:00Z');
INSERT INTO USERS (ID, USERNAME, DISPLAY_NAME, EMAIL, PROFILE_URL, ACCOUNT_STATUS, CREATED_TIMESTAMP, UPDATED_TIMESTAMP) VALUES ('7ba43faf-2de0-4a36-aedc-12d14df517c0', 'ava28', 'Ava', 'ava28@example.com', 'https://i.pravatar.cc/150?u=ava28', 'ACTIVE', '2025-09-19T10:27:00Z', '2025-09-19T10:27:00Z');
INSERT INTO USERS (ID, USERNAME, DISPLAY_NAME, EMAIL, PROFILE_URL, ACCOUNT_STATUS, CREATED_TIMESTAMP, UPDATED_TIMESTAMP) VALUES ('49b65d51-1657-4cc9-be4c-bd2cf7fc2825', 'leo29', 'Leo', 'leo29@example.com', 'https://i.pravatar.cc/150?u=leo29', 'ACTIVE', '2025-09-19T10:28:00Z', '2025-09-19T10:28:00Z');
INSERT INTO USERS (ID, USERNAME, DISPLAY_NAME, EMAIL, PROFILE_URL, ACCOUNT_STATUS, CREATED_TIMESTAMP, UPDATED_TIMESTAMP) VALUES ('b3213146-27a9-4446-bac4-7cec7dbca749', 'mia30', 'Mia', 'mia30@example.com', 'https://i.pravatar.cc/150?u=mia30', 'ACTIVE', '2025-09-19T10:29:00Z', '2025-09-19T10:29:00Z');
INSERT INTO CHANNELS (ID, NAME, DESCRIPTION, IS_PUBLIC, CREATED_BY, CREATED_AT) VALUES ('34dfa35e-6752-4cc5-b29e-1f036bbae0df', 'dev-team-1', 'Private channel for dev-team.', FALSE, 'c4b984ad-f282-445d-9f0a-cb83b121795c', '2025-09-19T11:00:00Z');
INSERT INTO CHANNELS (ID, NAME, DESCRIPTION, IS_PUBLIC, CREATED_BY, CREATED_AT) VALUES ('378804ea-32a2-497f-b05d-8a80b8fb41fa', 'random-2', 'Public channel for random.', TRUE, '46d7f304-4b15-48c8-93df-26db81861596', '2025-09-19T11:05:00Z');
INSERT INTO CHANNELS (ID, NAME, DESCRIPTION, IS_PUBLIC, CREATED_BY, CREATED_AT) VALUES ('c28d0d21-3b7f-4d37-96ca-1ecb368b5220', 'product-3', 'Public channel for product.', TRUE, '823504e6-70c0-42d9-9bd3-aeb1182cbf26', '2025-09-19T11:10:00Z');
INSERT INTO CHANNELS (ID, NAME, DESCRIPTION, IS_PUBLIC, CREATED_BY, CREATED_AT) VALUES ('25488aaf-e1be-414b-84fe-e08f9ebb4c3d', 'frontend-4', 'Public channel for frontend.', TRUE, '44f90b5a-04a6-43f0-a4a1-8e5147ed4095', '2025-09-19T11:15:00Z');
INSERT INTO CHANNELS (ID, NAME, DESCRIPTION, IS_PUBLIC, CREATED_BY, CREATED_AT) VALUES ('c8408078-6f6f-4dd6-937b-ff4c87b1fda6', 'reliability-5', 'Private channel for reliability.', FALSE, 'c4b984ad-f282-445d-9f0a-cb83b121795c', '2025-09-19T11:20:00Z');
INSERT INTO CHANNELS (ID, NAME, DESCRIPTION, IS_PUBLIC, CREATED_BY, CREATED_AT) VALUES ('7780480d-82bf-4dc2-a69d-0042e73b5ef1', 'finance-6', 'Private channel for finance.', FALSE, '46d7f304-4b15-48c8-93df-26db81861596', '2025-09-19T11:25:00Z');
INSERT INTO CHANNELS (ID, NAME, DESCRIPTION, IS_PUBLIC, CREATED_BY, CREATED_AT) VALUES ('a22e398c-4b02-4971-a686-a8cb316fd18b', 'offer-review-7', 'Private channel for offer-review.', FALSE, 'f655089e-796b-4c37-852e-ac8e05de7649', '2025-09-19T11:30:00Z');
INSERT INTO CHANNELS (ID, NAME, DESCRIPTION, IS_PUBLIC, CREATED_BY, CREATED_AT) VALUES ('9d29b9e3-1967-4cd6-95f7-d6f78ced92de', 'security-audit-8', 'Private channel for security-audit.', FALSE, 'cf869f21-163a-4c5f-8ec8-8a3841b41ff4', '2025-09-19T11:35:00Z');
INSERT INTO CHANNELS (ID, NAME, DESCRIPTION, IS_PUBLIC, CREATED_BY, CREATED_AT) VALUES ('1d5498d3-2502-4c9f-b608-c9e964ac4863', 'data-science-9', 'Public channel for data-science.', TRUE, 'c6e06622-5b74-40d3-9333-1d54cefa6846', '2025-09-19T11:40:00Z');
INSERT INTO CHANNELS (ID, NAME, DESCRIPTION, IS_PUBLIC, CREATED_BY, CREATED_AT) VALUES ('52f8db65-372d-442a-ac45-86ceabc81cad', 'ml-research-10', 'Public channel for ml-research.', TRUE, '76b42678-1324-4c0a-b3c2-4faf5543bf5a', '2025-09-19T11:45:00Z');
INSERT INTO CHANNELS (ID, NAME, DESCRIPTION, IS_PUBLIC, CREATED_BY, CREATED_AT) VALUES ('febc7454-eb22-42db-88b2-87eef9ed139a', 'qa-11', 'Public channel for qa.', TRUE, '46bdf558-8628-4174-9609-116858e46f8d', '2025-09-19T11:50:00Z');
INSERT INTO CHANNELS (ID, NAME, DESCRIPTION, IS_PUBLIC, CREATED_BY, CREATED_AT) VALUES ('1301cf95-9bba-4cd2-9c6e-732714ef6f94', 'incident-response-12', 'Private channel for incident-response.', FALSE, 'c6e06622-5b74-40d3-9333-1d54cefa6846', '2025-09-19T11:55:00Z');
INSERT INTO CHANNELS (ID, NAME, DESCRIPTION, IS_PUBLIC, CREATED_BY, CREATED_AT) VALUES ('1fd3c0dd-7ccd-4480-80b9-167df954bc15', 'reliability-13', 'Private channel for reliability.', FALSE, '76b42678-1324-4c0a-b3c2-4faf5543bf5a', '2025-09-19T12:00:00Z');
INSERT INTO CHANNELS (ID, NAME, DESCRIPTION, IS_PUBLIC, CREATED_BY, CREATED_AT) VALUES ('ec6f7feb-306c-484c-83bb-24fcb6e18068', 'finance-14', 'Private channel for finance.', FALSE, '40106d51-51a2-4198-8da1-39d1b8a20da2', '2025-09-19T12:05:00Z');
INSERT INTO CHANNELS (ID, NAME, DESCRIPTION, IS_PUBLIC, CREATED_BY, CREATED_AT) VALUES ('aaf2dd12-87f6-49f2-913f-50703e8d0d2f', 'offer-review-15', 'Private channel for offer-review.', FALSE, 'b8b89a9f-af2c-4060-bdc7-25cf110aae87', '2025-09-19T12:10:00Z');
INSERT INTO CHANNELS (ID, NAME, DESCRIPTION, IS_PUBLIC, CREATED_BY, CREATED_AT) VALUES ('2d5981e0-a714-4e67-8402-9f66480d6b4a', 'support-16', 'Public channel for support.', TRUE, '823504e6-70c0-42d9-9bd3-aeb1182cbf26', '2025-09-19T12:15:00Z');
INSERT INTO CHANNELS (ID, NAME, DESCRIPTION, IS_PUBLIC, CREATED_BY, CREATED_AT) VALUES ('6996ef3c-3eba-421e-b46a-aea292eec45d', 'general-17', 'Public channel for general.', TRUE, 'd236d842-4dee-4fb0-95ae-e4e1e139bbca', '2025-09-19T12:20:00Z');
INSERT INTO CHANNELS (ID, NAME, DESCRIPTION, IS_PUBLIC, CREATED_BY, CREATED_AT) VALUES ('02b5b892-7cfa-48c9-97f5-b0d771bbb0c5', 'random-18', 'Public channel for random.', TRUE, 'b5ff1129-847c-436f-947f-9677ef6e9295', '2025-09-19T12:25:00Z');
INSERT INTO CHANNELS (ID, NAME, DESCRIPTION, IS_PUBLIC, CREATED_BY, CREATED_AT) VALUES ('ae38c4b1-33b9-4a55-bf4a-901b77702367', 'product-19', 'Public channel for product.', TRUE, '1eefb0c8-3f57-40e4-af5c-b7961356d8d7', '2025-09-19T12:30:00Z');
INSERT INTO CHANNELS (ID, NAME, DESCRIPTION, IS_PUBLIC, CREATED_BY, CREATED_AT) VALUES ('b267c49c-d1e2-4f18-81eb-88461cce8fc0', 'frontend-20', 'Public channel for frontend.', TRUE, '68aa5609-d104-41c7-b7b7-a43c4e7863a2', '2025-09-19T12:35:00Z');
INSERT INTO CHANNEL_MEMBERS (ID, CHANNEL_ID, USER_ID, ROLE, JOINED_AT) VALUES ('97311eec-4efe-4dea-877b-c95a13454a1b', '34dfa35e-6752-4cc5-b29e-1f036bbae0df', '47ee2352-787e-4c24-882c-94c962f4b1e1', 'MEMBER', '2025-09-19T12:17:00Z');
INSERT INTO CHANNEL_MEMBERS (ID, CHANNEL_ID, USER_ID, ROLE, JOINED_AT) VALUES ('f78d7ce2-12eb-42b6-914e-b9acf3afce90', '34dfa35e-6752-4cc5-b29e-1f036bbae0df', 'b0f6e83a-f898-4f41-9f1a-f3a4a17095be', 'MEMBER', '2025-09-19T11:33:00Z');
INSERT INTO CHANNEL_MEMBERS (ID, CHANNEL_ID, USER_ID, ROLE, JOINED_AT) VALUES ('1ed7ca9e-767e-4a0b-8733-1ebb3f2c53e0', '34dfa35e-6752-4cc5-b29e-1f036bbae0df', '44f90b5a-04a6-43f0-a4a1-8e5147ed4095', 'MEMBER', '2025-09-19T12:43:00Z');
INSERT INTO CHANNEL_MEMBERS (ID, CHANNEL_ID, USER_ID, ROLE, JOINED_AT) VALUES ('59282857-719a-4d74-9854-65f8fe0e3f7e', '34dfa35e-6752-4cc5-b29e-1f036bbae0df', '76b42678-1324-4c0a-b3c2-4faf5543bf5a', 'MEMBER', '2025-09-19T11:05:00Z');
INSERT INTO CHANNEL_MEMBERS (ID, CHANNEL_ID, USER_ID, ROLE, JOINED_AT) VALUES ('c70796f1-cfe1-459f-b53b-2389dc820484', '34dfa35e-6752-4cc5-b29e-1f036bbae0df', '1eefb0c8-3f57-40e4-af5c-b7961356d8d7', 'MEMBER', '2025-09-19T12:33:00Z');
INSERT INTO CHANNEL_MEMBERS (ID, CHANNEL_ID, USER_ID, ROLE, JOINED_AT) VALUES ('51b2ed15-99be-4dae-923d-bde3d3f1dabc', '34dfa35e-6752-4cc5-b29e-1f036bbae0df', 'b3213146-27a9-4446-bac4-7cec7dbca749', 'ADMIN', '2025-09-19T11:58:00Z');
INSERT INTO CHANNEL_MEMBERS (ID, CHANNEL_ID, USER_ID, ROLE, JOINED_AT) VALUES ('efe305b5-8ebd-485a-8de0-a50a1613df32', '34dfa35e-6752-4cc5-b29e-1f036bbae0df', 'c4b984ad-f282-445d-9f0a-cb83b121795c', 'MEMBER', '2025-09-19T12:08:00Z');
INSERT INTO CHANNEL_MEMBERS (ID, CHANNEL_ID, USER_ID, ROLE, JOINED_AT) VALUES ('a2b414a8-d45e-49d7-80af-c6aa9a247222', '34dfa35e-6752-4cc5-b29e-1f036bbae0df', 'f655089e-796b-4c37-852e-ac8e05de7649', 'MEMBER', '2025-09-19T11:15:00Z');
INSERT INTO CHANNEL_MEMBERS (ID, CHANNEL_ID, USER_ID, ROLE, JOINED_AT) VALUES ('5e5a43fe-95a0-4204-8e1d-3000409b5b31', '34dfa35e-6752-4cc5-b29e-1f036bbae0df', '454b4808-719e-46c4-aa9d-e7cf013f1adf', 'MEMBER', '2025-09-19T12:58:00Z');
INSERT INTO CHANNEL_MEMBERS (ID, CHANNEL_ID, USER_ID, ROLE, JOINED_AT) VALUES ('4ee6c8b4-0495-4630-801c-3776edcf2662', '34dfa35e-6752-4cc5-b29e-1f036bbae0df', '46d7f304-4b15-48c8-93df-26db81861596', 'MEMBER', '2025-09-19T11:48:00Z');
INSERT INTO CHANNEL_MEMBERS (ID, CHANNEL_ID, USER_ID, ROLE, JOINED_AT) VALUES ('f53ec78a-db49-428e-8a65-e076827e5b84', '34dfa35e-6752-4cc5-b29e-1f036bbae0df', 'de40e6fa-13ad-42a4-a2c5-2e4e1469aa60', 'MEMBER', '2025-09-19T11:10:00Z');
INSERT INTO CHANNEL_MEMBERS (ID, CHANNEL_ID, USER_ID, ROLE, JOINED_AT) VALUES ('03b9cbf9-b2d6-4863-b320-ee4dc10c1a43', '378804ea-32a2-497f-b05d-8a80b8fb41fa', '91aca6c5-4c31-4977-87e1-d46478665c89', 'MEMBER', '2025-09-19T12:38:00Z');
INSERT INTO CHANNEL_MEMBERS (ID, CHANNEL_ID, USER_ID, ROLE, JOINED_AT) VALUES ('2bfa89bd-94af-4b22-aff8-a04668b78296', '378804ea-32a2-497f-b05d-8a80b8fb41fa', '40106d51-51a2-4198-8da1-39d1b8a20da2', 'MEMBER', '2025-09-19T11:37:00Z');
INSERT INTO CHANNEL_MEMBERS (ID, CHANNEL_ID, USER_ID, ROLE, JOINED_AT) VALUES ('549e0601-32a1-4f8d-ae4e-3f4ed978640a', '378804ea-32a2-497f-b05d-8a80b8fb41fa', '8c89450e-998a-44c0-9683-e04ba5f229b4', 'MEMBER', '2025-09-19T11:10:00Z');
INSERT INTO CHANNEL_MEMBERS (ID, CHANNEL_ID, USER_ID, ROLE, JOINED_AT) VALUES ('7859c36f-d105-49cb-97d4-3ebdb6f24a47', '378804ea-32a2-497f-b05d-8a80b8fb41fa', 'de40e6fa-13ad-42a4-a2c5-2e4e1469aa60', 'ADMIN', '2025-09-19T12:49:00Z');
INSERT INTO CHANNEL_MEMBERS (ID, CHANNEL_ID, USER_ID, ROLE, JOINED_AT) VALUES ('3f6d854a-31d0-417f-9a42-fcbacde0007d', '378804ea-32a2-497f-b05d-8a80b8fb41fa', 'd236d842-4dee-4fb0-95ae-e4e1e139bbca', 'MEMBER', '2025-09-19T11:29:00Z');
INSERT INTO CHANNEL_MEMBERS (ID, CHANNEL_ID, USER_ID, ROLE, JOINED_AT) VALUES ('d2c01444-3d81-4809-9c2e-b4b78ea95e30', '378804ea-32a2-497f-b05d-8a80b8fb41fa', '76b42678-1324-4c0a-b3c2-4faf5543bf5a', 'MEMBER', '2025-09-19T12:50:00Z');
INSERT INTO CHANNEL_MEMBERS (ID, CHANNEL_ID, USER_ID, ROLE, JOINED_AT) VALUES ('46295586-3a50-4845-b0b3-2e0cd5874171', '378804ea-32a2-497f-b05d-8a80b8fb41fa', '68aa5609-d104-41c7-b7b7-a43c4e7863a2', 'MEMBER', '2025-09-19T11:12:00Z');
INSERT INTO CHANNEL_MEMBERS (ID, CHANNEL_ID, USER_ID, ROLE, JOINED_AT) VALUES ('43544bac-90d9-4fc1-baa3-caeb8976bbea', '378804ea-32a2-497f-b05d-8a80b8fb41fa', 'f655089e-796b-4c37-852e-ac8e05de7649', 'MEMBER', '2025-09-19T11:48:00Z');
INSERT INTO CHANNEL_MEMBERS (ID, CHANNEL_ID, USER_ID, ROLE, JOINED_AT) VALUES ('7ba0366f-7722-4f31-b7f6-c1696d8a37e7', '378804ea-32a2-497f-b05d-8a80b8fb41fa', 'cca6c986-1c75-4bfc-a91b-b2835b28190f', 'MEMBER', '2025-09-19T11:35:00Z');
INSERT INTO CHANNEL_MEMBERS (ID, CHANNEL_ID, USER_ID, ROLE, JOINED_AT) VALUES ('f2b6bbb1-6a15-4e2b-9677-6043a18c9367', 'c28d0d21-3b7f-4d37-96ca-1ecb368b5220', '40106d51-51a2-4198-8da1-39d1b8a20da2', 'MEMBER', '2025-09-19T12:33:00Z');
INSERT INTO CHANNEL_MEMBERS (ID, CHANNEL_ID, USER_ID, ROLE, JOINED_AT) VALUES ('ba319cdc-f7ae-46b6-9e70-e6a41905581b', 'c28d0d21-3b7f-4d37-96ca-1ecb368b5220', '91aca6c5-4c31-4977-87e1-d46478665c89', 'MEMBER', '2025-09-19T11:31:00Z');
INSERT INTO CHANNEL_MEMBERS (ID, CHANNEL_ID, USER_ID, ROLE, JOINED_AT) VALUES ('07cd5a81-b162-43f2-9c18-b47a4e4335b9', 'c28d0d21-3b7f-4d37-96ca-1ecb368b5220', 'de40e6fa-13ad-42a4-a2c5-2e4e1469aa60', 'MEMBER', '2025-09-19T11:20:00Z');
INSERT INTO CHANNEL_MEMBERS (ID, CHANNEL_ID, USER_ID, ROLE, JOINED_AT) VALUES ('c09fbd03-7f86-4308-a560-8163cef07356', 'c28d0d21-3b7f-4d37-96ca-1ecb368b5220', 'c5c0b469-20b8-453b-9740-dc398257d567', 'MEMBER', '2025-09-19T11:59:00Z');
INSERT INTO CHANNEL_MEMBERS (ID, CHANNEL_ID, USER_ID, ROLE, JOINED_AT) VALUES ('5eee8ba2-b418-4d70-ac82-1b98406c58be', 'c28d0d21-3b7f-4d37-96ca-1ecb368b5220', '7ba43faf-2de0-4a36-aedc-12d14df517c0', 'MEMBER', '2025-09-19T11:48:00Z');
INSERT INTO CHANNEL_MEMBERS (ID, CHANNEL_ID, USER_ID, ROLE, JOINED_AT) VALUES ('3e4b036f-f0f0-4bad-8895-541e2f9f1a84', 'c28d0d21-3b7f-4d37-96ca-1ecb368b5220', 'b5ff1129-847c-436f-947f-9677ef6e9295', 'MEMBER', '2025-09-19T11:34:00Z');
INSERT INTO CHANNEL_MEMBERS (ID, CHANNEL_ID, USER_ID, ROLE, JOINED_AT) VALUES ('6ba0a08e-85b3-495a-8673-ef039b362462', 'c28d0d21-3b7f-4d37-96ca-1ecb368b5220', '76b42678-1324-4c0a-b3c2-4faf5543bf5a', 'MEMBER', '2025-09-19T12:58:00Z');
INSERT INTO CHANNEL_MEMBERS (ID, CHANNEL_ID, USER_ID, ROLE, JOINED_AT) VALUES ('83797082-dfbe-43ff-8eb7-78f94d37ffde', 'c28d0d21-3b7f-4d37-96ca-1ecb368b5220', 'fe39ad73-8dd2-49fb-99b8-54c35e928bfd', 'MEMBER', '2025-09-19T12:21:00Z');
INSERT INTO CHANNEL_MEMBERS (ID, CHANNEL_ID, USER_ID, ROLE, JOINED_AT) VALUES ('1ec4bee4-14bb-44a9-9a5c-05193d2cb4e6', 'c28d0d21-3b7f-4d37-96ca-1ecb368b5220', 'b0f6e83a-f898-4f41-9f1a-f3a4a17095be', 'ADMIN', '2025-09-19T12:28:00Z');
INSERT INTO CHANNEL_MEMBERS (ID, CHANNEL_ID, USER_ID, ROLE, JOINED_AT) VALUES ('0c164aa1-b99f-49ef-80e6-2713a82fe16a', 'c28d0d21-3b7f-4d37-96ca-1ecb368b5220', 'b3213146-27a9-4446-bac4-7cec7dbca749', 'MEMBER', '2025-09-19T12:11:00Z');
INSERT INTO CHANNEL_MEMBERS (ID, CHANNEL_ID, USER_ID, ROLE, JOINED_AT) VALUES ('cafbe328-9f89-4d81-b0dd-4443fdc86a9a', 'c28d0d21-3b7f-4d37-96ca-1ecb368b5220', 'f655089e-796b-4c37-852e-ac8e05de7649', 'MEMBER', '2025-09-19T11:28:00Z');
INSERT INTO CHANNEL_MEMBERS (ID, CHANNEL_ID, USER_ID, ROLE, JOINED_AT) VALUES ('8348c294-4ca5-4766-9b27-85188971b107', 'c28d0d21-3b7f-4d37-96ca-1ecb368b5220', '49b65d51-1657-4cc9-be4c-bd2cf7fc2825', 'MEMBER', '2025-09-19T12:27:00Z');
INSERT INTO CHANNEL_MEMBERS (ID, CHANNEL_ID, USER_ID, ROLE, JOINED_AT) VALUES ('8e68c5ff-ab4a-485c-ab6b-4a6c24480b49', '25488aaf-e1be-414b-84fe-e08f9ebb4c3d', '91aca6c5-4c31-4977-87e1-d46478665c89', 'MEMBER', '2025-09-19T12:56:00Z');
INSERT INTO CHANNEL_MEMBERS (ID, CHANNEL_ID, USER_ID, ROLE, JOINED_AT) VALUES ('deb24443-743e-4b58-8894-8a559acfb6e5', '25488aaf-e1be-414b-84fe-e08f9ebb4c3d', '1eefb0c8-3f57-40e4-af5c-b7961356d8d7', 'MEMBER', '2025-09-19T13:00:00Z');
INSERT INTO CHANNEL_MEMBERS (ID, CHANNEL_ID, USER_ID, ROLE, JOINED_AT) VALUES ('90b30e1a-8409-4731-8025-8b8bb2d3af90', '25488aaf-e1be-414b-84fe-e08f9ebb4c3d', '49b65d51-1657-4cc9-be4c-bd2cf7fc2825', 'MEMBER', '2025-09-19T12:12:00Z');
INSERT INTO CHANNEL_MEMBERS (ID, CHANNEL_ID, USER_ID, ROLE, JOINED_AT) VALUES ('deb4df66-6d7f-4e63-a448-c91357ec23f4', '25488aaf-e1be-414b-84fe-e08f9ebb4c3d', 'cca6c986-1c75-4bfc-a91b-b2835b28190f', 'ADMIN', '2025-09-19T12:52:00Z');
INSERT INTO CHANNEL_MEMBERS (ID, CHANNEL_ID, USER_ID, ROLE, JOINED_AT) VALUES ('bbe6b641-b8ed-4d71-b72f-eb56e71fd5ee', '25488aaf-e1be-414b-84fe-e08f9ebb4c3d', '823504e6-70c0-42d9-9bd3-aeb1182cbf26', 'MEMBER', '2025-09-19T12:31:00Z');
INSERT INTO CHANNEL_MEMBERS (ID, CHANNEL_ID, USER_ID, ROLE, JOINED_AT) VALUES ('c803726d-4770-465e-8a08-b014dfaa128e', '25488aaf-e1be-414b-84fe-e08f9ebb4c3d', 'b3213146-27a9-4446-bac4-7cec7dbca749', 'MEMBER', '2025-09-19T11:40:00Z');
INSERT INTO CHANNEL_MEMBERS (ID, CHANNEL_ID, USER_ID, ROLE, JOINED_AT) VALUES ('5cdb36a3-caa0-4d87-973a-87bf88a3d9da', '25488aaf-e1be-414b-84fe-e08f9ebb4c3d', '47ee2352-787e-4c24-882c-94c962f4b1e1', 'MEMBER', '2025-09-19T11:27:00Z');
INSERT INTO CHANNEL_MEMBERS (ID, CHANNEL_ID, USER_ID, ROLE, JOINED_AT) VALUES ('5d529cc0-3b9a-439f-bbd4-6ffede3edd6b', '25488aaf-e1be-414b-84fe-e08f9ebb4c3d', '454b4808-719e-46c4-aa9d-e7cf013f1adf', 'MEMBER', '2025-09-19T12:23:00Z');
INSERT INTO CHANNEL_MEMBERS (ID, CHANNEL_ID, USER_ID, ROLE, JOINED_AT) VALUES ('3180a254-fec4-4d8f-b428-6bab108d45e5', '25488aaf-e1be-414b-84fe-e08f9ebb4c3d', 'b0f6e83a-f898-4f41-9f1a-f3a4a17095be', 'MEMBER', '2025-09-19T12:03:00Z');
INSERT INTO CHANNEL_MEMBERS (ID, CHANNEL_ID, USER_ID, ROLE, JOINED_AT) VALUES ('dfb4c443-3b24-4b79-8203-5e94ffa7ce91', '25488aaf-e1be-414b-84fe-e08f9ebb4c3d', 'f655089e-796b-4c37-852e-ac8e05de7649', 'MEMBER', '2025-09-19T11:50:00Z');
INSERT INTO CHANNEL_MEMBERS (ID, CHANNEL_ID, USER_ID, ROLE, JOINED_AT) VALUES ('063e0e2e-d049-4075-8a52-7cdb21f16b5c', 'c8408078-6f6f-4dd6-937b-ff4c87b1fda6', '44f90b5a-04a6-43f0-a4a1-8e5147ed4095', 'MEMBER', '2025-09-19T11:28:00Z');
INSERT INTO CHANNEL_MEMBERS (ID, CHANNEL_ID, USER_ID, ROLE, JOINED_AT) VALUES ('f4845cbe-188e-4d3c-a59e-b7b57b2f873c', 'c8408078-6f6f-4dd6-937b-ff4c87b1fda6', 'b0f6e83a-f898-4f41-9f1a-f3a4a17095be', 'MEMBER', '2025-09-19T11:17:00Z');
INSERT INTO CHANNEL_MEMBERS (ID, CHANNEL_ID, USER_ID, ROLE, JOINED_AT) VALUES ('292dd2c5-46da-4cd9-8b68-579577404302', 'c8408078-6f6f-4dd6-937b-ff4c87b1fda6', 'b3213146-27a9-4446-bac4-7cec7dbca749', 'MEMBER', '2025-09-19T12:05:00Z');
INSERT INTO CHANNEL_MEMBERS (ID, CHANNEL_ID, USER_ID, ROLE, JOINED_AT) VALUES ('6d0aeb84-52d6-49ae-8098-1b8cb8e77e1f', 'c8408078-6f6f-4dd6-937b-ff4c87b1fda6', '823504e6-70c0-42d9-9bd3-aeb1182cbf26', 'MEMBER', '2025-09-19T12:03:00Z');
INSERT INTO CHANNEL_MEMBERS (ID, CHANNEL_ID, USER_ID, ROLE, JOINED_AT) VALUES ('77d8ca6a-17e0-43b8-a737-54d9c66020b2', 'c8408078-6f6f-4dd6-937b-ff4c87b1fda6', '46d7f304-4b15-48c8-93df-26db81861596', 'MEMBER', '2025-09-19T11:11:00Z');
INSERT INTO CHANNEL_MEMBERS (ID, CHANNEL_ID, USER_ID, ROLE, JOINED_AT) VALUES ('ea49c821-1d0d-40a3-9fbb-3076c707c2e4', 'c8408078-6f6f-4dd6-937b-ff4c87b1fda6', 'b8b89a9f-af2c-4060-bdc7-25cf110aae87', 'ADMIN', '2025-09-19T12:36:00Z');
INSERT INTO CHANNEL_MEMBERS (ID, CHANNEL_ID, USER_ID, ROLE, JOINED_AT) VALUES ('f5cd7c43-aabb-4b89-9b1f-7dd91d76da31', 'c8408078-6f6f-4dd6-937b-ff4c87b1fda6', '1eefb0c8-3f57-40e4-af5c-b7961356d8d7', 'MEMBER', '2025-09-19T11:06:00Z');
INSERT INTO CHANNEL_MEMBERS (ID, CHANNEL_ID, USER_ID, ROLE, JOINED_AT) VALUES ('3d04d996-207c-4dc1-a199-ae4baac19196', 'c8408078-6f6f-4dd6-937b-ff4c87b1fda6', '49b65d51-1657-4cc9-be4c-bd2cf7fc2825', 'MEMBER', '2025-09-19T12:50:00Z');
INSERT INTO CHANNEL_MEMBERS (ID, CHANNEL_ID, USER_ID, ROLE, JOINED_AT) VALUES ('11879776-c939-4eaa-b41d-96345646b1ab', 'c8408078-6f6f-4dd6-937b-ff4c87b1fda6', 'd236d842-4dee-4fb0-95ae-e4e1e139bbca', 'MEMBER', '2025-09-19T11:14:00Z');
INSERT INTO CHANNEL_MEMBERS (ID, CHANNEL_ID, USER_ID, ROLE, JOINED_AT) VALUES ('7e40f35f-be7b-4884-8844-9b2bedd2aa48', 'c8408078-6f6f-4dd6-937b-ff4c87b1fda6', 'cf869f21-163a-4c5f-8ec8-8a3841b41ff4', 'MEMBER', '2025-09-19T11:19:00Z');
INSERT INTO CHANNEL_MEMBERS (ID, CHANNEL_ID, USER_ID, ROLE, JOINED_AT) VALUES ('eef5a260-9c1f-492e-a702-60c5a5142d39', 'c8408078-6f6f-4dd6-937b-ff4c87b1fda6', 'fe39ad73-8dd2-49fb-99b8-54c35e928bfd', 'MEMBER', '2025-09-19T12:20:00Z');
INSERT INTO CHANNEL_MEMBERS (ID, CHANNEL_ID, USER_ID, ROLE, JOINED_AT) VALUES ('29d0f886-94f3-48bf-b927-8a2cd7e6a3c1', 'c8408078-6f6f-4dd6-937b-ff4c87b1fda6', '454b4808-719e-46c4-aa9d-e7cf013f1adf', 'MEMBER', '2025-09-19T11:20:00Z');
INSERT INTO CHANNEL_MEMBERS (ID, CHANNEL_ID, USER_ID, ROLE, JOINED_AT) VALUES ('ec1e2aec-804f-4a0c-8e0f-320a240f5860', '7780480d-82bf-4dc2-a69d-0042e73b5ef1', '8c89450e-998a-44c0-9683-e04ba5f229b4', 'MEMBER', '2025-09-19T12:53:00Z');
INSERT INTO CHANNEL_MEMBERS (ID, CHANNEL_ID, USER_ID, ROLE, JOINED_AT) VALUES ('9c145b14-d9e4-4435-b910-e6239b9f9468', '7780480d-82bf-4dc2-a69d-0042e73b5ef1', 'f655089e-796b-4c37-852e-ac8e05de7649', 'MEMBER', '2025-09-19T12:08:00Z');
INSERT INTO CHANNEL_MEMBERS (ID, CHANNEL_ID, USER_ID, ROLE, JOINED_AT) VALUES ('728af626-ef56-45c3-bc3d-e424cbe6f400', '7780480d-82bf-4dc2-a69d-0042e73b5ef1', '454b4808-719e-46c4-aa9d-e7cf013f1adf', 'MEMBER', '2025-09-19T12:36:00Z');
INSERT INTO CHANNEL_MEMBERS (ID, CHANNEL_ID, USER_ID, ROLE, JOINED_AT) VALUES ('13284f5b-3e8d-4712-a767-6e5b78875bbe', '7780480d-82bf-4dc2-a69d-0042e73b5ef1', '7ba43faf-2de0-4a36-aedc-12d14df517c0', 'MEMBER', '2025-09-19T11:34:00Z');
INSERT INTO CHANNEL_MEMBERS (ID, CHANNEL_ID, USER_ID, ROLE, JOINED_AT) VALUES ('bec03653-2a3d-4ef6-bcbe-d81538bf59fc', '7780480d-82bf-4dc2-a69d-0042e73b5ef1', 'b3213146-27a9-4446-bac4-7cec7dbca749', 'MEMBER', '2025-09-19T12:38:00Z');
INSERT INTO CHANNEL_MEMBERS (ID, CHANNEL_ID, USER_ID, ROLE, JOINED_AT) VALUES ('ed0b1aef-a0ca-4be1-8123-cc484feb3a32', '7780480d-82bf-4dc2-a69d-0042e73b5ef1', '3fc5eb3f-bccc-42cd-b3fc-b09b72d068a9', 'MEMBER', '2025-09-19T12:22:00Z');
INSERT INTO CHANNEL_MEMBERS (ID, CHANNEL_ID, USER_ID, ROLE, JOINED_AT) VALUES ('a2294317-6066-472a-a111-e6a08809cffd', '7780480d-82bf-4dc2-a69d-0042e73b5ef1', '46bdf558-8628-4174-9609-116858e46f8d', 'MEMBER', '2025-09-19T11:43:00Z');
INSERT INTO CHANNEL_MEMBERS (ID, CHANNEL_ID, USER_ID, ROLE, JOINED_AT) VALUES ('4a84dda5-834b-4715-80a3-e3fd82d25e95', '7780480d-82bf-4dc2-a69d-0042e73b5ef1', 'b0f6e83a-f898-4f41-9f1a-f3a4a17095be', 'MEMBER', '2025-09-19T11:14:00Z');
INSERT INTO CHANNEL_MEMBERS (ID, CHANNEL_ID, USER_ID, ROLE, JOINED_AT) VALUES ('9e17da8f-ed00-49ac-b188-4cc3e134ae0c', '7780480d-82bf-4dc2-a69d-0042e73b5ef1', 'b8b89a9f-af2c-4060-bdc7-25cf110aae87', 'MEMBER', '2025-09-19T11:37:00Z');
INSERT INTO CHANNEL_MEMBERS (ID, CHANNEL_ID, USER_ID, ROLE, JOINED_AT) VALUES ('a61af0da-b068-4ab0-a134-aff846f043cd', '7780480d-82bf-4dc2-a69d-0042e73b5ef1', 'c6e06622-5b74-40d3-9333-1d54cefa6846', 'MEMBER', '2025-09-19T11:55:00Z');
INSERT INTO CHANNEL_MEMBERS (ID, CHANNEL_ID, USER_ID, ROLE, JOINED_AT) VALUES ('72ea6cdd-6e9b-4548-aba4-d5c84fd1f8cc', '7780480d-82bf-4dc2-a69d-0042e73b5ef1', 'c4b984ad-f282-445d-9f0a-cb83b121795c', 'ADMIN', '2025-09-19T11:20:00Z');
INSERT INTO CHANNEL_MEMBERS (ID, CHANNEL_ID, USER_ID, ROLE, JOINED_AT) VALUES ('a55cc5ae-9406-4a28-8453-18682d83aa9e', 'a22e398c-4b02-4971-a686-a8cb316fd18b', 'c6e06622-5b74-40d3-9333-1d54cefa6846', 'MEMBER', '2025-09-19T11:25:00Z');
INSERT INTO CHANNEL_MEMBERS (ID, CHANNEL_ID, USER_ID, ROLE, JOINED_AT) VALUES ('127ea969-88af-4345-b1e2-d21a819b22e5', 'a22e398c-4b02-4971-a686-a8cb316fd18b', '46d7f304-4b15-48c8-93df-26db81861596', 'MEMBER', '2025-09-19T11:19:00Z');
INSERT INTO CHANNEL_MEMBERS (ID, CHANNEL_ID, USER_ID, ROLE, JOINED_AT) VALUES ('380bcb67-24d5-4925-a4df-1d524bff9ca1', 'a22e398c-4b02-4971-a686-a8cb316fd18b', '49b65d51-1657-4cc9-be4c-bd2cf7fc2825', 'MEMBER', '2025-09-19T11:47:00Z');
INSERT INTO CHANNEL_MEMBERS (ID, CHANNEL_ID, USER_ID, ROLE, JOINED_AT) VALUES ('aee92b12-08fa-4465-b346-168583115b49', 'a22e398c-4b02-4971-a686-a8cb316fd18b', 'b0f6e83a-f898-4f41-9f1a-f3a4a17095be', 'MEMBER', '2025-09-19T12:37:00Z');
INSERT INTO CHANNEL_MEMBERS (ID, CHANNEL_ID, USER_ID, ROLE, JOINED_AT) VALUES ('4d5d01c6-801f-4964-8df4-f740565eebf2', 'a22e398c-4b02-4971-a686-a8cb316fd18b', '46bdf558-8628-4174-9609-116858e46f8d', 'MEMBER', '2025-09-19T11:20:00Z');
INSERT INTO CHANNEL_MEMBERS (ID, CHANNEL_ID, USER_ID, ROLE, JOINED_AT) VALUES ('4fa05dd4-7c2b-468f-a564-3cd7889dde88', 'a22e398c-4b02-4971-a686-a8cb316fd18b', '1eefb0c8-3f57-40e4-af5c-b7961356d8d7', 'MEMBER', '2025-09-19T12:09:00Z');
INSERT INTO CHANNEL_MEMBERS (ID, CHANNEL_ID, USER_ID, ROLE, JOINED_AT) VALUES ('8bf14c02-877e-4a66-8cce-492f47e06be2', 'a22e398c-4b02-4971-a686-a8cb316fd18b', 'c5c0b469-20b8-453b-9740-dc398257d567', 'MEMBER', '2025-09-19T12:39:00Z');
INSERT INTO CHANNEL_MEMBERS (ID, CHANNEL_ID, USER_ID, ROLE, JOINED_AT) VALUES ('2981e521-7f79-47e3-92a3-1d3ccd81b407', 'a22e398c-4b02-4971-a686-a8cb316fd18b', 'b5ff1129-847c-436f-947f-9677ef6e9295', 'MEMBER', '2025-09-19T12:58:00Z');
INSERT INTO CHANNEL_MEMBERS (ID, CHANNEL_ID, USER_ID, ROLE, JOINED_AT) VALUES ('fb01bdfd-1036-4358-8687-6002d99174b0', 'a22e398c-4b02-4971-a686-a8cb316fd18b', 'c4b984ad-f282-445d-9f0a-cb83b121795c', 'MEMBER', '2025-09-19T12:07:00Z');
INSERT INTO CHANNEL_MEMBERS (ID, CHANNEL_ID, USER_ID, ROLE, JOINED_AT) VALUES ('ff801be5-934a-4fdc-a73f-0fd6acbe6b2c', 'a22e398c-4b02-4971-a686-a8cb316fd18b', '40106d51-51a2-4198-8da1-39d1b8a20da2', 'ADMIN', '2025-09-19T12:57:00Z');
INSERT INTO CHANNEL_MEMBERS (ID, CHANNEL_ID, USER_ID, ROLE, JOINED_AT) VALUES ('f7c19ed9-1ced-491d-9b34-1138522acd2a', 'a22e398c-4b02-4971-a686-a8cb316fd18b', '0dfbd74c-4e6f-4f54-bd6b-b95305d22a0a', 'MEMBER', '2025-09-19T11:00:00Z');
INSERT INTO CHANNEL_MEMBERS (ID, CHANNEL_ID, USER_ID, ROLE, JOINED_AT) VALUES ('f372e7fc-7c37-4dd4-af64-09858701ff59', 'a22e398c-4b02-4971-a686-a8cb316fd18b', '68aa5609-d104-41c7-b7b7-a43c4e7863a2', 'MEMBER', '2025-09-19T12:16:00Z');
INSERT INTO CHANNEL_MEMBERS (ID, CHANNEL_ID, USER_ID, ROLE, JOINED_AT) VALUES ('608bc13e-3136-4823-ada1-9c49ac1257c8', '9d29b9e3-1967-4cd6-95f7-d6f78ced92de', '8f1cfd3f-c558-4153-a980-408082fb1a45', 'MEMBER', '2025-09-19T11:10:00Z');
INSERT INTO CHANNEL_MEMBERS (ID, CHANNEL_ID, USER_ID, ROLE, JOINED_AT) VALUES ('8758ced8-cc18-4bb3-a7cc-01c7b85e55cb', '9d29b9e3-1967-4cd6-95f7-d6f78ced92de', 'c6e06622-5b74-40d3-9333-1d54cefa6846', 'ADMIN', '2025-09-19T12:33:00Z');
INSERT INTO CHANNEL_MEMBERS (ID, CHANNEL_ID, USER_ID, ROLE, JOINED_AT) VALUES ('c16ecdc6-8c3d-4afa-b375-70bb3f1b82c2', '9d29b9e3-1967-4cd6-95f7-d6f78ced92de', 'c4b984ad-f282-445d-9f0a-cb83b121795c', 'MEMBER', '2025-09-19T12:02:00Z');
INSERT INTO CHANNEL_MEMBERS (ID, CHANNEL_ID, USER_ID, ROLE, JOINED_AT) VALUES ('6a5e6493-c00c-4b0b-b1b6-cce4daa89be5', '9d29b9e3-1967-4cd6-95f7-d6f78ced92de', 'de40e6fa-13ad-42a4-a2c5-2e4e1469aa60', 'MEMBER', '2025-09-19T12:44:00Z');
INSERT INTO CHANNEL_MEMBERS (ID, CHANNEL_ID, USER_ID, ROLE, JOINED_AT) VALUES ('ae0da072-bc46-4ea7-beaa-1d99178d6336', '9d29b9e3-1967-4cd6-95f7-d6f78ced92de', 'b5ff1129-847c-436f-947f-9677ef6e9295', 'MEMBER', '2025-09-19T11:08:00Z');
INSERT INTO CHANNEL_MEMBERS (ID, CHANNEL_ID, USER_ID, ROLE, JOINED_AT) VALUES ('e5c7362b-93b9-46b9-aae1-e3a3db5c5ed1', '9d29b9e3-1967-4cd6-95f7-d6f78ced92de', '0dfbd74c-4e6f-4f54-bd6b-b95305d22a0a', 'MEMBER', '2025-09-19T12:37:00Z');
INSERT INTO CHANNEL_MEMBERS (ID, CHANNEL_ID, USER_ID, ROLE, JOINED_AT) VALUES ('e219cb1c-7495-42b9-8f3a-c46bcbb79a56', '9d29b9e3-1967-4cd6-95f7-d6f78ced92de', '823504e6-70c0-42d9-9bd3-aeb1182cbf26', 'MEMBER', '2025-09-19T12:08:00Z');
INSERT INTO CHANNEL_MEMBERS (ID, CHANNEL_ID, USER_ID, ROLE, JOINED_AT) VALUES ('fda13d36-dfad-4863-ac59-72b96d4d5dc2', '9d29b9e3-1967-4cd6-95f7-d6f78ced92de', 'cca6c986-1c75-4bfc-a91b-b2835b28190f', 'MEMBER', '2025-09-19T12:38:00Z');
INSERT INTO CHANNEL_MEMBERS (ID, CHANNEL_ID, USER_ID, ROLE, JOINED_AT) VALUES ('6b1cbd19-dfeb-4234-93bc-a31f6d6dc8cc', '9d29b9e3-1967-4cd6-95f7-d6f78ced92de', '46d7f304-4b15-48c8-93df-26db81861596', 'MEMBER', '2025-09-19T11:16:00Z');
INSERT INTO CHANNEL_MEMBERS (ID, CHANNEL_ID, USER_ID, ROLE, JOINED_AT) VALUES ('14ab067d-e072-46cb-84ef-6f03a1655b9f', '9d29b9e3-1967-4cd6-95f7-d6f78ced92de', 'd236d842-4dee-4fb0-95ae-e4e1e139bbca', 'MEMBER', '2025-09-19T11:16:00Z');
INSERT INTO CHANNEL_MEMBERS (ID, CHANNEL_ID, USER_ID, ROLE, JOINED_AT) VALUES ('d151150c-ce09-49d7-9729-5a623d25dd03', '1d5498d3-2502-4c9f-b608-c9e964ac4863', 'b8b89a9f-af2c-4060-bdc7-25cf110aae87', 'MEMBER', '2025-09-19T12:55:00Z');
INSERT INTO CHANNEL_MEMBERS (ID, CHANNEL_ID, USER_ID, ROLE, JOINED_AT) VALUES ('58a59e3e-45f4-4927-82e2-ad193893e7a9', '1d5498d3-2502-4c9f-b608-c9e964ac4863', 'c5c0b469-20b8-453b-9740-dc398257d567', 'MEMBER', '2025-09-19T12:06:00Z');
INSERT INTO CHANNEL_MEMBERS (ID, CHANNEL_ID, USER_ID, ROLE, JOINED_AT) VALUES ('29a6c22e-878d-4c1b-9024-ba4bfc2e5da5', '1d5498d3-2502-4c9f-b608-c9e964ac4863', 'b0f6e83a-f898-4f41-9f1a-f3a4a17095be', 'MEMBER', '2025-09-19T11:57:00Z');
INSERT INTO CHANNEL_MEMBERS (ID, CHANNEL_ID, USER_ID, ROLE, JOINED_AT) VALUES ('5094ada8-1cdf-4e72-82b6-50a152869494', '1d5498d3-2502-4c9f-b608-c9e964ac4863', '46bdf558-8628-4174-9609-116858e46f8d', 'MEMBER', '2025-09-19T11:15:00Z');
INSERT INTO CHANNEL_MEMBERS (ID, CHANNEL_ID, USER_ID, ROLE, JOINED_AT) VALUES ('d50d528d-3a0e-4165-890c-040197482a32', '1d5498d3-2502-4c9f-b608-c9e964ac4863', '8c89450e-998a-44c0-9683-e04ba5f229b4', 'MEMBER', '2025-09-19T11:31:00Z');
INSERT INTO CHANNEL_MEMBERS (ID, CHANNEL_ID, USER_ID, ROLE, JOINED_AT) VALUES ('8dcd9262-e636-4d3e-b1a2-fedda59bec43', '1d5498d3-2502-4c9f-b608-c9e964ac4863', 'cf869f21-163a-4c5f-8ec8-8a3841b41ff4', 'MEMBER', '2025-09-19T11:28:00Z');
INSERT INTO CHANNEL_MEMBERS (ID, CHANNEL_ID, USER_ID, ROLE, JOINED_AT) VALUES ('f95c9618-ac95-4236-ba0d-71346db51bb4', '1d5498d3-2502-4c9f-b608-c9e964ac4863', '76b42678-1324-4c0a-b3c2-4faf5543bf5a', 'MEMBER', '2025-09-19T11:08:00Z');
INSERT INTO CHANNEL_MEMBERS (ID, CHANNEL_ID, USER_ID, ROLE, JOINED_AT) VALUES ('5ec27fda-df70-40a0-a954-04967be8a354', '1d5498d3-2502-4c9f-b608-c9e964ac4863', 'b3213146-27a9-4446-bac4-7cec7dbca749', 'ADMIN', '2025-09-19T11:43:00Z');
INSERT INTO CHANNEL_MEMBERS (ID, CHANNEL_ID, USER_ID, ROLE, JOINED_AT) VALUES ('a2648b62-5399-4c06-bcaf-2e86523d5ddb', '1d5498d3-2502-4c9f-b608-c9e964ac4863', '46d7f304-4b15-48c8-93df-26db81861596', 'MEMBER', '2025-09-19T11:02:00Z');
INSERT INTO CHANNEL_MEMBERS (ID, CHANNEL_ID, USER_ID, ROLE, JOINED_AT) VALUES ('b7962212-c52f-4ee6-aadc-5fff14f954da', '1d5498d3-2502-4c9f-b608-c9e964ac4863', '0dfbd74c-4e6f-4f54-bd6b-b95305d22a0a', 'MEMBER', '2025-09-19T12:15:00Z');
INSERT INTO CHANNEL_MEMBERS (ID, CHANNEL_ID, USER_ID, ROLE, JOINED_AT) VALUES ('a3d27967-1669-4ff1-bf2a-298b579838c5', '1d5498d3-2502-4c9f-b608-c9e964ac4863', '454b4808-719e-46c4-aa9d-e7cf013f1adf', 'MEMBER', '2025-09-19T12:10:00Z');
INSERT INTO CHANNEL_MEMBERS (ID, CHANNEL_ID, USER_ID, ROLE, JOINED_AT) VALUES ('7641255b-7222-4b94-b00d-cb4db75b1a1e', '1d5498d3-2502-4c9f-b608-c9e964ac4863', 'de40e6fa-13ad-42a4-a2c5-2e4e1469aa60', 'MEMBER', '2025-09-19T11:29:00Z');
INSERT INTO CHANNEL_MEMBERS (ID, CHANNEL_ID, USER_ID, ROLE, JOINED_AT) VALUES ('cf909f09-89c4-4aad-8d5c-97f698e55f75', '52f8db65-372d-442a-ac45-86ceabc81cad', 'c6e06622-5b74-40d3-9333-1d54cefa6846', 'MEMBER', '2025-09-19T11:09:00Z');
INSERT INTO CHANNEL_MEMBERS (ID, CHANNEL_ID, USER_ID, ROLE, JOINED_AT) VALUES ('567434cf-0515-4a30-81c9-7dd83e27199d', '52f8db65-372d-442a-ac45-86ceabc81cad', 'f655089e-796b-4c37-852e-ac8e05de7649', 'MEMBER', '2025-09-19T12:05:00Z');
INSERT INTO CHANNEL_MEMBERS (ID, CHANNEL_ID, USER_ID, ROLE, JOINED_AT) VALUES ('69f46163-7806-4221-8580-f7377b1dd29d', '52f8db65-372d-442a-ac45-86ceabc81cad', '68aa5609-d104-41c7-b7b7-a43c4e7863a2', 'MEMBER', '2025-09-19T11:30:00Z');
INSERT INTO CHANNEL_MEMBERS (ID, CHANNEL_ID, USER_ID, ROLE, JOINED_AT) VALUES ('f1675455-15e2-4201-bff8-0b4dc858834c', '52f8db65-372d-442a-ac45-86ceabc81cad', '40106d51-51a2-4198-8da1-39d1b8a20da2', 'MEMBER', '2025-09-19T11:35:00Z');
INSERT INTO CHANNEL_MEMBERS (ID, CHANNEL_ID, USER_ID, ROLE, JOINED_AT) VALUES ('69527544-4e58-41eb-9bee-c440ca9a81ca', '52f8db65-372d-442a-ac45-86ceabc81cad', 'cca6c986-1c75-4bfc-a91b-b2835b28190f', 'MEMBER', '2025-09-19T12:25:00Z');
INSERT INTO CHANNEL_MEMBERS (ID, CHANNEL_ID, USER_ID, ROLE, JOINED_AT) VALUES ('d5ed5fb6-d474-417f-a6ae-323e6249c3a9', '52f8db65-372d-442a-ac45-86ceabc81cad', '823504e6-70c0-42d9-9bd3-aeb1182cbf26', 'ADMIN', '2025-09-19T12:02:00Z');
INSERT INTO CHANNEL_MEMBERS (ID, CHANNEL_ID, USER_ID, ROLE, JOINED_AT) VALUES ('9a1b3f1b-37b4-4c5c-929f-b2488d643a33', '52f8db65-372d-442a-ac45-86ceabc81cad', '49b65d51-1657-4cc9-be4c-bd2cf7fc2825', 'MEMBER', '2025-09-19T11:27:00Z');
INSERT INTO CHANNEL_MEMBERS (ID, CHANNEL_ID, USER_ID, ROLE, JOINED_AT) VALUES ('966ee5fe-9818-4550-b8e1-5369ec4018ab', '52f8db65-372d-442a-ac45-86ceabc81cad', 'b5ff1129-847c-436f-947f-9677ef6e9295', 'MEMBER', '2025-09-19T12:09:00Z');
INSERT INTO CHANNEL_MEMBERS (ID, CHANNEL_ID, USER_ID, ROLE, JOINED_AT) VALUES ('94182cb4-3ec6-413a-91c0-0293aaf0154e', 'febc7454-eb22-42db-88b2-87eef9ed139a', '46d7f304-4b15-48c8-93df-26db81861596', 'MEMBER', '2025-09-19T11:52:00Z');
INSERT INTO CHANNEL_MEMBERS (ID, CHANNEL_ID, USER_ID, ROLE, JOINED_AT) VALUES ('9c422d73-23e7-4960-8929-14441c24499e', 'febc7454-eb22-42db-88b2-87eef9ed139a', '49b65d51-1657-4cc9-be4c-bd2cf7fc2825', 'MEMBER', '2025-09-19T11:24:00Z');
INSERT INTO CHANNEL_MEMBERS (ID, CHANNEL_ID, USER_ID, ROLE, JOINED_AT) VALUES ('dcd09f63-edf4-46ba-af1d-3040a341da80', 'febc7454-eb22-42db-88b2-87eef9ed139a', 'd236d842-4dee-4fb0-95ae-e4e1e139bbca', 'MEMBER', '2025-09-19T11:12:00Z');
INSERT INTO CHANNEL_MEMBERS (ID, CHANNEL_ID, USER_ID, ROLE, JOINED_AT) VALUES ('f55aaa67-58b5-4c48-b6bd-52e635246779', 'febc7454-eb22-42db-88b2-87eef9ed139a', '7ba43faf-2de0-4a36-aedc-12d14df517c0', 'MEMBER', '2025-09-19T11:12:00Z');
INSERT INTO CHANNEL_MEMBERS (ID, CHANNEL_ID, USER_ID, ROLE, JOINED_AT) VALUES ('cfffb4fa-3539-4a43-b760-f6e135ffbd5d', 'febc7454-eb22-42db-88b2-87eef9ed139a', '8f1cfd3f-c558-4153-a980-408082fb1a45', 'MEMBER', '2025-09-19T12:24:00Z');
INSERT INTO CHANNEL_MEMBERS (ID, CHANNEL_ID, USER_ID, ROLE, JOINED_AT) VALUES ('de4b81d8-a544-4467-a09c-f20365d7ecee', 'febc7454-eb22-42db-88b2-87eef9ed139a', '823504e6-70c0-42d9-9bd3-aeb1182cbf26', 'MEMBER', '2025-09-19T11:55:00Z');
INSERT INTO CHANNEL_MEMBERS (ID, CHANNEL_ID, USER_ID, ROLE, JOINED_AT) VALUES ('e54fd3cf-6d95-453a-afad-06105698a96f', 'febc7454-eb22-42db-88b2-87eef9ed139a', 'b5ff1129-847c-436f-947f-9677ef6e9295', 'ADMIN', '2025-09-19T11:45:00Z');
INSERT INTO CHANNEL_MEMBERS (ID, CHANNEL_ID, USER_ID, ROLE, JOINED_AT) VALUES ('bac8921a-0949-4ea1-a176-f750ccc2e032', '1301cf95-9bba-4cd2-9c6e-732714ef6f94', 'cf869f21-163a-4c5f-8ec8-8a3841b41ff4', 'MEMBER', '2025-09-19T12:42:00Z');
INSERT INTO CHANNEL_MEMBERS (ID, CHANNEL_ID, USER_ID, ROLE, JOINED_AT) VALUES ('f8d089a6-1942-4b8d-87a6-795c3aebdfcb', '1301cf95-9bba-4cd2-9c6e-732714ef6f94', '3fc5eb3f-bccc-42cd-b3fc-b09b72d068a9', 'MEMBER', '2025-09-19T12:50:00Z');
INSERT INTO CHANNEL_MEMBERS (ID, CHANNEL_ID, USER_ID, ROLE, JOINED_AT) VALUES ('b2147072-9ecf-45b6-a361-f40dcc765f8f', '1301cf95-9bba-4cd2-9c6e-732714ef6f94', '7ba43faf-2de0-4a36-aedc-12d14df517c0', 'MEMBER', '2025-09-19T11:13:00Z');
INSERT INTO CHANNEL_MEMBERS (ID, CHANNEL_ID, USER_ID, ROLE, JOINED_AT) VALUES ('19927032-c8be-451e-a3b1-48aabbca5ccf', '1301cf95-9bba-4cd2-9c6e-732714ef6f94', '46d7f304-4b15-48c8-93df-26db81861596', 'MEMBER', '2025-09-19T11:31:00Z');
INSERT INTO CHANNEL_MEMBERS (ID, CHANNEL_ID, USER_ID, ROLE, JOINED_AT) VALUES ('9c93f332-1eff-4110-825e-b37662284327', '1301cf95-9bba-4cd2-9c6e-732714ef6f94', 'cca6c986-1c75-4bfc-a91b-b2835b28190f', 'MEMBER', '2025-09-19T11:24:00Z');
INSERT INTO CHANNEL_MEMBERS (ID, CHANNEL_ID, USER_ID, ROLE, JOINED_AT) VALUES ('ecc9434e-2a4e-4f35-9ef6-e98cf8e3bb4b', '1301cf95-9bba-4cd2-9c6e-732714ef6f94', 'fe39ad73-8dd2-49fb-99b8-54c35e928bfd', 'ADMIN', '2025-09-19T11:24:00Z');
INSERT INTO CHANNEL_MEMBERS (ID, CHANNEL_ID, USER_ID, ROLE, JOINED_AT) VALUES ('f722726b-a97e-4efc-9abb-574fa0f15206', '1301cf95-9bba-4cd2-9c6e-732714ef6f94', '40106d51-51a2-4198-8da1-39d1b8a20da2', 'MEMBER', '2025-09-19T12:08:00Z');
INSERT INTO CHANNEL_MEMBERS (ID, CHANNEL_ID, USER_ID, ROLE, JOINED_AT) VALUES ('de187675-f6f5-4925-af41-d2f95b43239a', '1301cf95-9bba-4cd2-9c6e-732714ef6f94', '91aca6c5-4c31-4977-87e1-d46478665c89', 'MEMBER', '2025-09-19T11:57:00Z');
INSERT INTO CHANNEL_MEMBERS (ID, CHANNEL_ID, USER_ID, ROLE, JOINED_AT) VALUES ('5f14d916-9a5a-46d6-a357-c7d0ba14a54d', '1301cf95-9bba-4cd2-9c6e-732714ef6f94', 'c4b984ad-f282-445d-9f0a-cb83b121795c', 'MEMBER', '2025-09-19T11:17:00Z');
INSERT INTO CHANNEL_MEMBERS (ID, CHANNEL_ID, USER_ID, ROLE, JOINED_AT) VALUES ('b807bc30-afea-4934-b629-1abe951367b2', '1301cf95-9bba-4cd2-9c6e-732714ef6f94', 'b5ff1129-847c-436f-947f-9677ef6e9295', 'MEMBER', '2025-09-19T11:54:00Z');
INSERT INTO CHANNEL_MEMBERS (ID, CHANNEL_ID, USER_ID, ROLE, JOINED_AT) VALUES ('ce1f9929-fa6b-4dac-ad91-95728d063598', '1301cf95-9bba-4cd2-9c6e-732714ef6f94', '454b4808-719e-46c4-aa9d-e7cf013f1adf', 'MEMBER', '2025-09-19T11:23:00Z');
INSERT INTO CHANNEL_MEMBERS (ID, CHANNEL_ID, USER_ID, ROLE, JOINED_AT) VALUES ('cba278ca-9fc3-4cd8-a81a-76da4a095954', '1fd3c0dd-7ccd-4480-80b9-167df954bc15', '3fc5eb3f-bccc-42cd-b3fc-b09b72d068a9', 'MEMBER', '2025-09-19T12:47:00Z');
INSERT INTO CHANNEL_MEMBERS (ID, CHANNEL_ID, USER_ID, ROLE, JOINED_AT) VALUES ('7e22b1db-5e15-42b1-8623-a52b07a08f24', '1fd3c0dd-7ccd-4480-80b9-167df954bc15', '823504e6-70c0-42d9-9bd3-aeb1182cbf26', 'MEMBER', '2025-09-19T11:01:00Z');
INSERT INTO CHANNEL_MEMBERS (ID, CHANNEL_ID, USER_ID, ROLE, JOINED_AT) VALUES ('eea5ec00-b0e8-47ef-8506-fe46fdff1ba4', '1fd3c0dd-7ccd-4480-80b9-167df954bc15', '7ba43faf-2de0-4a36-aedc-12d14df517c0', 'MEMBER', '2025-09-19T11:11:00Z');
INSERT INTO CHANNEL_MEMBERS (ID, CHANNEL_ID, USER_ID, ROLE, JOINED_AT) VALUES ('38e00125-4f14-4981-9186-ed9247035de6', '1fd3c0dd-7ccd-4480-80b9-167df954bc15', 'f655089e-796b-4c37-852e-ac8e05de7649', 'MEMBER', '2025-09-19T12:58:00Z');
INSERT INTO CHANNEL_MEMBERS (ID, CHANNEL_ID, USER_ID, ROLE, JOINED_AT) VALUES ('6612c176-7b4e-4ff5-8675-f799b2112d01', '1fd3c0dd-7ccd-4480-80b9-167df954bc15', 'b3213146-27a9-4446-bac4-7cec7dbca749', 'MEMBER', '2025-09-19T12:36:00Z');
INSERT INTO CHANNEL_MEMBERS (ID, CHANNEL_ID, USER_ID, ROLE, JOINED_AT) VALUES ('5a6f597e-f438-45a7-b35e-ad6ed3d9a546', '1fd3c0dd-7ccd-4480-80b9-167df954bc15', 'b8b89a9f-af2c-4060-bdc7-25cf110aae87', 'MEMBER', '2025-09-19T12:48:00Z');
INSERT INTO CHANNEL_MEMBERS (ID, CHANNEL_ID, USER_ID, ROLE, JOINED_AT) VALUES ('abd240b1-174e-4c53-83e2-349855f12fe9', '1fd3c0dd-7ccd-4480-80b9-167df954bc15', 'c4b984ad-f282-445d-9f0a-cb83b121795c', 'MEMBER', '2025-09-19T11:30:00Z');
INSERT INTO CHANNEL_MEMBERS (ID, CHANNEL_ID, USER_ID, ROLE, JOINED_AT) VALUES ('8b29a9e3-56a1-4874-976c-c795a7bbd467', '1fd3c0dd-7ccd-4480-80b9-167df954bc15', 'cca6c986-1c75-4bfc-a91b-b2835b28190f', 'MEMBER', '2025-09-19T11:21:00Z');
INSERT INTO CHANNEL_MEMBERS (ID, CHANNEL_ID, USER_ID, ROLE, JOINED_AT) VALUES ('f3e90642-cffa-415e-a391-617a6eff7bbb', '1fd3c0dd-7ccd-4480-80b9-167df954bc15', '40106d51-51a2-4198-8da1-39d1b8a20da2', 'ADMIN', '2025-09-19T11:52:00Z');
INSERT INTO CHANNEL_MEMBERS (ID, CHANNEL_ID, USER_ID, ROLE, JOINED_AT) VALUES ('9d55afe3-9860-47e7-93ea-d44a48f9ae43', 'ec6f7feb-306c-484c-83bb-24fcb6e18068', '8f1cfd3f-c558-4153-a980-408082fb1a45', 'MEMBER', '2025-09-19T12:29:00Z');
INSERT INTO CHANNEL_MEMBERS (ID, CHANNEL_ID, USER_ID, ROLE, JOINED_AT) VALUES ('2e4764df-d8d9-498a-9dc3-c093f8c32141', 'ec6f7feb-306c-484c-83bb-24fcb6e18068', '76b42678-1324-4c0a-b3c2-4faf5543bf5a', 'MEMBER', '2025-09-19T12:33:00Z');
INSERT INTO CHANNEL_MEMBERS (ID, CHANNEL_ID, USER_ID, ROLE, JOINED_AT) VALUES ('3f54669d-9d46-4ba5-9431-bf54c95f21f0', 'ec6f7feb-306c-484c-83bb-24fcb6e18068', '7ba43faf-2de0-4a36-aedc-12d14df517c0', 'MEMBER', '2025-09-19T12:40:00Z');
INSERT INTO CHANNEL_MEMBERS (ID, CHANNEL_ID, USER_ID, ROLE, JOINED_AT) VALUES ('08636add-2caa-42fb-90cd-6790acbcce3d', 'ec6f7feb-306c-484c-83bb-24fcb6e18068', '454b4808-719e-46c4-aa9d-e7cf013f1adf', 'MEMBER', '2025-09-19T12:11:00Z');
INSERT INTO CHANNEL_MEMBERS (ID, CHANNEL_ID, USER_ID, ROLE, JOINED_AT) VALUES ('2fc5f706-a50a-4475-ad4f-169b1fb9c363', 'ec6f7feb-306c-484c-83bb-24fcb6e18068', 'cca6c986-1c75-4bfc-a91b-b2835b28190f', 'MEMBER', '2025-09-19T12:24:00Z');
INSERT INTO CHANNEL_MEMBERS (ID, CHANNEL_ID, USER_ID, ROLE, JOINED_AT) VALUES ('bcf96bf0-7b1e-443f-b480-10de7872f1fe', 'ec6f7feb-306c-484c-83bb-24fcb6e18068', 'c5c0b469-20b8-453b-9740-dc398257d567', 'MEMBER', '2025-09-19T12:31:00Z');
INSERT INTO CHANNEL_MEMBERS (ID, CHANNEL_ID, USER_ID, ROLE, JOINED_AT) VALUES ('df8af234-5151-4d63-a590-e12842adf1df', 'ec6f7feb-306c-484c-83bb-24fcb6e18068', '91aca6c5-4c31-4977-87e1-d46478665c89', 'ADMIN', '2025-09-19T12:02:00Z');
INSERT INTO CHANNEL_MEMBERS (ID, CHANNEL_ID, USER_ID, ROLE, JOINED_AT) VALUES ('1bc63e30-26d8-4c48-a835-de43d1383412', 'ec6f7feb-306c-484c-83bb-24fcb6e18068', 'c6e06622-5b74-40d3-9333-1d54cefa6846', 'MEMBER', '2025-09-19T11:19:00Z');
INSERT INTO CHANNEL_MEMBERS (ID, CHANNEL_ID, USER_ID, ROLE, JOINED_AT) VALUES ('6b29c0f8-b949-4737-8b57-80dfdd35db3e', 'ec6f7feb-306c-484c-83bb-24fcb6e18068', '46d7f304-4b15-48c8-93df-26db81861596', 'MEMBER', '2025-09-19T11:24:00Z');
INSERT INTO CHANNEL_MEMBERS (ID, CHANNEL_ID, USER_ID, ROLE, JOINED_AT) VALUES ('b4456f1b-6200-4833-a520-323e62bbdafc', 'ec6f7feb-306c-484c-83bb-24fcb6e18068', 'b0f6e83a-f898-4f41-9f1a-f3a4a17095be', 'MEMBER', '2025-09-19T11:37:00Z');
INSERT INTO CHANNEL_MEMBERS (ID, CHANNEL_ID, USER_ID, ROLE, JOINED_AT) VALUES ('9029df76-69f9-4104-9ce6-a18e6ca3b5a8', 'ec6f7feb-306c-484c-83bb-24fcb6e18068', '3fc5eb3f-bccc-42cd-b3fc-b09b72d068a9', 'MEMBER', '2025-09-19T11:27:00Z');
INSERT INTO CHANNEL_MEMBERS (ID, CHANNEL_ID, USER_ID, ROLE, JOINED_AT) VALUES ('eeb9ba89-ada7-44a4-a319-c130ee476867', 'ec6f7feb-306c-484c-83bb-24fcb6e18068', '0dfbd74c-4e6f-4f54-bd6b-b95305d22a0a', 'MEMBER', '2025-09-19T11:07:00Z');
INSERT INTO CHANNEL_MEMBERS (ID, CHANNEL_ID, USER_ID, ROLE, JOINED_AT) VALUES ('46bfcc75-a355-496f-9013-22fc4472db07', 'aaf2dd12-87f6-49f2-913f-50703e8d0d2f', '46d7f304-4b15-48c8-93df-26db81861596', 'MEMBER', '2025-09-19T12:57:00Z');
INSERT INTO CHANNEL_MEMBERS (ID, CHANNEL_ID, USER_ID, ROLE, JOINED_AT) VALUES ('c5710fa4-d715-4ad2-97f5-2b3c2f0cea9a', 'aaf2dd12-87f6-49f2-913f-50703e8d0d2f', '47ee2352-787e-4c24-882c-94c962f4b1e1', 'MEMBER', '2025-09-19T12:49:00Z');
INSERT INTO CHANNEL_MEMBERS (ID, CHANNEL_ID, USER_ID, ROLE, JOINED_AT) VALUES ('ca08de88-f7ef-4320-b96a-cb5d427a14af', 'aaf2dd12-87f6-49f2-913f-50703e8d0d2f', 'cca6c986-1c75-4bfc-a91b-b2835b28190f', 'MEMBER', '2025-09-19T12:07:00Z');
INSERT INTO CHANNEL_MEMBERS (ID, CHANNEL_ID, USER_ID, ROLE, JOINED_AT) VALUES ('bc5212cc-f4f7-40d8-9192-f4cc13f72730', 'aaf2dd12-87f6-49f2-913f-50703e8d0d2f', 'd236d842-4dee-4fb0-95ae-e4e1e139bbca', 'MEMBER', '2025-09-19T11:20:00Z');
INSERT INTO CHANNEL_MEMBERS (ID, CHANNEL_ID, USER_ID, ROLE, JOINED_AT) VALUES ('e6776436-ed13-483d-b449-020c3fe39c0a', 'aaf2dd12-87f6-49f2-913f-50703e8d0d2f', '8f1cfd3f-c558-4153-a980-408082fb1a45', 'ADMIN', '2025-09-19T11:07:00Z');
INSERT INTO CHANNEL_MEMBERS (ID, CHANNEL_ID, USER_ID, ROLE, JOINED_AT) VALUES ('0853960a-348f-42f0-895a-7e44ab85a48a', '2d5981e0-a714-4e67-8402-9f66480d6b4a', '7ba43faf-2de0-4a36-aedc-12d14df517c0', 'MEMBER', '2025-09-19T11:51:00Z');
INSERT INTO CHANNEL_MEMBERS (ID, CHANNEL_ID, USER_ID, ROLE, JOINED_AT) VALUES ('e63c9efa-99b5-46f8-85d6-e09e203191d6', '2d5981e0-a714-4e67-8402-9f66480d6b4a', 'c5c0b469-20b8-453b-9740-dc398257d567', 'ADMIN', '2025-09-19T11:15:00Z');
INSERT INTO CHANNEL_MEMBERS (ID, CHANNEL_ID, USER_ID, ROLE, JOINED_AT) VALUES ('582ad4b5-c9cd-4bf0-be1d-638467f184ba', '2d5981e0-a714-4e67-8402-9f66480d6b4a', 'f655089e-796b-4c37-852e-ac8e05de7649', 'MEMBER', '2025-09-19T13:00:00Z');
INSERT INTO CHANNEL_MEMBERS (ID, CHANNEL_ID, USER_ID, ROLE, JOINED_AT) VALUES ('11abab7c-e7ee-4e07-a081-8f68bb3a1510', '2d5981e0-a714-4e67-8402-9f66480d6b4a', '8c89450e-998a-44c0-9683-e04ba5f229b4', 'MEMBER', '2025-09-19T12:53:00Z');
INSERT INTO CHANNEL_MEMBERS (ID, CHANNEL_ID, USER_ID, ROLE, JOINED_AT) VALUES ('fffd7f4c-63d5-4bea-ba0b-05db7765b3ce', '2d5981e0-a714-4e67-8402-9f66480d6b4a', 'b3213146-27a9-4446-bac4-7cec7dbca749', 'MEMBER', '2025-09-19T12:12:00Z');
INSERT INTO CHANNEL_MEMBERS (ID, CHANNEL_ID, USER_ID, ROLE, JOINED_AT) VALUES ('0f7cb857-b050-456e-9af1-a28a97a1f961', '2d5981e0-a714-4e67-8402-9f66480d6b4a', 'fe39ad73-8dd2-49fb-99b8-54c35e928bfd', 'MEMBER', '2025-09-19T11:31:00Z');
INSERT INTO CHANNEL_MEMBERS (ID, CHANNEL_ID, USER_ID, ROLE, JOINED_AT) VALUES ('08366343-6229-4152-98f1-0a8f3c1468b5', '6996ef3c-3eba-421e-b46a-aea292eec45d', '8c89450e-998a-44c0-9683-e04ba5f229b4', 'MEMBER', '2025-09-19T12:06:00Z');
INSERT INTO CHANNEL_MEMBERS (ID, CHANNEL_ID, USER_ID, ROLE, JOINED_AT) VALUES ('c75239e1-9f3c-42ea-b3a2-709800a04f4d', '6996ef3c-3eba-421e-b46a-aea292eec45d', 'f655089e-796b-4c37-852e-ac8e05de7649', 'MEMBER', '2025-09-19T11:40:00Z');
INSERT INTO CHANNEL_MEMBERS (ID, CHANNEL_ID, USER_ID, ROLE, JOINED_AT) VALUES ('26756bba-f3ac-4434-9685-bd0cd469f982', '6996ef3c-3eba-421e-b46a-aea292eec45d', 'cf869f21-163a-4c5f-8ec8-8a3841b41ff4', 'MEMBER', '2025-09-19T12:59:00Z');
INSERT INTO CHANNEL_MEMBERS (ID, CHANNEL_ID, USER_ID, ROLE, JOINED_AT) VALUES ('7d789073-12aa-4279-baf6-9f62c88ca150', '6996ef3c-3eba-421e-b46a-aea292eec45d', 'fe39ad73-8dd2-49fb-99b8-54c35e928bfd', 'MEMBER', '2025-09-19T11:33:00Z');
INSERT INTO CHANNEL_MEMBERS (ID, CHANNEL_ID, USER_ID, ROLE, JOINED_AT) VALUES ('ed8b2d20-5cdd-4d5f-824a-5be23730d953', '6996ef3c-3eba-421e-b46a-aea292eec45d', 'd236d842-4dee-4fb0-95ae-e4e1e139bbca', 'ADMIN', '2025-09-19T11:26:00Z');
INSERT INTO CHANNEL_MEMBERS (ID, CHANNEL_ID, USER_ID, ROLE, JOINED_AT) VALUES ('16275153-174c-483e-81f2-499cbf4c40b2', '02b5b892-7cfa-48c9-97f5-b0d771bbb0c5', '823504e6-70c0-42d9-9bd3-aeb1182cbf26', 'ADMIN', '2025-09-19T11:58:00Z');
INSERT INTO CHANNEL_MEMBERS (ID, CHANNEL_ID, USER_ID, ROLE, JOINED_AT) VALUES ('a95a3ffd-e955-4924-b4cd-2b330379c2c2', '02b5b892-7cfa-48c9-97f5-b0d771bbb0c5', 'b0f6e83a-f898-4f41-9f1a-f3a4a17095be', 'MEMBER', '2025-09-19T12:19:00Z');
INSERT INTO CHANNEL_MEMBERS (ID, CHANNEL_ID, USER_ID, ROLE, JOINED_AT) VALUES ('00190efb-1834-4182-87d0-83f745b1b490', '02b5b892-7cfa-48c9-97f5-b0d771bbb0c5', '454b4808-719e-46c4-aa9d-e7cf013f1adf', 'MEMBER', '2025-09-19T12:12:00Z');
INSERT INTO CHANNEL_MEMBERS (ID, CHANNEL_ID, USER_ID, ROLE, JOINED_AT) VALUES ('5396647b-a1de-4db9-8584-3831c4c341e3', '02b5b892-7cfa-48c9-97f5-b0d771bbb0c5', '44f90b5a-04a6-43f0-a4a1-8e5147ed4095', 'MEMBER', '2025-09-19T11:12:00Z');
INSERT INTO CHANNEL_MEMBERS (ID, CHANNEL_ID, USER_ID, ROLE, JOINED_AT) VALUES ('b1050ef4-f8b4-4f94-99b8-b9fc72481f70', '02b5b892-7cfa-48c9-97f5-b0d771bbb0c5', 'fe39ad73-8dd2-49fb-99b8-54c35e928bfd', 'MEMBER', '2025-09-19T11:09:00Z');
INSERT INTO CHANNEL_MEMBERS (ID, CHANNEL_ID, USER_ID, ROLE, JOINED_AT) VALUES ('b47c076b-7939-4b74-b658-a2f604915fda', '02b5b892-7cfa-48c9-97f5-b0d771bbb0c5', '40106d51-51a2-4198-8da1-39d1b8a20da2', 'MEMBER', '2025-09-19T12:08:00Z');
INSERT INTO CHANNEL_MEMBERS (ID, CHANNEL_ID, USER_ID, ROLE, JOINED_AT) VALUES ('4fb67207-25c8-452c-a275-5ab25928aaa1', '02b5b892-7cfa-48c9-97f5-b0d771bbb0c5', '0dfbd74c-4e6f-4f54-bd6b-b95305d22a0a', 'MEMBER', '2025-09-19T11:27:00Z');
INSERT INTO CHANNEL_MEMBERS (ID, CHANNEL_ID, USER_ID, ROLE, JOINED_AT) VALUES ('d094d385-c90a-46c5-b355-ef669ac63c8c', '02b5b892-7cfa-48c9-97f5-b0d771bbb0c5', '3fc5eb3f-bccc-42cd-b3fc-b09b72d068a9', 'MEMBER', '2025-09-19T12:04:00Z');
INSERT INTO CHANNEL_MEMBERS (ID, CHANNEL_ID, USER_ID, ROLE, JOINED_AT) VALUES ('7c364300-7841-4d8b-97db-8e54f31af836', '02b5b892-7cfa-48c9-97f5-b0d771bbb0c5', '47ee2352-787e-4c24-882c-94c962f4b1e1', 'MEMBER', '2025-09-19T11:33:00Z');
INSERT INTO CHANNEL_MEMBERS (ID, CHANNEL_ID, USER_ID, ROLE, JOINED_AT) VALUES ('8f413faa-6486-4b20-ba53-8a89156374e0', '02b5b892-7cfa-48c9-97f5-b0d771bbb0c5', 'f655089e-796b-4c37-852e-ac8e05de7649', 'MEMBER', '2025-09-19T11:16:00Z');
INSERT INTO CHANNEL_MEMBERS (ID, CHANNEL_ID, USER_ID, ROLE, JOINED_AT) VALUES ('dfdf8e85-eb5c-49a5-9a52-9428c355ef16', 'ae38c4b1-33b9-4a55-bf4a-901b77702367', '49b65d51-1657-4cc9-be4c-bd2cf7fc2825', 'MEMBER', '2025-09-19T11:01:00Z');
INSERT INTO CHANNEL_MEMBERS (ID, CHANNEL_ID, USER_ID, ROLE, JOINED_AT) VALUES ('cf0a33ad-9b2b-4cea-9b8d-6a71fe8aee1d', 'ae38c4b1-33b9-4a55-bf4a-901b77702367', 'f655089e-796b-4c37-852e-ac8e05de7649', 'MEMBER', '2025-09-19T12:25:00Z');
INSERT INTO CHANNEL_MEMBERS (ID, CHANNEL_ID, USER_ID, ROLE, JOINED_AT) VALUES ('294fddf8-bf28-4cad-83f7-de0b8fc06106', 'ae38c4b1-33b9-4a55-bf4a-901b77702367', '823504e6-70c0-42d9-9bd3-aeb1182cbf26', 'MEMBER', '2025-09-19T12:44:00Z');
INSERT INTO CHANNEL_MEMBERS (ID, CHANNEL_ID, USER_ID, ROLE, JOINED_AT) VALUES ('813f5767-53c4-4d63-a818-764d5da3012e', 'ae38c4b1-33b9-4a55-bf4a-901b77702367', 'de40e6fa-13ad-42a4-a2c5-2e4e1469aa60', 'MEMBER', '2025-09-19T12:10:00Z');
INSERT INTO CHANNEL_MEMBERS (ID, CHANNEL_ID, USER_ID, ROLE, JOINED_AT) VALUES ('9cbfc312-0980-46b3-a67c-fc69a756eee9', 'ae38c4b1-33b9-4a55-bf4a-901b77702367', '0dfbd74c-4e6f-4f54-bd6b-b95305d22a0a', 'MEMBER', '2025-09-19T11:38:00Z');
INSERT INTO CHANNEL_MEMBERS (ID, CHANNEL_ID, USER_ID, ROLE, JOINED_AT) VALUES ('1978f022-3f2c-45c3-b9d8-f74a79062e68', 'ae38c4b1-33b9-4a55-bf4a-901b77702367', 'c5c0b469-20b8-453b-9740-dc398257d567', 'MEMBER', '2025-09-19T12:59:00Z');
INSERT INTO CHANNEL_MEMBERS (ID, CHANNEL_ID, USER_ID, ROLE, JOINED_AT) VALUES ('e2b752ae-50d4-4c40-aad7-dce5f975cef7', 'ae38c4b1-33b9-4a55-bf4a-901b77702367', '3fc5eb3f-bccc-42cd-b3fc-b09b72d068a9', 'MEMBER', '2025-09-19T12:24:00Z');
INSERT INTO CHANNEL_MEMBERS (ID, CHANNEL_ID, USER_ID, ROLE, JOINED_AT) VALUES ('54446f97-d49e-4a4b-b298-342642bcf75e', 'ae38c4b1-33b9-4a55-bf4a-901b77702367', 'b8b89a9f-af2c-4060-bdc7-25cf110aae87', 'MEMBER', '2025-09-19T11:13:00Z');
INSERT INTO CHANNEL_MEMBERS (ID, CHANNEL_ID, USER_ID, ROLE, JOINED_AT) VALUES ('efe06a75-9609-4435-8105-84d906f860dc', 'ae38c4b1-33b9-4a55-bf4a-901b77702367', 'b5ff1129-847c-436f-947f-9677ef6e9295', 'ADMIN', '2025-09-19T13:00:00Z');
INSERT INTO CHANNEL_MEMBERS (ID, CHANNEL_ID, USER_ID, ROLE, JOINED_AT) VALUES ('0b5754b2-a2b0-4d30-98d0-34571ce76a80', 'ae38c4b1-33b9-4a55-bf4a-901b77702367', '8c89450e-998a-44c0-9683-e04ba5f229b4', 'MEMBER', '2025-09-19T12:52:00Z');
INSERT INTO CHANNEL_MEMBERS (ID, CHANNEL_ID, USER_ID, ROLE, JOINED_AT) VALUES ('106992ea-6ccc-4c55-8a04-c5651ce8fe15', 'b267c49c-d1e2-4f18-81eb-88461cce8fc0', 'b0f6e83a-f898-4f41-9f1a-f3a4a17095be', 'MEMBER', '2025-09-19T12:17:00Z');
INSERT INTO CHANNEL_MEMBERS (ID, CHANNEL_ID, USER_ID, ROLE, JOINED_AT) VALUES ('7c1690c3-8764-4fb8-a931-8af94339b7e2', 'b267c49c-d1e2-4f18-81eb-88461cce8fc0', 'c4b984ad-f282-445d-9f0a-cb83b121795c', 'MEMBER', '2025-09-19T11:26:00Z');
INSERT INTO CHANNEL_MEMBERS (ID, CHANNEL_ID, USER_ID, ROLE, JOINED_AT) VALUES ('3744b5fe-3984-42d2-a872-5564a2fc5701', 'b267c49c-d1e2-4f18-81eb-88461cce8fc0', '49b65d51-1657-4cc9-be4c-bd2cf7fc2825', 'ADMIN', '2025-09-19T12:31:00Z');
INSERT INTO CHANNEL_MEMBERS (ID, CHANNEL_ID, USER_ID, ROLE, JOINED_AT) VALUES ('ee809f42-b876-4528-a9af-83f107dd22e3', 'b267c49c-d1e2-4f18-81eb-88461cce8fc0', '46d7f304-4b15-48c8-93df-26db81861596', 'MEMBER', '2025-09-19T11:43:00Z');
INSERT INTO CHANNEL_MEMBERS (ID, CHANNEL_ID, USER_ID, ROLE, JOINED_AT) VALUES ('73785d26-39fb-45f4-9406-090abef3992d', 'b267c49c-d1e2-4f18-81eb-88461cce8fc0', 'b8b89a9f-af2c-4060-bdc7-25cf110aae87', 'MEMBER', '2025-09-19T11:26:00Z');
INSERT INTO CHANNEL_MEMBERS (ID, CHANNEL_ID, USER_ID, ROLE, JOINED_AT) VALUES ('e6b4a691-65f9-4229-a5d3-4defc415c5a2', 'b267c49c-d1e2-4f18-81eb-88461cce8fc0', '44f90b5a-04a6-43f0-a4a1-8e5147ed4095', 'MEMBER', '2025-09-19T12:27:00Z');
INSERT INTO CHANNEL_MEMBERS (ID, CHANNEL_ID, USER_ID, ROLE, JOINED_AT) VALUES ('8953b939-2e56-4027-b68c-6335f7aad06a', 'b267c49c-d1e2-4f18-81eb-88461cce8fc0', 'b3213146-27a9-4446-bac4-7cec7dbca749', 'MEMBER', '2025-09-19T12:21:00Z');
INSERT INTO MESSAGE (ID, CONTENT, CONTENT_TYPE, SENDER_USER_ID, CHANNEL_ID, DIRECT_CONVERSATION_ID, CREATED_AT, DELETED) VALUES ('c9585c66-2d00-4570-8c03-c74619d8ab3b', 'Type errors resolved in utils.ts.', 'TEXT', '7ba43faf-2de0-4a36-aedc-12d14df517c0', '1d5498d3-2502-4c9f-b608-c9e964ac4863', NULL, '2025-09-19T13:00:00Z', FALSE);
INSERT INTO MESSAGE (ID, CONTENT, CONTENT_TYPE, SENDER_USER_ID, CHANNEL_ID, DIRECT_CONVERSATION_ID, CREATED_AT, DELETED) VALUES ('88cbfd04-4b13-4723-ada0-d908db6aff38', 'Pushed a fix to the feature branch.', 'TEXT', '8f1cfd3f-c558-4153-a980-408082fb1a45', '1d5498d3-2502-4c9f-b608-c9e964ac4863', NULL, '2025-09-19T13:02:00Z', FALSE);
INSERT INTO MESSAGE (ID, CONTENT, CONTENT_TYPE, SENDER_USER_ID, CHANNEL_ID, DIRECT_CONVERSATION_ID, CREATED_AT, DELETED) VALUES ('c20149e7-377a-4692-9f99-6d3caa1cef3a', 'Reminder to add unit tests for the parser.', 'TEXT', 'f655089e-796b-4c37-852e-ac8e05de7649', 'ec6f7feb-306c-484c-83bb-24fcb6e18068', NULL, '2025-09-19T13:04:00Z', FALSE);
INSERT INTO MESSAGE (ID, CONTENT, CONTENT_TYPE, SENDER_USER_ID, CHANNEL_ID, DIRECT_CONVERSATION_ID, CREATED_AT, DELETED) VALUES ('f239ceae-7a34-4ca0-94b9-ec83bc6937f9', 'Ill take the oncall handoff at 5.', 'TEXT', 'cca6c986-1c75-4bfc-a91b-b2835b28190f', '34dfa35e-6752-4cc5-b29e-1f036bbae0df', NULL, '2025-09-19T13:06:00Z', FALSE);
INSERT INTO MESSAGE (ID, CONTENT, CONTENT_TYPE, SENDER_USER_ID, CHANNEL_ID, DIRECT_CONVERSATION_ID, CREATED_AT, DELETED) VALUES ('e0c886b1-71fc-4066-b94e-52efe96b7c14', 'Reminder to add unit tests for the parser.', 'TEXT', '1eefb0c8-3f57-40e4-af5c-b7961356d8d7', 'c8408078-6f6f-4dd6-937b-ff4c87b1fda6', NULL, '2025-09-19T13:08:00Z', FALSE);
INSERT INTO MESSAGE (ID, CONTENT, CONTENT_TYPE, SENDER_USER_ID, CHANNEL_ID, DIRECT_CONVERSATION_ID, CREATED_AT, DELETED) VALUES ('737da324-4ff7-42dd-a63e-2e516596f83f', 'Can someone sanity check the SQL?', 'TEXT', 'c5c0b469-20b8-453b-9740-dc398257d567', 'aaf2dd12-87f6-49f2-913f-50703e8d0d2f', NULL, '2025-09-19T13:10:00Z', FALSE);
INSERT INTO MESSAGE (ID, CONTENT, CONTENT_TYPE, SENDER_USER_ID, CHANNEL_ID, DIRECT_CONVERSATION_ID, CREATED_AT, DELETED) VALUES ('569919e7-a3ce-4b2c-93a2-631cb55cdefe', 'Can someone sanity check the SQL?', 'TEXT', '68aa5609-d104-41c7-b7b7-a43c4e7863a2', 'ec6f7feb-306c-484c-83bb-24fcb6e18068', NULL, '2025-09-19T13:12:00Z', FALSE);
INSERT INTO MESSAGE (ID, CONTENT, CONTENT_TYPE, SENDER_USER_ID, CHANNEL_ID, DIRECT_CONVERSATION_ID, CREATED_AT, DELETED) VALUES ('27b30752-5ac2-4f64-8b36-dcf5fe321c11', 'API latency looks better after the cache tweak.', 'TEXT', 'c6e06622-5b74-40d3-9333-1d54cefa6846', '25488aaf-e1be-414b-84fe-e08f9ebb4c3d', NULL, '2025-09-19T13:14:00Z', FALSE);
INSERT INTO MESSAGE (ID, CONTENT, CONTENT_TYPE, SENDER_USER_ID, CHANNEL_ID, DIRECT_CONVERSATION_ID, CREATED_AT, DELETED) VALUES ('f79a7c7a-b27a-417e-9a70-4a2c1ea067c0', 'Can someone sanity check the SQL?', 'TEXT', '49b65d51-1657-4cc9-be4c-bd2cf7fc2825', 'c8408078-6f6f-4dd6-937b-ff4c87b1fda6', NULL, '2025-09-19T13:16:00Z', FALSE);
INSERT INTO MESSAGE (ID, CONTENT, CONTENT_TYPE, SENDER_USER_ID, CHANNEL_ID, DIRECT_CONVERSATION_ID, CREATED_AT, DELETED) VALUES ('abfeee6a-b87f-45ae-a437-0d879c752df2', 'Slackbot will post deploy notes.', 'TEXT', 'cca6c986-1c75-4bfc-a91b-b2835b28190f', '1301cf95-9bba-4cd2-9c6e-732714ef6f94', NULL, '2025-09-19T13:18:00Z', FALSE);
INSERT INTO MESSAGE (ID, CONTENT, CONTENT_TYPE, SENDER_USER_ID, CHANNEL_ID, DIRECT_CONVERSATION_ID, CREATED_AT, DELETED) VALUES ('889a60c1-09a6-4141-8d21-9314bf3d380f', 'Security flagged an outdated dependency.', 'TEXT', 'b8b89a9f-af2c-4060-bdc7-25cf110aae87', 'c8408078-6f6f-4dd6-937b-ff4c87b1fda6', NULL, '2025-09-19T13:20:00Z', FALSE);
INSERT INTO MESSAGE (ID, CONTENT, CONTENT_TYPE, SENDER_USER_ID, CHANNEL_ID, DIRECT_CONVERSATION_ID, CREATED_AT, DELETED) VALUES ('6bf742a2-b79f-4faf-b436-de02147cd7c9', 'K8s rollout paused; investigating health checks.', 'TEXT', '44f90b5a-04a6-43f0-a4a1-8e5147ed4095', '378804ea-32a2-497f-b05d-8a80b8fb41fa', NULL, '2025-09-19T13:22:00Z', FALSE);
INSERT INTO MESSAGE (ID, CONTENT, CONTENT_TYPE, SENDER_USER_ID, CHANNEL_ID, DIRECT_CONVERSATION_ID, CREATED_AT, DELETED) VALUES ('b3993cb1-eb3e-4137-8a11-982e2632f874', 'Specs updated in the docs folder.', 'TEXT', 'de40e6fa-13ad-42a4-a2c5-2e4e1469aa60', '378804ea-32a2-497f-b05d-8a80b8fb41fa', NULL, '2025-09-19T13:24:00Z', FALSE);
INSERT INTO MESSAGE (ID, CONTENT, CONTENT_TYPE, SENDER_USER_ID, CHANNEL_ID, DIRECT_CONVERSATION_ID, CREATED_AT, DELETED) VALUES ('5e30859c-6751-4a42-bd4c-7cbbc1e21d0d', 'Anyone reviewing PR #481?', 'TEXT', '76b42678-1324-4c0a-b3c2-4faf5543bf5a', '9d29b9e3-1967-4cd6-95f7-d6f78ced92de', NULL, '2025-09-19T13:26:00Z', FALSE);
INSERT INTO MESSAGE (ID, CONTENT, CONTENT_TYPE, SENDER_USER_ID, CHANNEL_ID, DIRECT_CONVERSATION_ID, CREATED_AT, DELETED) VALUES ('51617ec8-a305-4c01-a8b9-41a090ddc6d5', 'Security flagged an outdated dependency.', 'TEXT', 'de40e6fa-13ad-42a4-a2c5-2e4e1469aa60', '02b5b892-7cfa-48c9-97f5-b0d771bbb0c5', NULL, '2025-09-19T13:28:00Z', FALSE);
INSERT INTO MESSAGE (ID, CONTENT, CONTENT_TYPE, SENDER_USER_ID, CHANNEL_ID, DIRECT_CONVERSATION_ID, CREATED_AT, DELETED) VALUES ('9eeaee74-ac76-4a08-b493-2da393ba1b00', 'Design sync moved to 2PM ET.', 'TEXT', '8c89450e-998a-44c0-9683-e04ba5f229b4', 'c8408078-6f6f-4dd6-937b-ff4c87b1fda6', NULL, '2025-09-19T13:30:00Z', FALSE);
INSERT INTO MESSAGE (ID, CONTENT, CONTENT_TYPE, SENDER_USER_ID, CHANNEL_ID, DIRECT_CONVERSATION_ID, CREATED_AT, DELETED) VALUES ('31dd6a59-6763-41cf-80d1-e08405b958e4', 'Ship it! ', 'TEXT', '7ba43faf-2de0-4a36-aedc-12d14df517c0', '7780480d-82bf-4dc2-a69d-0042e73b5ef1', NULL, '2025-09-19T13:32:00Z', FALSE);
INSERT INTO MESSAGE (ID, CONTENT, CONTENT_TYPE, SENDER_USER_ID, CHANNEL_ID, DIRECT_CONVERSATION_ID, CREATED_AT, DELETED) VALUES ('6494c7b9-8c5e-4f0c-9282-6e1013dfad14', 'Morning team  standup in 10.', 'TEXT', '49b65d51-1657-4cc9-be4c-bd2cf7fc2825', 'ec6f7feb-306c-484c-83bb-24fcb6e18068', NULL, '2025-09-19T13:34:00Z', FALSE);
INSERT INTO MESSAGE (ID, CONTENT, CONTENT_TYPE, SENDER_USER_ID, CHANNEL_ID, DIRECT_CONVERSATION_ID, CREATED_AT, DELETED) VALUES ('3e626161-a6c2-4e0c-9288-6d16bc8f9ddf', 'Security flagged an outdated dependency.', 'TEXT', 'c5c0b469-20b8-453b-9740-dc398257d567', 'febc7454-eb22-42db-88b2-87eef9ed139a', NULL, '2025-09-19T13:36:00Z', FALSE);
INSERT INTO MESSAGE (ID, CONTENT, CONTENT_TYPE, SENDER_USER_ID, CHANNEL_ID, DIRECT_CONVERSATION_ID, CREATED_AT, DELETED) VALUES ('1a25b9ea-22d9-4eef-bb0f-63c7fd5a7c90', 'Reminder to add unit tests for the parser.', 'TEXT', 'b5ff1129-847c-436f-947f-9677ef6e9295', '9d29b9e3-1967-4cd6-95f7-d6f78ced92de', NULL, '2025-09-19T13:38:00Z', FALSE);
INSERT INTO MESSAGE (ID, CONTENT, CONTENT_TYPE, SENDER_USER_ID, CHANNEL_ID, DIRECT_CONVERSATION_ID, CREATED_AT, DELETED) VALUES ('7b96a27d-ebeb-4bf0-889c-a21f782a828e', 'Frontend build is 30% faster now.', 'TEXT', 'c5c0b469-20b8-453b-9740-dc398257d567', '25488aaf-e1be-414b-84fe-e08f9ebb4c3d', NULL, '2025-09-19T13:40:00Z', FALSE);
INSERT INTO MESSAGE (ID, CONTENT, CONTENT_TYPE, SENDER_USER_ID, CHANNEL_ID, DIRECT_CONVERSATION_ID, CREATED_AT, DELETED) VALUES ('adb431b8-03a0-4bd4-b8bc-d836edf8a6f5', 'Added metrics for request retries.', 'TEXT', '7ba43faf-2de0-4a36-aedc-12d14df517c0', '378804ea-32a2-497f-b05d-8a80b8fb41fa', NULL, '2025-09-19T13:42:00Z', FALSE);
INSERT INTO MESSAGE (ID, CONTENT, CONTENT_TYPE, SENDER_USER_ID, CHANNEL_ID, DIRECT_CONVERSATION_ID, CREATED_AT, DELETED) VALUES ('93766656-b9c2-4fbb-9ed2-41de82605331', 'DB migration planned for tonights window.', 'TEXT', '823504e6-70c0-42d9-9bd3-aeb1182cbf26', 'a22e398c-4b02-4971-a686-a8cb316fd18b', NULL, '2025-09-19T13:44:00Z', FALSE);
INSERT INTO MESSAGE (ID, CONTENT, CONTENT_TYPE, SENDER_USER_ID, CHANNEL_ID, DIRECT_CONVERSATION_ID, CREATED_AT, DELETED) VALUES ('c0c5ca90-4f70-4a22-bfcd-9012985c6576', 'Design sync moved to 2PM ET.', 'TEXT', 'de40e6fa-13ad-42a4-a2c5-2e4e1469aa60', '52f8db65-372d-442a-ac45-86ceabc81cad', NULL, '2025-09-19T13:46:00Z', FALSE);
INSERT INTO MESSAGE (ID, CONTENT, CONTENT_TYPE, SENDER_USER_ID, CHANNEL_ID, DIRECT_CONVERSATION_ID, CREATED_AT, DELETED) VALUES ('e34ddb64-2831-438d-a8bf-68d920ffb01b', 'Can we backport this to the LTS branch?', 'TEXT', '823504e6-70c0-42d9-9bd3-aeb1182cbf26', '34dfa35e-6752-4cc5-b29e-1f036bbae0df', NULL, '2025-09-19T13:48:00Z', FALSE);
INSERT INTO MESSAGE (ID, CONTENT, CONTENT_TYPE, SENDER_USER_ID, CHANNEL_ID, DIRECT_CONVERSATION_ID, CREATED_AT, DELETED) VALUES ('407c2d05-fc06-43bc-af5d-def69e380504', 'Reminder to add unit tests for the parser.', 'TEXT', '454b4808-719e-46c4-aa9d-e7cf013f1adf', 'febc7454-eb22-42db-88b2-87eef9ed139a', NULL, '2025-09-19T13:50:00Z', FALSE);
INSERT INTO MESSAGE (ID, CONTENT, CONTENT_TYPE, SENDER_USER_ID, CHANNEL_ID, DIRECT_CONVERSATION_ID, CREATED_AT, DELETED) VALUES ('979e66e5-0b4b-4db6-b00e-14a6f7a64073', 'Reminder to add unit tests for the parser.', 'TEXT', '7ba43faf-2de0-4a36-aedc-12d14df517c0', 'c28d0d21-3b7f-4d37-96ca-1ecb368b5220', NULL, '2025-09-19T13:52:00Z', FALSE);
INSERT INTO MESSAGE (ID, CONTENT, CONTENT_TYPE, SENDER_USER_ID, CHANNEL_ID, DIRECT_CONVERSATION_ID, CREATED_AT, DELETED) VALUES ('904eacdf-3e13-4eb3-9c08-d10825d18440', 'Frontend build is 30% faster now.', 'TEXT', 'de40e6fa-13ad-42a4-a2c5-2e4e1469aa60', '6996ef3c-3eba-421e-b46a-aea292eec45d', NULL, '2025-09-19T13:54:00Z', FALSE);
INSERT INTO MESSAGE (ID, CONTENT, CONTENT_TYPE, SENDER_USER_ID, CHANNEL_ID, DIRECT_CONVERSATION_ID, CREATED_AT, DELETED) VALUES ('db59e0a3-0911-44bf-9dca-8242d5545cfe', 'Ill take the oncall handoff at 5.', 'TEXT', 'fe39ad73-8dd2-49fb-99b8-54c35e928bfd', '02b5b892-7cfa-48c9-97f5-b0d771bbb0c5', NULL, '2025-09-19T13:56:00Z', FALSE);
INSERT INTO MESSAGE (ID, CONTENT, CONTENT_TYPE, SENDER_USER_ID, CHANNEL_ID, DIRECT_CONVERSATION_ID, CREATED_AT, DELETED) VALUES ('5ac4bcdd-91fc-4648-bd32-77ec46a34f34', 'Reminder to add unit tests for the parser.', 'TEXT', 'c6e06622-5b74-40d3-9333-1d54cefa6846', '25488aaf-e1be-414b-84fe-e08f9ebb4c3d', NULL, '2025-09-19T13:58:00Z', FALSE);
INSERT INTO MESSAGE (ID, CONTENT, CONTENT_TYPE, SENDER_USER_ID, CHANNEL_ID, DIRECT_CONVERSATION_ID, CREATED_AT, DELETED) VALUES ('8cf01495-83c5-4fbd-9d09-63369f819e41', 'Reminder to add unit tests for the parser.', 'TEXT', 'c5c0b469-20b8-453b-9740-dc398257d567', 'ae38c4b1-33b9-4a55-bf4a-901b77702367', NULL, '2025-09-19T14:00:00Z', FALSE);
INSERT INTO MESSAGE (ID, CONTENT, CONTENT_TYPE, SENDER_USER_ID, CHANNEL_ID, DIRECT_CONVERSATION_ID, CREATED_AT, DELETED) VALUES ('f55f26ea-8cf7-4c06-a3df-7536077e1abe', 'Great job on the demo today!', 'TEXT', 'cca6c986-1c75-4bfc-a91b-b2835b28190f', '25488aaf-e1be-414b-84fe-e08f9ebb4c3d', NULL, '2025-09-19T14:02:00Z', FALSE);
INSERT INTO MESSAGE (ID, CONTENT, CONTENT_TYPE, SENDER_USER_ID, CHANNEL_ID, DIRECT_CONVERSATION_ID, CREATED_AT, DELETED) VALUES ('408f09ea-f045-4808-a63e-7a2dbc74c794', 'Ill take the oncall handoff at 5.', 'TEXT', 'cf869f21-163a-4c5f-8ec8-8a3841b41ff4', '1301cf95-9bba-4cd2-9c6e-732714ef6f94', NULL, '2025-09-19T14:04:00Z', FALSE);
INSERT INTO MESSAGE (ID, CONTENT, CONTENT_TYPE, SENDER_USER_ID, CHANNEL_ID, DIRECT_CONVERSATION_ID, CREATED_AT, DELETED) VALUES ('d3b9e365-abdb-4ffa-b79a-8824136f56d5', 'Type errors resolved in utils.ts.', 'TEXT', 'cf869f21-163a-4c5f-8ec8-8a3841b41ff4', 'b267c49c-d1e2-4f18-81eb-88461cce8fc0', NULL, '2025-09-19T14:06:00Z', FALSE);
INSERT INTO MESSAGE (ID, CONTENT, CONTENT_TYPE, SENDER_USER_ID, CHANNEL_ID, DIRECT_CONVERSATION_ID, CREATED_AT, DELETED) VALUES ('66ea53c5-c99d-48c0-b523-78f68f19ef62', 'Slackbot will post deploy notes.', 'TEXT', 'c4b984ad-f282-445d-9f0a-cb83b121795c', '1fd3c0dd-7ccd-4480-80b9-167df954bc15', NULL, '2025-09-19T14:08:00Z', FALSE);
INSERT INTO MESSAGE (ID, CONTENT, CONTENT_TYPE, SENDER_USER_ID, CHANNEL_ID, DIRECT_CONVERSATION_ID, CREATED_AT, DELETED) VALUES ('9ed7495f-2036-4435-aa35-0fbc8888617e', 'Pushed a fix to the feature branch.', 'TEXT', '76b42678-1324-4c0a-b3c2-4faf5543bf5a', '1d5498d3-2502-4c9f-b608-c9e964ac4863', NULL, '2025-09-19T14:10:00Z', FALSE);
INSERT INTO MESSAGE (ID, CONTENT, CONTENT_TYPE, SENDER_USER_ID, CHANNEL_ID, DIRECT_CONVERSATION_ID, CREATED_AT, DELETED) VALUES ('3f8167f0-7f6b-4f69-976a-e982ce47ce0a', 'Morning team  standup in 10.', 'TEXT', '68aa5609-d104-41c7-b7b7-a43c4e7863a2', 'ec6f7feb-306c-484c-83bb-24fcb6e18068', NULL, '2025-09-19T14:12:00Z', FALSE);
INSERT INTO MESSAGE (ID, CONTENT, CONTENT_TYPE, SENDER_USER_ID, CHANNEL_ID, DIRECT_CONVERSATION_ID, CREATED_AT, DELETED) VALUES ('cf407ed1-6a42-4ab9-82bf-7ce9897da2f0', 'Can we backport this to the LTS branch?', 'TEXT', '46bdf558-8628-4174-9609-116858e46f8d', '02b5b892-7cfa-48c9-97f5-b0d771bbb0c5', NULL, '2025-09-19T14:14:00Z', FALSE);
INSERT INTO MESSAGE (ID, CONTENT, CONTENT_TYPE, SENDER_USER_ID, CHANNEL_ID, DIRECT_CONVERSATION_ID, CREATED_AT, DELETED) VALUES ('6e5b0553-6f0e-4f57-aa2d-d124ddee7dc8', 'API latency looks better after the cache tweak.', 'TEXT', 'de40e6fa-13ad-42a4-a2c5-2e4e1469aa60', 'ec6f7feb-306c-484c-83bb-24fcb6e18068', NULL, '2025-09-19T14:16:00Z', FALSE);
INSERT INTO MESSAGE (ID, CONTENT, CONTENT_TYPE, SENDER_USER_ID, CHANNEL_ID, DIRECT_CONVERSATION_ID, CREATED_AT, DELETED) VALUES ('819d61b1-7b6d-4489-8d28-35f7b7781f8c', 'Great job on the demo today!', 'TEXT', 'fe39ad73-8dd2-49fb-99b8-54c35e928bfd', 'febc7454-eb22-42db-88b2-87eef9ed139a', NULL, '2025-09-19T14:18:00Z', FALSE);
INSERT INTO MESSAGE (ID, CONTENT, CONTENT_TYPE, SENDER_USER_ID, CHANNEL_ID, DIRECT_CONVERSATION_ID, CREATED_AT, DELETED) VALUES ('d46fccbe-a122-4b53-8fd0-770409b1d775', 'K8s rollout paused; investigating health checks.', 'TEXT', '47ee2352-787e-4c24-882c-94c962f4b1e1', '25488aaf-e1be-414b-84fe-e08f9ebb4c3d', NULL, '2025-09-19T14:20:00Z', FALSE);
INSERT INTO MESSAGE (ID, CONTENT, CONTENT_TYPE, SENDER_USER_ID, CHANNEL_ID, DIRECT_CONVERSATION_ID, CREATED_AT, DELETED) VALUES ('ad79a626-baac-40c5-99ab-c6d3d27cbc6a', 'Security flagged an outdated dependency.', 'TEXT', '46bdf558-8628-4174-9609-116858e46f8d', '52f8db65-372d-442a-ac45-86ceabc81cad', NULL, '2025-09-19T14:22:00Z', FALSE);
INSERT INTO MESSAGE (ID, CONTENT, CONTENT_TYPE, SENDER_USER_ID, CHANNEL_ID, DIRECT_CONVERSATION_ID, CREATED_AT, DELETED) VALUES ('96af2c06-1ee0-4d0f-8dbd-e77c227f268a', 'K8s rollout paused; investigating health checks.', 'TEXT', '47ee2352-787e-4c24-882c-94c962f4b1e1', '1fd3c0dd-7ccd-4480-80b9-167df954bc15', NULL, '2025-09-19T14:24:00Z', FALSE);
INSERT INTO MESSAGE (ID, CONTENT, CONTENT_TYPE, SENDER_USER_ID, CHANNEL_ID, DIRECT_CONVERSATION_ID, CREATED_AT, DELETED) VALUES ('8d658b34-1509-4aab-b748-7f49bb817083', 'Can we backport this to the LTS branch?', 'TEXT', 'b8b89a9f-af2c-4060-bdc7-25cf110aae87', 'c8408078-6f6f-4dd6-937b-ff4c87b1fda6', NULL, '2025-09-19T14:26:00Z', FALSE);
INSERT INTO MESSAGE (ID, CONTENT, CONTENT_TYPE, SENDER_USER_ID, CHANNEL_ID, DIRECT_CONVERSATION_ID, CREATED_AT, DELETED) VALUES ('8704c58d-3ca5-4682-a591-4d90b8163b70', 'Ship it! ', 'TEXT', 'cf869f21-163a-4c5f-8ec8-8a3841b41ff4', '1fd3c0dd-7ccd-4480-80b9-167df954bc15', NULL, '2025-09-19T14:28:00Z', FALSE);
INSERT INTO MESSAGE (ID, CONTENT, CONTENT_TYPE, SENDER_USER_ID, CHANNEL_ID, DIRECT_CONVERSATION_ID, CREATED_AT, DELETED) VALUES ('fe099428-c94f-4e69-9071-6755d1d87b8b', 'K8s rollout paused; investigating health checks.', 'TEXT', '8c89450e-998a-44c0-9683-e04ba5f229b4', 'ae38c4b1-33b9-4a55-bf4a-901b77702367', NULL, '2025-09-19T14:30:00Z', FALSE);
INSERT INTO MESSAGE (ID, CONTENT, CONTENT_TYPE, SENDER_USER_ID, CHANNEL_ID, DIRECT_CONVERSATION_ID, CREATED_AT, DELETED) VALUES ('99f83505-d2fe-46e5-8987-c520ec239018', 'Morning team  standup in 10.', 'TEXT', '454b4808-719e-46c4-aa9d-e7cf013f1adf', '02b5b892-7cfa-48c9-97f5-b0d771bbb0c5', NULL, '2025-09-19T14:32:00Z', FALSE);
INSERT INTO MESSAGE (ID, CONTENT, CONTENT_TYPE, SENDER_USER_ID, CHANNEL_ID, DIRECT_CONVERSATION_ID, CREATED_AT, DELETED) VALUES ('cba319c0-7fe6-439c-af3d-88246b6a3440', 'Can we backport this to the LTS branch?', 'TEXT', '0dfbd74c-4e6f-4f54-bd6b-b95305d22a0a', '52f8db65-372d-442a-ac45-86ceabc81cad', NULL, '2025-09-19T14:34:00Z', FALSE);
INSERT INTO MESSAGE (ID, CONTENT, CONTENT_TYPE, SENDER_USER_ID, CHANNEL_ID, DIRECT_CONVERSATION_ID, CREATED_AT, DELETED) VALUES ('7274a2ec-708d-42d0-a6a6-fa2c4da90b22', 'Great job on the demo today!', 'TEXT', 'cf869f21-163a-4c5f-8ec8-8a3841b41ff4', 'ae38c4b1-33b9-4a55-bf4a-901b77702367', NULL, '2025-09-19T14:36:00Z', FALSE);
INSERT INTO MESSAGE (ID, CONTENT, CONTENT_TYPE, SENDER_USER_ID, CHANNEL_ID, DIRECT_CONVERSATION_ID, CREATED_AT, DELETED) VALUES ('8e33130c-9a8f-4889-ae7d-4e130001b3fc', 'DB migration planned for tonights window.', 'TEXT', '40106d51-51a2-4198-8da1-39d1b8a20da2', 'febc7454-eb22-42db-88b2-87eef9ed139a', NULL, '2025-09-19T14:38:00Z', FALSE);
INSERT INTO MESSAGE (ID, CONTENT, CONTENT_TYPE, SENDER_USER_ID, CHANNEL_ID, DIRECT_CONVERSATION_ID, CREATED_AT, DELETED) VALUES ('f9eb9eca-c588-4cec-892b-b7c380313ff3', 'Can we backport this to the LTS branch?', 'TEXT', '3fc5eb3f-bccc-42cd-b3fc-b09b72d068a9', 'aaf2dd12-87f6-49f2-913f-50703e8d0d2f', NULL, '2025-09-19T14:40:00Z', FALSE);
INSERT INTO MESSAGE (ID, CONTENT, CONTENT_TYPE, SENDER_USER_ID, CHANNEL_ID, DIRECT_CONVERSATION_ID, CREATED_AT, DELETED) VALUES ('24b65ec6-6fd6-4cfc-981b-2ed1b3541c27', 'Ship it! ', 'TEXT', '46bdf558-8628-4174-9609-116858e46f8d', '2d5981e0-a714-4e67-8402-9f66480d6b4a', NULL, '2025-09-19T14:42:00Z', FALSE);
INSERT INTO MESSAGE (ID, CONTENT, CONTENT_TYPE, SENDER_USER_ID, CHANNEL_ID, DIRECT_CONVERSATION_ID, CREATED_AT, DELETED) VALUES ('0d9f3807-9cf2-4b48-84ec-10f10c2cfe31', 'K8s rollout paused; investigating health checks.', 'TEXT', 'fe39ad73-8dd2-49fb-99b8-54c35e928bfd', 'c28d0d21-3b7f-4d37-96ca-1ecb368b5220', NULL, '2025-09-19T14:44:00Z', FALSE);
INSERT INTO MESSAGE (ID, CONTENT, CONTENT_TYPE, SENDER_USER_ID, CHANNEL_ID, DIRECT_CONVERSATION_ID, CREATED_AT, DELETED) VALUES ('1f4ff3d1-b5cd-420e-a651-7a46a692b1d9', 'Ill take the oncall handoff at 5.', 'TEXT', '46bdf558-8628-4174-9609-116858e46f8d', 'b267c49c-d1e2-4f18-81eb-88461cce8fc0', NULL, '2025-09-19T14:46:00Z', FALSE);
INSERT INTO MESSAGE (ID, CONTENT, CONTENT_TYPE, SENDER_USER_ID, CHANNEL_ID, DIRECT_CONVERSATION_ID, CREATED_AT, DELETED) VALUES ('ecf9b2fc-3210-4839-832d-99967f18d8e2', 'K8s rollout paused; investigating health checks.', 'TEXT', 'f655089e-796b-4c37-852e-ac8e05de7649', '9d29b9e3-1967-4cd6-95f7-d6f78ced92de', NULL, '2025-09-19T14:48:00Z', FALSE);
INSERT INTO MESSAGE (ID, CONTENT, CONTENT_TYPE, SENDER_USER_ID, CHANNEL_ID, DIRECT_CONVERSATION_ID, CREATED_AT, DELETED) VALUES ('a33f1d52-ffcb-4c87-8650-b0210338cac1', 'CI is red due to a flaky test, re-running.', 'TEXT', '823504e6-70c0-42d9-9bd3-aeb1182cbf26', 'a22e398c-4b02-4971-a686-a8cb316fd18b', NULL, '2025-09-19T14:50:00Z', FALSE);
INSERT INTO MESSAGE (ID, CONTENT, CONTENT_TYPE, SENDER_USER_ID, CHANNEL_ID, DIRECT_CONVERSATION_ID, CREATED_AT, DELETED) VALUES ('4ae57c33-9482-434b-bdd1-173ff25e6628', 'Design sync moved to 2PM ET.', 'TEXT', 'c6e06622-5b74-40d3-9333-1d54cefa6846', '378804ea-32a2-497f-b05d-8a80b8fb41fa', NULL, '2025-09-19T14:52:00Z', FALSE);
INSERT INTO MESSAGE (ID, CONTENT, CONTENT_TYPE, SENDER_USER_ID, CHANNEL_ID, DIRECT_CONVERSATION_ID, CREATED_AT, DELETED) VALUES ('a282a004-e8af-48d9-ac5a-b309fb33ff86', 'API latency looks better after the cache tweak.', 'TEXT', '8f1cfd3f-c558-4153-a980-408082fb1a45', 'b267c49c-d1e2-4f18-81eb-88461cce8fc0', NULL, '2025-09-19T14:54:00Z', FALSE);
INSERT INTO MESSAGE (ID, CONTENT, CONTENT_TYPE, SENDER_USER_ID, CHANNEL_ID, DIRECT_CONVERSATION_ID, CREATED_AT, DELETED) VALUES ('9dab43e8-8303-4c51-9b2b-00658771895a', 'Slackbot will post deploy notes.', 'TEXT', '3fc5eb3f-bccc-42cd-b3fc-b09b72d068a9', 'ec6f7feb-306c-484c-83bb-24fcb6e18068', NULL, '2025-09-19T14:56:00Z', FALSE);
INSERT INTO MESSAGE (ID, CONTENT, CONTENT_TYPE, SENDER_USER_ID, CHANNEL_ID, DIRECT_CONVERSATION_ID, CREATED_AT, DELETED) VALUES ('1c7e703e-1120-4cd9-bb3e-89912f22588f', 'Added metrics for request retries.', 'TEXT', '76b42678-1324-4c0a-b3c2-4faf5543bf5a', '1fd3c0dd-7ccd-4480-80b9-167df954bc15', NULL, '2025-09-19T14:58:00Z', FALSE);
INSERT INTO MESSAGE (ID, CONTENT, CONTENT_TYPE, SENDER_USER_ID, CHANNEL_ID, DIRECT_CONVERSATION_ID, CREATED_AT, DELETED) VALUES ('72aac3b2-6367-4fd9-8a2a-dc666d91fd27', 'CI is red due to a flaky test, re-running.', 'TEXT', '454b4808-719e-46c4-aa9d-e7cf013f1adf', '9d29b9e3-1967-4cd6-95f7-d6f78ced92de', NULL, '2025-09-19T15:00:00Z', FALSE);
INSERT INTO MESSAGE (ID, CONTENT, CONTENT_TYPE, SENDER_USER_ID, CHANNEL_ID, DIRECT_CONVERSATION_ID, CREATED_AT, DELETED) VALUES ('e824dac7-a0aa-4033-ae60-a5739880599e', 'Anyone reviewing PR #481?', 'TEXT', '40106d51-51a2-4198-8da1-39d1b8a20da2', '34dfa35e-6752-4cc5-b29e-1f036bbae0df', NULL, '2025-09-19T15:02:00Z', FALSE);
INSERT INTO MESSAGE (ID, CONTENT, CONTENT_TYPE, SENDER_USER_ID, CHANNEL_ID, DIRECT_CONVERSATION_ID, CREATED_AT, DELETED) VALUES ('7ba676d4-7a26-4746-a813-b19faa282743', 'Design sync moved to 2PM ET.', 'TEXT', '1eefb0c8-3f57-40e4-af5c-b7961356d8d7', 'ec6f7feb-306c-484c-83bb-24fcb6e18068', NULL, '2025-09-19T15:04:00Z', FALSE);
INSERT INTO MESSAGE (ID, CONTENT, CONTENT_TYPE, SENDER_USER_ID, CHANNEL_ID, DIRECT_CONVERSATION_ID, CREATED_AT, DELETED) VALUES ('e70894c8-7b08-4a1a-98dd-cc6a44db7a83', 'DB migration planned for tonights window.', 'TEXT', 'c5c0b469-20b8-453b-9740-dc398257d567', '6996ef3c-3eba-421e-b46a-aea292eec45d', NULL, '2025-09-19T15:06:00Z', FALSE);
INSERT INTO MESSAGE (ID, CONTENT, CONTENT_TYPE, SENDER_USER_ID, CHANNEL_ID, DIRECT_CONVERSATION_ID, CREATED_AT, DELETED) VALUES ('02bc7e03-6301-4c25-bcec-2112adf8f7ef', 'Design sync moved to 2PM ET.', 'TEXT', 'cca6c986-1c75-4bfc-a91b-b2835b28190f', '02b5b892-7cfa-48c9-97f5-b0d771bbb0c5', NULL, '2025-09-19T15:08:00Z', FALSE);
INSERT INTO MESSAGE (ID, CONTENT, CONTENT_TYPE, SENDER_USER_ID, CHANNEL_ID, DIRECT_CONVERSATION_ID, CREATED_AT, DELETED) VALUES ('69f2a4ee-35ef-4b5d-bc86-21d226ccb60f', 'DB migration planned for tonights window.', 'TEXT', 'b3213146-27a9-4446-bac4-7cec7dbca749', '25488aaf-e1be-414b-84fe-e08f9ebb4c3d', NULL, '2025-09-19T15:10:00Z', FALSE);
INSERT INTO MESSAGE (ID, CONTENT, CONTENT_TYPE, SENDER_USER_ID, CHANNEL_ID, DIRECT_CONVERSATION_ID, CREATED_AT, DELETED) VALUES ('13bad81c-98a7-416b-89b2-55de78cea5f2', 'Type errors resolved in utils.ts.', 'TEXT', '44f90b5a-04a6-43f0-a4a1-8e5147ed4095', 'aaf2dd12-87f6-49f2-913f-50703e8d0d2f', NULL, '2025-09-19T15:12:00Z', FALSE);
INSERT INTO MESSAGE (ID, CONTENT, CONTENT_TYPE, SENDER_USER_ID, CHANNEL_ID, DIRECT_CONVERSATION_ID, CREATED_AT, DELETED) VALUES ('a7e7343d-f0c7-43de-a5e8-d09b7f3d6e1f', 'Ill take the oncall handoff at 5.', 'TEXT', 'b8b89a9f-af2c-4060-bdc7-25cf110aae87', 'b267c49c-d1e2-4f18-81eb-88461cce8fc0', NULL, '2025-09-19T15:14:00Z', FALSE);
INSERT INTO MESSAGE (ID, CONTENT, CONTENT_TYPE, SENDER_USER_ID, CHANNEL_ID, DIRECT_CONVERSATION_ID, CREATED_AT, DELETED) VALUES ('91250560-6363-44f3-a5a1-a23f1e265c13', 'Great job on the demo today!', 'TEXT', '1eefb0c8-3f57-40e4-af5c-b7961356d8d7', 'aaf2dd12-87f6-49f2-913f-50703e8d0d2f', NULL, '2025-09-19T15:16:00Z', FALSE);
INSERT INTO MESSAGE (ID, CONTENT, CONTENT_TYPE, SENDER_USER_ID, CHANNEL_ID, DIRECT_CONVERSATION_ID, CREATED_AT, DELETED) VALUES ('4e920481-f781-427b-8685-f16c477b81a9', 'Security flagged an outdated dependency.', 'TEXT', '91aca6c5-4c31-4977-87e1-d46478665c89', '6996ef3c-3eba-421e-b46a-aea292eec45d', NULL, '2025-09-19T15:18:00Z', FALSE);
INSERT INTO MESSAGE (ID, CONTENT, CONTENT_TYPE, SENDER_USER_ID, CHANNEL_ID, DIRECT_CONVERSATION_ID, CREATED_AT, DELETED) VALUES ('22396452-b9a7-4e97-b6f3-ce99a5cab9dd', 'DB migration planned for tonights window.', 'TEXT', '91aca6c5-4c31-4977-87e1-d46478665c89', '02b5b892-7cfa-48c9-97f5-b0d771bbb0c5', NULL, '2025-09-19T15:20:00Z', FALSE);
INSERT INTO MESSAGE (ID, CONTENT, CONTENT_TYPE, SENDER_USER_ID, CHANNEL_ID, DIRECT_CONVERSATION_ID, CREATED_AT, DELETED) VALUES ('8db85fbf-b7be-4d09-987c-c3ce31bac5a7', 'Added metrics for request retries.', 'TEXT', '49b65d51-1657-4cc9-be4c-bd2cf7fc2825', '7780480d-82bf-4dc2-a69d-0042e73b5ef1', NULL, '2025-09-19T15:22:00Z', FALSE);
INSERT INTO MESSAGE (ID, CONTENT, CONTENT_TYPE, SENDER_USER_ID, CHANNEL_ID, DIRECT_CONVERSATION_ID, CREATED_AT, DELETED) VALUES ('7c28f5fc-a35f-478c-8e49-1366ca28540f', 'Design sync moved to 2PM ET.', 'TEXT', '3fc5eb3f-bccc-42cd-b3fc-b09b72d068a9', '1d5498d3-2502-4c9f-b608-c9e964ac4863', NULL, '2025-09-19T15:24:00Z', FALSE);
INSERT INTO MESSAGE (ID, CONTENT, CONTENT_TYPE, SENDER_USER_ID, CHANNEL_ID, DIRECT_CONVERSATION_ID, CREATED_AT, DELETED) VALUES ('9c6d7e5b-b88d-4d71-960b-147dbc3b987a', 'Type errors resolved in utils.ts.', 'TEXT', '91aca6c5-4c31-4977-87e1-d46478665c89', '1d5498d3-2502-4c9f-b608-c9e964ac4863', NULL, '2025-09-19T15:26:00Z', FALSE);
INSERT INTO MESSAGE (ID, CONTENT, CONTENT_TYPE, SENDER_USER_ID, CHANNEL_ID, DIRECT_CONVERSATION_ID, CREATED_AT, DELETED) VALUES ('7e102f58-efcb-4979-a4e9-f72be9d59314', 'Reminder to add unit tests for the parser.', 'TEXT', '8f1cfd3f-c558-4153-a980-408082fb1a45', '9d29b9e3-1967-4cd6-95f7-d6f78ced92de', NULL, '2025-09-19T15:28:00Z', FALSE);
INSERT INTO MESSAGE (ID, CONTENT, CONTENT_TYPE, SENDER_USER_ID, CHANNEL_ID, DIRECT_CONVERSATION_ID, CREATED_AT, DELETED) VALUES ('e48805a8-0dba-4fc9-93db-a8bbb11a4d62', 'K8s rollout paused; investigating health checks.', 'TEXT', '3fc5eb3f-bccc-42cd-b3fc-b09b72d068a9', 'c28d0d21-3b7f-4d37-96ca-1ecb368b5220', NULL, '2025-09-19T15:30:00Z', FALSE);
INSERT INTO MESSAGE (ID, CONTENT, CONTENT_TYPE, SENDER_USER_ID, CHANNEL_ID, DIRECT_CONVERSATION_ID, CREATED_AT, DELETED) VALUES ('1f5e16b9-2b13-47ee-b03d-788b3eb263ac', 'Ill take the oncall handoff at 5.', 'TEXT', '823504e6-70c0-42d9-9bd3-aeb1182cbf26', '1d5498d3-2502-4c9f-b608-c9e964ac4863', NULL, '2025-09-19T15:32:00Z', FALSE);
INSERT INTO MESSAGE (ID, CONTENT, CONTENT_TYPE, SENDER_USER_ID, CHANNEL_ID, DIRECT_CONVERSATION_ID, CREATED_AT, DELETED) VALUES ('78c75649-40e4-4736-8ad9-859f438cd61a', 'API latency looks better after the cache tweak.', 'TEXT', '47ee2352-787e-4c24-882c-94c962f4b1e1', '02b5b892-7cfa-48c9-97f5-b0d771bbb0c5', NULL, '2025-09-19T15:34:00Z', FALSE);
INSERT INTO MESSAGE (ID, CONTENT, CONTENT_TYPE, SENDER_USER_ID, CHANNEL_ID, DIRECT_CONVERSATION_ID, CREATED_AT, DELETED) VALUES ('9150d1cc-75e4-472a-ba00-d63e97b3e6a1', 'Design sync moved to 2PM ET.', 'TEXT', '44f90b5a-04a6-43f0-a4a1-8e5147ed4095', 'c8408078-6f6f-4dd6-937b-ff4c87b1fda6', NULL, '2025-09-19T15:36:00Z', FALSE);
INSERT INTO MESSAGE (ID, CONTENT, CONTENT_TYPE, SENDER_USER_ID, CHANNEL_ID, DIRECT_CONVERSATION_ID, CREATED_AT, DELETED) VALUES ('65f7ce59-82a0-4555-94c5-2d41d0324e37', 'Can we backport this to the LTS branch?', 'TEXT', '454b4808-719e-46c4-aa9d-e7cf013f1adf', 'c8408078-6f6f-4dd6-937b-ff4c87b1fda6', NULL, '2025-09-19T15:38:00Z', FALSE);
INSERT INTO MESSAGE (ID, CONTENT, CONTENT_TYPE, SENDER_USER_ID, CHANNEL_ID, DIRECT_CONVERSATION_ID, CREATED_AT, DELETED) VALUES ('2bf10433-bb1d-4312-bcbb-e2ed96ba1206', 'Security flagged an outdated dependency.', 'TEXT', 'f655089e-796b-4c37-852e-ac8e05de7649', 'ec6f7feb-306c-484c-83bb-24fcb6e18068', NULL, '2025-09-19T15:40:00Z', FALSE);
INSERT INTO MESSAGE (ID, CONTENT, CONTENT_TYPE, SENDER_USER_ID, CHANNEL_ID, DIRECT_CONVERSATION_ID, CREATED_AT, DELETED) VALUES ('b25cca8d-37ae-48c8-b333-2ce7e83ebb4b', 'DB migration planned for tonights window.', 'TEXT', '47ee2352-787e-4c24-882c-94c962f4b1e1', '02b5b892-7cfa-48c9-97f5-b0d771bbb0c5', NULL, '2025-09-19T15:42:00Z', FALSE);
INSERT INTO MESSAGE (ID, CONTENT, CONTENT_TYPE, SENDER_USER_ID, CHANNEL_ID, DIRECT_CONVERSATION_ID, CREATED_AT, DELETED) VALUES ('8fe4b628-9cb0-4e16-9d7b-1b4755d527a8', 'Can we backport this to the LTS branch?', 'TEXT', 'cf869f21-163a-4c5f-8ec8-8a3841b41ff4', '378804ea-32a2-497f-b05d-8a80b8fb41fa', NULL, '2025-09-19T15:44:00Z', FALSE);
INSERT INTO MESSAGE (ID, CONTENT, CONTENT_TYPE, SENDER_USER_ID, CHANNEL_ID, DIRECT_CONVERSATION_ID, CREATED_AT, DELETED) VALUES ('515dffb1-9f29-429f-8de1-b6ffd6872e77', 'Frontend build is 30% faster now.', 'TEXT', '91aca6c5-4c31-4977-87e1-d46478665c89', 'ec6f7feb-306c-484c-83bb-24fcb6e18068', NULL, '2025-09-19T15:46:00Z', FALSE);
INSERT INTO MESSAGE (ID, CONTENT, CONTENT_TYPE, SENDER_USER_ID, CHANNEL_ID, DIRECT_CONVERSATION_ID, CREATED_AT, DELETED) VALUES ('282d3c61-2c38-4e10-b56b-02637f028767', 'Morning team  standup in 10.', 'TEXT', '49b65d51-1657-4cc9-be4c-bd2cf7fc2825', 'ae38c4b1-33b9-4a55-bf4a-901b77702367', NULL, '2025-09-19T15:48:00Z', FALSE);
INSERT INTO MESSAGE (ID, CONTENT, CONTENT_TYPE, SENDER_USER_ID, CHANNEL_ID, DIRECT_CONVERSATION_ID, CREATED_AT, DELETED) VALUES ('3d44115d-a6a8-4492-97cd-c68f46a0b3d3', 'Frontend build is 30% faster now.', 'TEXT', '7ba43faf-2de0-4a36-aedc-12d14df517c0', 'ae38c4b1-33b9-4a55-bf4a-901b77702367', NULL, '2025-09-19T15:50:00Z', FALSE);
INSERT INTO MESSAGE (ID, CONTENT, CONTENT_TYPE, SENDER_USER_ID, CHANNEL_ID, DIRECT_CONVERSATION_ID, CREATED_AT, DELETED) VALUES ('4b32fa7f-b67a-4ab6-9e3b-c3a939b18669', 'Specs updated in the docs folder.', 'TEXT', '8f1cfd3f-c558-4153-a980-408082fb1a45', '34dfa35e-6752-4cc5-b29e-1f036bbae0df', NULL, '2025-09-19T15:52:00Z', FALSE);
INSERT INTO MESSAGE (ID, CONTENT, CONTENT_TYPE, SENDER_USER_ID, CHANNEL_ID, DIRECT_CONVERSATION_ID, CREATED_AT, DELETED) VALUES ('ffb2923b-d23a-401f-bede-70b5c90fc7ae', 'Security flagged an outdated dependency.', 'TEXT', '0dfbd74c-4e6f-4f54-bd6b-b95305d22a0a', '1fd3c0dd-7ccd-4480-80b9-167df954bc15', NULL, '2025-09-19T15:54:00Z', FALSE);
INSERT INTO MESSAGE (ID, CONTENT, CONTENT_TYPE, SENDER_USER_ID, CHANNEL_ID, DIRECT_CONVERSATION_ID, CREATED_AT, DELETED) VALUES ('697dcb1d-7c85-4b87-8069-229667406350', 'Great job on the demo today!', 'TEXT', 'b8b89a9f-af2c-4060-bdc7-25cf110aae87', '02b5b892-7cfa-48c9-97f5-b0d771bbb0c5', NULL, '2025-09-19T15:56:00Z', FALSE);
INSERT INTO MESSAGE (ID, CONTENT, CONTENT_TYPE, SENDER_USER_ID, CHANNEL_ID, DIRECT_CONVERSATION_ID, CREATED_AT, DELETED) VALUES ('28e4b69f-ee7c-4eb4-bcde-055093de09c2', 'Added metrics for request retries.', 'TEXT', '49b65d51-1657-4cc9-be4c-bd2cf7fc2825', '9d29b9e3-1967-4cd6-95f7-d6f78ced92de', NULL, '2025-09-19T15:58:00Z', FALSE);
INSERT INTO CARD_PRIORITY (ID, PRIORITY_KEY, LABEL, SORT_ORDER, COLOR_HEX) VALUES ('b1f3b3d8-3f5b-4b1d-8b01-2b00b0e35798', 'HIGH', 'High', 0, '#ef4444');
INSERT INTO CARD_PRIORITY (ID, PRIORITY_KEY, LABEL, SORT_ORDER, COLOR_HEX) VALUES ('1f0f4b3e-5b1a-4b9e-9b62-1b1a7d6e6d1b', 'MEDIUM', 'Medium', 1, '#f59e0b');
INSERT INTO CARD_PRIORITY (ID, PRIORITY_KEY, LABEL, SORT_ORDER, COLOR_HEX) VALUES ('a2e0c1b0-9b3e-4b8d-8f2c-5b0c9e2d3b2a', 'LOW', 'Low', 2, '#10b981');